region_code,id,full_name,name1,name2,name3
역삼동-6035,6035,서울특별시 강남구 역삼동,서울특별시,강남구,역삼동
대치동-6032,6032,서울특별시 강남구 대치동,서울특별시,강남구,대치동
청담동-386,386,서울특별시 강남구 청담동,서울특별시,강남구,청담동
논현동-6031,6031,서울특별시 강남구 논현동,서울특별시,강남구,논현동
압구정동-385,385,서울특별시 강남구 압구정동,서울특별시,강남구,압구정동
삼성동-6034,6034,서울특별시 강남구 삼성동,서울특별시,강남구,삼성동
역삼1동-392,392,서울특별시 강남구 역삼1동,서울특별시,강남구,역삼1동
신사동-382,382,서울특별시 강남구 신사동,서울특별시,강남구,신사동
역삼2동-393,393,서울특별시 강남구 역삼2동,서울특별시,강남구,역삼2동
개포동-6030,6030,서울특별시 강남구 개포동,서울특별시,강남구,개포동
도곡동-6033,6033,서울특별시 강남구 도곡동,서울특별시,강남구,도곡동
논현1동-383,383,서울특별시 강남구 논현1동,서울특별시,강남구,논현1동
대치1동-389,389,서울특별시 강남구 대치1동,서울특별시,강남구,대치1동
자곡동-6038,6038,서울특별시 강남구 자곡동,서울특별시,강남구,자곡동
삼성2동-388,388,서울특별시 강남구 삼성2동,서울특별시,강남구,삼성2동
대치4동-391,391,서울특별시 강남구 대치4동,서울특별시,강남구,대치4동
일원동-6037,6037,서울특별시 강남구 일원동,서울특별시,강남구,일원동
삼성1동-387,387,서울특별시 강남구 삼성1동,서울특별시,강남구,삼성1동
대치2동-390,390,서울특별시 강남구 대치2동,서울특별시,강남구,대치2동
개포1동-396,396,서울특별시 강남구 개포1동,서울특별시,강남구,개포1동
도곡1동-394,394,서울특별시 강남구 도곡1동,서울특별시,강남구,도곡1동
논현2동-384,384,서울특별시 강남구 논현2동,서울특별시,강남구,논현2동
개포4동-398,398,서울특별시 강남구 개포4동,서울특별시,강남구,개포4동
세곡동-399,399,서울특별시 강남구 세곡동,서울특별시,강남구,세곡동
수서동-403,403,서울특별시 강남구 수서동,서울특별시,강남구,수서동
개포2동-397,397,서울특별시 강남구 개포2동,서울특별시,강남구,개포2동
개포3동-402,402,서울특별시 강남구 개포3동,서울특별시,강남구,개포3동
도곡2동-395,395,서울특별시 강남구 도곡2동,서울특별시,강남구,도곡2동
일원본동-400,400,서울특별시 강남구 일원본동,서울특별시,강남구,일원본동
일원1동-401,401,서울특별시 강남구 일원1동,서울특별시,강남구,일원1동
율현동-6036,6036,서울특별시 강남구 율현동,서울특별시,강남구,율현동
길동-448,448,서울특별시 강동구 길동,서울특별시,강동구,길동
천호동-6044,6044,서울특별시 강동구 천호동,서울특별시,강동구,천호동
상일동-434,434,서울특별시 강동구 상일동,서울특별시,강동구,상일동
성내동-6042,6042,서울특별시 강동구 성내동,서울특별시,강동구,성내동
강일동-433,433,서울특별시 강동구 강일동,서울특별시,강동구,강일동
암사동-6043,6043,서울특별시 강동구 암사동,서울특별시,강동구,암사동
둔촌동-6040,6040,서울특별시 강동구 둔촌동,서울특별시,강동구,둔촌동
고덕동-6039,6039,서울특별시 강동구 고덕동,서울특별시,강동구,고덕동
명일동-6041,6041,서울특별시 강동구 명일동,서울특별시,강동구,명일동
천호제1동-442,442,서울특별시 강동구 천호제1동,서울특별시,강동구,천호제1동
천호제3동-444,444,서울특별시 강동구 천호제3동,서울특별시,강동구,천호제3동
천호제2동-443,443,서울특별시 강동구 천호제2동,서울특별시,강동구,천호제2동
성내제2동-446,446,서울특별시 강동구 성내제2동,서울특별시,강동구,성내제2동
암사제1동-439,439,서울특별시 강동구 암사제1동,서울특별시,강동구,암사제1동
성내제3동-447,447,서울특별시 강동구 성내제3동,서울특별시,강동구,성내제3동
명일제1동-435,435,서울특별시 강동구 명일제1동,서울특별시,강동구,명일제1동
고덕제1동-437,437,서울특별시 강동구 고덕제1동,서울특별시,강동구,고덕제1동
둔촌제2동-450,450,서울특별시 강동구 둔촌제2동,서울특별시,강동구,둔촌제2동
암사제3동-441,441,서울특별시 강동구 암사제3동,서울특별시,강동구,암사제3동
성내제1동-445,445,서울특별시 강동구 성내제1동,서울특별시,강동구,성내제1동
고덕제2동-438,438,서울특별시 강동구 고덕제2동,서울특별시,강동구,고덕제2동
암사제2동-440,440,서울특별시 강동구 암사제2동,서울특별시,강동구,암사제2동
명일제2동-436,436,서울특별시 강동구 명일제2동,서울특별시,강동구,명일제2동
둔촌제1동-449,449,서울특별시 강동구 둔촌제1동,서울특별시,강동구,둔촌제1동
미아동-142,142,서울특별시 강북구 미아동,서울특별시,강북구,미아동
수유동-6046,6046,서울특별시 강북구 수유동,서울특별시,강북구,수유동
삼각산동-145,145,서울특별시 강북구 삼각산동,서울특별시,강북구,삼각산동
수유3동-151,151,서울특별시 강북구 수유3동,서울특별시,강북구,수유3동
수유2동-150,150,서울특별시 강북구 수유2동,서울특별시,강북구,수유2동
수유1동-149,149,서울특별시 강북구 수유1동,서울특별시,강북구,수유1동
삼양동-141,141,서울특별시 강북구 삼양동,서울특별시,강북구,삼양동
번동-6045,6045,서울특별시 강북구 번동,서울특별시,강북구,번동
번1동-146,146,서울특별시 강북구 번1동,서울특별시,강북구,번1동
인수동-153,153,서울특별시 강북구 인수동,서울특별시,강북구,인수동
송중동-143,143,서울특별시 강북구 송중동,서울특별시,강북구,송중동
송천동-144,144,서울특별시 강북구 송천동,서울특별시,강북구,송천동
우이동-152,152,서울특별시 강북구 우이동,서울특별시,강북구,우이동
번3동-148,148,서울특별시 강북구 번3동,서울특별시,강북구,번3동
번2동-147,147,서울특별시 강북구 번2동,서울특별시,강북구,번2동
화곡동-6057,6057,서울특별시 강서구 화곡동,서울특별시,강서구,화곡동
마곡동-6052,6052,서울특별시 강서구 마곡동,서울특별시,강서구,마곡동
명지동-5873,5873,부산광역시 강서구 명지동,부산광역시,강서구,명지동
염창동-258,258,서울특별시 강서구 염창동,서울특별시,강서구,염창동
내발산동-6050,6050,서울특별시 강서구 내발산동,서울특별시,강서구,내발산동
등촌동-6051,6051,서울특별시 강서구 등촌동,서울특별시,강서구,등촌동
방화동-6053,6053,서울특별시 강서구 방화동,서울특별시,강서구,방화동
우장산동-273,273,서울특별시 강서구 우장산동,서울특별시,강서구,우장산동
화곡제1동-262,262,서울특별시 강서구 화곡제1동,서울특별시,강서구,화곡제1동
명지1동-628,628,부산광역시 강서구 명지1동,부산광역시,강서구,명지1동
명지2동-4211,4211,부산광역시 강서구 명지2동,부산광역시,강서구,명지2동
가양동-6047,6047,서울특별시 강서구 가양동,서울특별시,강서구,가양동
화곡본동-266,266,서울특별시 강서구 화곡본동,서울특별시,강서구,화곡본동
등촌제3동-261,261,서울특별시 강서구 등촌제3동,서울특별시,강서구,등촌제3동
공항동-274,274,서울특별시 강서구 공항동,서울특별시,강서구,공항동
신호동-5881,5881,부산광역시 강서구 신호동,부산광역시,강서구,신호동
화곡제6동-267,267,서울특별시 강서구 화곡제6동,서울특별시,강서구,화곡제6동
방화제1동-275,275,서울특별시 강서구 방화제1동,서울특별시,강서구,방화제1동
화곡제8동-268,268,서울특별시 강서구 화곡제8동,서울특별시,강서구,화곡제8동
화곡제4동-265,265,서울특별시 강서구 화곡제4동,서울특별시,강서구,화곡제4동
화곡제3동-264,264,서울특별시 강서구 화곡제3동,서울특별시,강서구,화곡제3동
발산제1동-272,272,서울특별시 강서구 발산제1동,서울특별시,강서구,발산제1동
등촌제1동-259,259,서울특별시 강서구 등촌제1동,서울특별시,강서구,등촌제1동
화곡제2동-263,263,서울특별시 강서구 화곡제2동,서울특별시,강서구,화곡제2동
지사동-5884,5884,부산광역시 강서구 지사동,부산광역시,강서구,지사동
가양제1동-269,269,서울특별시 강서구 가양제1동,서울특별시,강서구,가양제1동
등촌제2동-260,260,서울특별시 강서구 등촌제2동,서울특별시,강서구,등촌제2동
방화제2동-276,276,서울특별시 강서구 방화제2동,서울특별시,강서구,방화제2동
대저2동-626,626,부산광역시 강서구 대저2동,부산광역시,강서구,대저2동
강동동-627,627,부산광역시 강서구 강동동,부산광역시,강서구,강동동
가양제3동-271,271,서울특별시 강서구 가양제3동,서울특별시,강서구,가양제3동
방화제3동-277,277,서울특별시 강서구 방화제3동,서울특별시,강서구,방화제3동
송정동-5879,5879,부산광역시 강서구 송정동,부산광역시,강서구,송정동
대저1동-625,625,부산광역시 강서구 대저1동,부산광역시,강서구,대저1동
가양제2동-270,270,서울특별시 강서구 가양제2동,서울특별시,강서구,가양제2동
화전동-5886,5886,부산광역시 강서구 화전동,부산광역시,강서구,화전동
외발산동-6056,6056,서울특별시 강서구 외발산동,서울특별시,강서구,외발산동
녹산동-630,630,부산광역시 강서구 녹산동,부산광역시,강서구,녹산동
미음동-5874,5874,부산광역시 강서구 미음동,부산광역시,강서구,미음동
개화동-6048,6048,서울특별시 강서구 개화동,서울특별시,강서구,개화동
범방동-5875,5875,부산광역시 강서구 범방동,부산광역시,강서구,범방동
가덕도동-631,631,부산광역시 강서구 가덕도동,부산광역시,강서구,가덕도동
생곡동-5877,5877,부산광역시 강서구 생곡동,부산광역시,강서구,생곡동
구랑동-5869,5869,부산광역시 강서구 구랑동,부산광역시,강서구,구랑동
가락동-629,629,부산광역시 강서구 가락동,부산광역시,강서구,가락동
성북동-5878,5878,부산광역시 강서구 성북동,부산광역시,강서구,성북동
봉림동-5876,5876,부산광역시 강서구 봉림동,부산광역시,강서구,봉림동
오곡동-6054,6054,서울특별시 강서구 오곡동,서울특별시,강서구,오곡동
식만동-5880,5880,부산광역시 강서구 식만동,부산광역시,강서구,식만동
죽동동-5882,5882,부산광역시 강서구 죽동동,부산광역시,강서구,죽동동
과해동-6049,6049,서울특별시 강서구 과해동,서울특별시,강서구,과해동
죽림동-5883,5883,부산광역시 강서구 죽림동,부산광역시,강서구,죽림동
오쇠동-6055,6055,서울특별시 강서구 오쇠동,서울특별시,강서구,오쇠동
천성동-5885,5885,부산광역시 강서구 천성동,부산광역시,강서구,천성동
눌차동-5870,5870,부산광역시 강서구 눌차동,부산광역시,강서구,눌차동
대항동-5871,5871,부산광역시 강서구 대항동,부산광역시,강서구,대항동
동선동-5872,5872,부산광역시 강서구 동선동,부산광역시,강서구,동선동
신림동-355,355,서울특별시 관악구 신림동,서울특별시,관악구,신림동
봉천동-6058,6058,서울특별시 관악구 봉천동,서울특별시,관악구,봉천동
대학동-358,358,서울특별시 관악구 대학동,서울특별시,관악구,대학동
낙성대동-345,345,서울특별시 관악구 낙성대동,서울특별시,관악구,낙성대동
난곡동-361,361,서울특별시 관악구 난곡동,서울특별시,관악구,난곡동
행운동-344,344,서울특별시 관악구 행운동,서울특별시,관악구,행운동
은천동-347,347,서울특별시 관악구 은천동,서울특별시,관악구,은천동
인헌동-349,349,서울특별시 관악구 인헌동,서울특별시,관악구,인헌동
남현동-350,350,서울특별시 관악구 남현동,서울특별시,관악구,남현동
조원동-357,357,서울특별시 관악구 조원동,서울특별시,관악구,조원동
청룡동-346,346,서울특별시 관악구 청룡동,서울특별시,관악구,청룡동
성현동-343,343,서울특별시 관악구 성현동,서울특별시,관악구,성현동
서림동-353,353,서울특별시 관악구 서림동,서울특별시,관악구,서림동
미성동-360,360,서울특별시 관악구 미성동,서울특별시,관악구,미성동
보라매동-341,341,서울특별시 관악구 보라매동,서울특별시,관악구,보라매동
서원동-351,351,서울특별시 관악구 서원동,서울특별시,관악구,서원동
신사동-354,354,서울특별시 관악구 신사동,서울특별시,관악구,신사동
삼성동-359,359,서울특별시 관악구 삼성동,서울특별시,관악구,삼성동
중앙동-348,348,서울특별시 관악구 중앙동,서울특별시,관악구,중앙동
난향동-356,356,서울특별시 관악구 난향동,서울특별시,관악구,난향동
청림동-342,342,서울특별시 관악구 청림동,서울특별시,관악구,청림동
신원동-352,352,서울특별시 관악구 신원동,서울특별시,관악구,신원동
화양동-72,72,서울특별시 광진구 화양동,서울특별시,광진구,화양동
자양동-6060,6060,서울특별시 광진구 자양동,서울특별시,광진구,자양동
구의동-6059,6059,서울특별시 광진구 구의동,서울특별시,광진구,구의동
광장동-79,79,서울특별시 광진구 광장동,서울특별시,광진구,광장동
중곡동-6061,6061,서울특별시 광진구 중곡동,서울특별시,광진구,중곡동
군자동-73,73,서울특별시 광진구 군자동,서울특별시,광진구,군자동
자양제4동-83,83,서울특별시 광진구 자양제4동,서울특별시,광진구,자양제4동
자양제3동-82,82,서울특별시 광진구 자양제3동,서울특별시,광진구,자양제3동
능동-78,78,서울특별시 광진구 능동,서울특별시,광진구,능동
구의제3동-86,86,서울특별시 광진구 구의제3동,서울특별시,광진구,구의제3동
자양제1동-80,80,서울특별시 광진구 자양제1동,서울특별시,광진구,자양제1동
중곡제4동-77,77,서울특별시 광진구 중곡제4동,서울특별시,광진구,중곡제4동
구의제1동-84,84,서울특별시 광진구 구의제1동,서울특별시,광진구,구의제1동
구의제2동-85,85,서울특별시 광진구 구의제2동,서울특별시,광진구,구의제2동
자양제2동-81,81,서울특별시 광진구 자양제2동,서울특별시,광진구,자양제2동
중곡제1동-74,74,서울특별시 광진구 중곡제1동,서울특별시,광진구,중곡제1동
중곡제2동-75,75,서울특별시 광진구 중곡제2동,서울특별시,광진구,중곡제2동
중곡제3동-76,76,서울특별시 광진구 중곡제3동,서울특별시,광진구,중곡제3동
구로동-6064,6064,서울특별시 구로구 구로동,서울특별시,구로구,구로동
신도림동-279,279,서울특별시 구로구 신도림동,서울특별시,구로구,신도림동
개봉동-6062,6062,서울특별시 구로구 개봉동,서울특별시,구로구,개봉동
오류동-6066,6066,서울특별시 구로구 오류동,서울특별시,구로구,오류동
고척동-6063,6063,서울특별시 구로구 고척동,서울특별시,구로구,고척동
구로제3동-282,282,서울특별시 구로구 구로제3동,서울특별시,구로구,구로제3동
구로제5동-284,284,서울특별시 구로구 구로제5동,서울특별시,구로구,구로제5동
구로제4동-283,283,서울특별시 구로구 구로제4동,서울특별시,구로구,구로제4동
구로제1동-280,280,서울특별시 구로구 구로제1동,서울특별시,구로구,구로제1동
항동-6069,6069,서울특별시 구로구 항동,서울특별시,구로구,항동
개봉제2동-289,289,서울특별시 구로구 개봉제2동,서울특별시,구로구,개봉제2동
천왕동-6068,6068,서울특별시 구로구 천왕동,서울특별시,구로구,천왕동
개봉제1동-288,288,서울특별시 구로구 개봉제1동,서울특별시,구로구,개봉제1동
가리봉동-285,285,서울특별시 구로구 가리봉동,서울특별시,구로구,가리봉동
고척제1동-286,286,서울특별시 구로구 고척제1동,서울특별시,구로구,고척제1동
구로제2동-281,281,서울특별시 구로구 구로제2동,서울특별시,구로구,구로제2동
개봉제3동-290,290,서울특별시 구로구 개봉제3동,서울특별시,구로구,개봉제3동
고척제2동-287,287,서울특별시 구로구 고척제2동,서울특별시,구로구,고척제2동
오류제1동-291,291,서울특별시 구로구 오류제1동,서울특별시,구로구,오류제1동
오류제2동-292,292,서울특별시 구로구 오류제2동,서울특별시,구로구,오류제2동
온수동-6067,6067,서울특별시 구로구 온수동,서울특별시,구로구,온수동
궁동-6065,6065,서울특별시 구로구 궁동,서울특별시,구로구,궁동
수궁동-293,293,서울특별시 구로구 수궁동,서울특별시,구로구,수궁동
가산동-295,295,서울특별시 금천구 가산동,서울특별시,금천구,가산동
독산동-6070,6070,서울특별시 금천구 독산동,서울특별시,금천구,독산동
시흥동-6071,6071,서울특별시 금천구 시흥동,서울특별시,금천구,시흥동
독산제3동-298,298,서울특별시 금천구 독산제3동,서울특별시,금천구,독산제3동
시흥제1동-300,300,서울특별시 금천구 시흥제1동,서울특별시,금천구,시흥제1동
독산제1동-296,296,서울특별시 금천구 독산제1동,서울특별시,금천구,독산제1동
시흥제4동-303,303,서울특별시 금천구 시흥제4동,서울특별시,금천구,시흥제4동
독산제4동-299,299,서울특별시 금천구 독산제4동,서울특별시,금천구,독산제4동
독산제2동-297,297,서울특별시 금천구 독산제2동,서울특별시,금천구,독산제2동
시흥제2동-301,301,서울특별시 금천구 시흥제2동,서울특별시,금천구,시흥제2동
시흥제5동-304,304,서울특별시 금천구 시흥제5동,서울특별시,금천구,시흥제5동
시흥제3동-302,302,서울특별시 금천구 시흥제3동,서울특별시,금천구,시흥제3동
상계동-6073,6073,서울특별시 노원구 상계동,서울특별시,노원구,상계동
공릉동-6072,6072,서울특별시 노원구 공릉동,서울특별시,노원구,공릉동
상계6.7동-185,185,서울특별시 노원구 상계6.7동,서울특별시,노원구,상계6.7동
중계동-6075,6075,서울특별시 노원구 중계동,서울특별시,노원구,중계동
월계동-6074,6074,서울특별시 노원구 월계동,서울특별시,노원구,월계동
상계1동-181,181,서울특별시 노원구 상계1동,서울특별시,노원구,상계1동
공릉1동-173,173,서울특별시 노원구 공릉1동,서울특별시,노원구,공릉1동
중계2.3동-180,180,서울특별시 노원구 중계2.3동,서울특별시,노원구,중계2.3동
공릉2동-174,174,서울특별시 노원구 공릉2동,서울특별시,노원구,공릉2동
하계동-6076,6076,서울특별시 노원구 하계동,서울특별시,노원구,하계동
상계8동-186,186,서울특별시 노원구 상계8동,서울특별시,노원구,상계8동
중계4동-179,179,서울특별시 노원구 중계4동,서울특별시,노원구,중계4동
중계1동-178,178,서울특별시 노원구 중계1동,서울특별시,노원구,중계1동
상계10동-188,188,서울특별시 노원구 상계10동,서울특별시,노원구,상계10동
중계본동-177,177,서울특별시 노원구 중계본동,서울특별시,노원구,중계본동
상계5동-184,184,서울특별시 노원구 상계5동,서울특별시,노원구,상계5동
상계3.4동-183,183,서울특별시 노원구 상계3.4동,서울특별시,노원구,상계3.4동
상계2동-182,182,서울특별시 노원구 상계2동,서울특별시,노원구,상계2동
월계3동-172,172,서울특별시 노원구 월계3동,서울특별시,노원구,월계3동
상계9동-187,187,서울특별시 노원구 상계9동,서울특별시,노원구,상계9동
월계1동-170,170,서울특별시 노원구 월계1동,서울특별시,노원구,월계1동
하계1동-175,175,서울특별시 노원구 하계1동,서울특별시,노원구,하계1동
하계2동-176,176,서울특별시 노원구 하계2동,서울특별시,노원구,하계2동
월계2동-171,171,서울특별시 노원구 월계2동,서울특별시,노원구,월계2동
창동-6080,6080,서울특별시 도봉구 창동,서울특별시,도봉구,창동
쌍문동-6079,6079,서울특별시 도봉구 쌍문동,서울특별시,도봉구,쌍문동
방학동-6078,6078,서울특별시 도봉구 방학동,서울특별시,도봉구,방학동
창제2동-156,156,서울특별시 도봉구 창제2동,서울특별시,도봉구,창제2동
도봉동-6077,6077,서울특별시 도봉구 도봉동,서울특별시,도봉구,도봉동
방학제1동-166,166,서울특별시 도봉구 방학제1동,서울특별시,도봉구,방학제1동
창제5동-159,159,서울특별시 도봉구 창제5동,서울특별시,도봉구,창제5동
창제4동-158,158,서울특별시 도봉구 창제4동,서울특별시,도봉구,창제4동
방학제3동-168,168,서울특별시 도봉구 방학제3동,서울특별시,도봉구,방학제3동
도봉제1동-160,160,서울특별시 도봉구 도봉제1동,서울특별시,도봉구,도봉제1동
쌍문제2동-163,163,서울특별시 도봉구 쌍문제2동,서울특별시,도봉구,쌍문제2동
도봉제2동-161,161,서울특별시 도봉구 도봉제2동,서울특별시,도봉구,도봉제2동
쌍문제3동-164,164,서울특별시 도봉구 쌍문제3동,서울특별시,도봉구,쌍문제3동
쌍문제4동-165,165,서울특별시 도봉구 쌍문제4동,서울특별시,도봉구,쌍문제4동
창제1동-155,155,서울특별시 도봉구 창제1동,서울특별시,도봉구,창제1동
방학제2동-167,167,서울특별시 도봉구 방학제2동,서울특별시,도봉구,방학제2동
창제3동-157,157,서울특별시 도봉구 창제3동,서울특별시,도봉구,창제3동
쌍문제1동-162,162,서울특별시 도봉구 쌍문제1동,서울특별시,도봉구,쌍문제1동
장안동-6085,6085,서울특별시 동대문구 장안동,서울특별시,동대문구,장안동
이문동-6084,6084,서울특별시 동대문구 이문동,서울특별시,동대문구,이문동
답십리동-6081,6081,서울특별시 동대문구 답십리동,서울특별시,동대문구,답십리동
휘경동-6087,6087,서울특별시 동대문구 휘경동,서울특별시,동대문구,휘경동
전농동-6086,6086,서울특별시 동대문구 전농동,서울특별시,동대문구,전농동
용두동-6083,6083,서울특별시 동대문구 용두동,서울특별시,동대문구,용두동
제기동-89,89,서울특별시 동대문구 제기동,서울특별시,동대문구,제기동
회기동-97,97,서울특별시 동대문구 회기동,서울특별시,동대문구,회기동
청량리동-96,96,서울특별시 동대문구 청량리동,서울특별시,동대문구,청량리동
장안제1동-94,94,서울특별시 동대문구 장안제1동,서울특별시,동대문구,장안제1동
장안제2동-95,95,서울특별시 동대문구 장안제2동,서울특별시,동대문구,장안제2동
답십리제1동-92,92,서울특별시 동대문구 답십리제1동,서울특별시,동대문구,답십리제1동
전농제1동-90,90,서울특별시 동대문구 전농제1동,서울특별시,동대문구,전농제1동
신설동-6082,6082,서울특별시 동대문구 신설동,서울특별시,동대문구,신설동
답십리제2동-93,93,서울특별시 동대문구 답십리제2동,서울특별시,동대문구,답십리제2동
용신동-88,88,서울특별시 동대문구 용신동,서울특별시,동대문구,용신동
전농제2동-91,91,서울특별시 동대문구 전농제2동,서울특별시,동대문구,전농제2동
이문제2동-101,101,서울특별시 동대문구 이문제2동,서울특별시,동대문구,이문제2동
휘경제2동-99,99,서울특별시 동대문구 휘경제2동,서울특별시,동대문구,휘경제2동
이문제1동-100,100,서울특별시 동대문구 이문제1동,서울특별시,동대문구,이문제1동
휘경제1동-98,98,서울특별시 동대문구 휘경제1동,서울특별시,동대문구,휘경제1동
상도동-6093,6093,서울특별시 동작구 상도동,서울특별시,동작구,상도동
사당동-6091,6091,서울특별시 동작구 사당동,서울특별시,동작구,사당동
대방동-337,337,서울특별시 동작구 대방동,서울특별시,동작구,대방동
흑석동-331,331,서울특별시 동작구 흑석동,서울특별시,동작구,흑석동
노량진동-6088,6088,서울특별시 동작구 노량진동,서울특별시,동작구,노량진동
신대방동-6094,6094,서울특별시 동작구 신대방동,서울특별시,동작구,신대방동
상도제1동-327,327,서울특별시 동작구 상도제1동,서울특별시,동작구,상도제1동
사당제2동-333,333,서울특별시 동작구 사당제2동,서울특별시,동작구,사당제2동
사당제1동-332,332,서울특별시 동작구 사당제1동,서울특별시,동작구,사당제1동
신대방제2동-339,339,서울특별시 동작구 신대방제2동,서울특별시,동작구,신대방제2동
상도제3동-329,329,서울특별시 동작구 상도제3동,서울특별시,동작구,상도제3동
상도제4동-330,330,서울특별시 동작구 상도제4동,서울특별시,동작구,상도제4동
상도1동-6092,6092,서울특별시 동작구 상도1동,서울특별시,동작구,상도1동
노량진제1동-325,325,서울특별시 동작구 노량진제1동,서울특별시,동작구,노량진제1동
신대방제1동-338,338,서울특별시 동작구 신대방제1동,서울특별시,동작구,신대방제1동
사당제3동-334,334,서울특별시 동작구 사당제3동,서울특별시,동작구,사당제3동
상도제2동-328,328,서울특별시 동작구 상도제2동,서울특별시,동작구,상도제2동
본동-6090,6090,서울특별시 동작구 본동,서울특별시,동작구,본동
사당제5동-336,336,서울특별시 동작구 사당제5동,서울특별시,동작구,사당제5동
사당제4동-335,335,서울특별시 동작구 사당제4동,서울특별시,동작구,사당제4동
노량진제2동-326,326,서울특별시 동작구 노량진제2동,서울특별시,동작구,노량진제2동
동작동-6089,6089,서울특별시 동작구 동작동,서울특별시,동작구,동작동
상암동-237,237,서울특별시 마포구 상암동,서울특별시,마포구,상암동
서교동-230,230,서울특별시 마포구 서교동,서울특별시,마포구,서교동
공덕동-223,223,서울특별시 마포구 공덕동,서울특별시,마포구,공덕동
합정동-231,231,서울특별시 마포구 합정동,서울특별시,마포구,합정동
성산동-6102,6102,서울특별시 마포구 성산동,서울특별시,마포구,성산동
아현동-222,222,서울특별시 마포구 아현동,서울특별시,마포구,아현동
망원동-6100,6100,서울특별시 마포구 망원동,서울특별시,마포구,망원동
도화동-224,224,서울특별시 마포구 도화동,서울특별시,마포구,도화동
연남동-234,234,서울특별시 마포구 연남동,서울특별시,마포구,연남동
대흥동-226,226,서울특별시 마포구 대흥동,서울특별시,마포구,대흥동
동교동-6098,6098,서울특별시 마포구 동교동,서울특별시,마포구,동교동
염리동-227,227,서울특별시 마포구 염리동,서울특별시,마포구,염리동
신수동-228,228,서울특별시 마포구 신수동,서울특별시,마포구,신수동
성산제2동-236,236,서울특별시 마포구 성산제2동,서울특별시,마포구,성산제2동
노고산동-6096,6096,서울특별시 마포구 노고산동,서울특별시,마포구,노고산동
창전동-6106,6106,서울특별시 마포구 창전동,서울특별시,마포구,창전동
상수동-6101,6101,서울특별시 마포구 상수동,서울특별시,마포구,상수동
성산제1동-235,235,서울특별시 마포구 성산제1동,서울특별시,마포구,성산제1동
신공덕동-6103,6103,서울특별시 마포구 신공덕동,서울특별시,마포구,신공덕동
망원제1동-232,232,서울특별시 마포구 망원제1동,서울특별시,마포구,망원제1동
용강동-225,225,서울특별시 마포구 용강동,서울특별시,마포구,용강동
망원제2동-233,233,서울특별시 마포구 망원제2동,서울특별시,마포구,망원제2동
서강동-229,229,서울특별시 마포구 서강동,서울특별시,마포구,서강동
중동-6105,6105,서울특별시 마포구 중동,서울특별시,마포구,중동
마포동-6099,6099,서울특별시 마포구 마포동,서울특별시,마포구,마포동
현석동-6109,6109,서울특별시 마포구 현석동,서울특별시,마포구,현석동
신정동-6104,6104,서울특별시 마포구 신정동,서울특별시,마포구,신정동
하중동-6108,6108,서울특별시 마포구 하중동,서울특별시,마포구,하중동
구수동-6095,6095,서울특별시 마포구 구수동,서울특별시,마포구,구수동
토정동-6107,6107,서울특별시 마포구 토정동,서울특별시,마포구,토정동
당인동-6097,6097,서울특별시 마포구 당인동,서울특별시,마포구,당인동
연희동-211,211,서울특별시 서대문구 연희동,서울특별시,서대문구,연희동
남가좌동-6110,6110,서울특별시 서대문구 남가좌동,서울특별시,서대문구,남가좌동
홍제동-6125,6125,서울특별시 서대문구 홍제동,서울특별시,서대문구,홍제동
홍은동-6124,6124,서울특별시 서대문구 홍은동,서울특별시,서대문구,홍은동
창천동-6119,6119,서울특별시 서대문구 창천동,서울특별시,서대문구,창천동
북가좌동-6116,6116,서울특별시 서대문구 북가좌동,서울특별시,서대문구,북가좌동
북아현동-208,208,서울특별시 서대문구 북아현동,서울특별시,서대문구,북아현동
대현동-6113,6113,서울특별시 서대문구 대현동,서울특별시,서대문구,대현동
신촌동-210,210,서울특별시 서대문구 신촌동,서울특별시,서대문구,신촌동
북가좌제2동-220,220,서울특별시 서대문구 북가좌제2동,서울특별시,서대문구,북가좌제2동
홍은제2동-216,216,서울특별시 서대문구 홍은제2동,서울특별시,서대문구,홍은제2동
남가좌제2동-218,218,서울특별시 서대문구 남가좌제2동,서울특별시,서대문구,남가좌제2동
홍제제1동-212,212,서울특별시 서대문구 홍제제1동,서울특별시,서대문구,홍제제1동
홍제제3동-213,213,서울특별시 서대문구 홍제제3동,서울특별시,서대문구,홍제제3동
북가좌제1동-219,219,서울특별시 서대문구 북가좌제1동,서울특별시,서대문구,북가좌제1동
홍은제1동-215,215,서울특별시 서대문구 홍은제1동,서울특별시,서대문구,홍은제1동
남가좌제1동-217,217,서울특별시 서대문구 남가좌제1동,서울특별시,서대문구,남가좌제1동
홍제제2동-214,214,서울특별시 서대문구 홍제제2동,서울특별시,서대문구,홍제제2동
충정로3가-6121,6121,서울특별시 서대문구 충정로3가,서울특별시,서대문구,충정로3가
대신동-6112,6112,서울특별시 서대문구 대신동,서울특별시,서대문구,대신동
천연동-207,207,서울특별시 서대문구 천연동,서울특별시,서대문구,천연동
충현동-209,209,서울특별시 서대문구 충현동,서울특별시,서대문구,충현동
현저동-6123,6123,서울특별시 서대문구 현저동,서울특별시,서대문구,현저동
냉천동-6111,6111,서울특별시 서대문구 냉천동,서울특별시,서대문구,냉천동
영천동-6117,6117,서울특별시 서대문구 영천동,서울특별시,서대문구,영천동
충정로2가-6120,6120,서울특별시 서대문구 충정로2가,서울특별시,서대문구,충정로2가
합동-6122,6122,서울특별시 서대문구 합동,서울특별시,서대문구,합동
미근동-6114,6114,서울특별시 서대문구 미근동,서울특별시,서대문구,미근동
옥천동-6118,6118,서울특별시 서대문구 옥천동,서울특별시,서대문구,옥천동
봉원동-6115,6115,서울특별시 서대문구 봉원동,서울특별시,서대문구,봉원동
서초동-6128,6128,서울특별시 서초구 서초동,서울특별시,서초구,서초동
잠원동-367,367,서울특별시 서초구 잠원동,서울특별시,서초구,잠원동
반포동-6126,6126,서울특별시 서초구 반포동,서울특별시,서초구,반포동
방배동-6127,6127,서울특별시 서초구 방배동,서울특별시,서초구,방배동
양재동-6130,6130,서울특별시 서초구 양재동,서울특별시,서초구,양재동
서초2동-364,364,서울특별시 서초구 서초2동,서울특별시,서초구,서초2동
서초1동-363,363,서울특별시 서초구 서초1동,서울특별시,서초구,서초1동
서초4동-366,366,서울특별시 서초구 서초4동,서울특별시,서초구,서초4동
서초3동-365,365,서울특별시 서초구 서초3동,서울특별시,서초구,서초3동
반포1동-369,369,서울특별시 서초구 반포1동,서울특별시,서초구,반포1동
우면동-6132,6132,서울특별시 서초구 우면동,서울특별시,서초구,우면동
방배본동-373,373,서울특별시 서초구 방배본동,서울특별시,서초구,방배본동
양재2동-379,379,서울특별시 서초구 양재2동,서울특별시,서초구,양재2동
반포본동-368,368,서울특별시 서초구 반포본동,서울특별시,서초구,반포본동
반포4동-372,372,서울특별시 서초구 반포4동,서울특별시,서초구,반포4동
방배4동-377,377,서울특별시 서초구 방배4동,서울특별시,서초구,방배4동
반포3동-371,371,서울특별시 서초구 반포3동,서울특별시,서초구,반포3동
반포2동-370,370,서울특별시 서초구 반포2동,서울특별시,서초구,반포2동
방배2동-375,375,서울특별시 서초구 방배2동,서울특별시,서초구,방배2동
양재1동-378,378,서울특별시 서초구 양재1동,서울특별시,서초구,양재1동
방배1동-374,374,서울특별시 서초구 방배1동,서울특별시,서초구,방배1동
방배3동-376,376,서울특별시 서초구 방배3동,서울특별시,서초구,방배3동
내곡동-380,380,서울특별시 서초구 내곡동,서울특별시,서초구,내곡동
신원동-6129,6129,서울특별시 서초구 신원동,서울특별시,서초구,신원동
원지동-6133,6133,서울특별시 서초구 원지동,서울특별시,서초구,원지동
염곡동-6131,6131,서울특별시 서초구 염곡동,서울특별시,서초구,염곡동
행당동-6143,6143,서울특별시 성동구 행당동,서울특별시,성동구,행당동
옥수동-64,64,서울특별시 성동구 옥수동,서울특별시,성동구,옥수동
성수동2가-6141,6141,서울특별시 성동구 성수동2가,서울특별시,성동구,성수동2가
성수동1가-6140,6140,서울특별시 성동구 성수동1가,서울특별시,성동구,성수동1가
마장동-56,56,서울특별시 성동구 마장동,서울특별시,성동구,마장동
용답동-70,70,서울특별시 성동구 용답동,서울특별시,성동구,용답동
하왕십리동-6142,6142,서울특별시 성동구 하왕십리동,서울특별시,성동구,하왕십리동
사근동-57,57,서울특별시 성동구 사근동,서울특별시,성동구,사근동
왕십리도선동-55,55,서울특별시 성동구 왕십리도선동,서울특별시,성동구,왕십리도선동
응봉동-60,60,서울특별시 성동구 응봉동,서울특별시,성동구,응봉동
성수2가제1동-67,67,서울특별시 성동구 성수2가제1동,서울특별시,성동구,성수2가제1동
성수1가제2동-66,66,서울특별시 성동구 성수1가제2동,서울특별시,성동구,성수1가제2동
성수1가제1동-65,65,서울특별시 성동구 성수1가제1동,서울특별시,성동구,성수1가제1동
행당제2동-59,59,서울특별시 성동구 행당제2동,서울특별시,성동구,행당제2동
성수2가제3동-68,68,서울특별시 성동구 성수2가제3동,서울특별시,성동구,성수2가제3동
송정동-69,69,서울특별시 성동구 송정동,서울특별시,성동구,송정동
금호동1가-6134,6134,서울특별시 성동구 금호동1가,서울특별시,성동구,금호동1가
행당제1동-58,58,서울특별시 성동구 행당제1동,서울특별시,성동구,행당제1동
금호2.3가동-62,62,서울특별시 성동구 금호2.3가동,서울특별시,성동구,금호2.3가동
금호동3가-6136,6136,서울특별시 성동구 금호동3가,서울특별시,성동구,금호동3가
왕십리제2동-54,54,서울특별시 성동구 왕십리제2동,서울특별시,성동구,왕십리제2동
상왕십리동-6139,6139,서울특별시 성동구 상왕십리동,서울특별시,성동구,상왕십리동
금호동4가-6137,6137,서울특별시 성동구 금호동4가,서울특별시,성동구,금호동4가
금호4가동-63,63,서울특별시 성동구 금호4가동,서울특별시,성동구,금호4가동
도선동-6138,6138,서울특별시 성동구 도선동,서울특별시,성동구,도선동
금호1가동-61,61,서울특별시 성동구 금호1가동,서울특별시,성동구,금호1가동
금호동2가-6135,6135,서울특별시 성동구 금호동2가,서울특별시,성동구,금호동2가
홍익동-6144,6144,서울특별시 성동구 홍익동,서울특별시,성동구,홍익동
종암동-133,133,서울특별시 성북구 종암동,서울특별시,성북구,종암동
길음동-6145,6145,서울특별시 성북구 길음동,서울특별시,성북구,길음동
석관동-139,139,서울특별시 성북구 석관동,서울특별시,성북구,석관동
장위동-6178,6178,서울특별시 성북구 장위동,서울특별시,성북구,장위동
하월곡동-6180,6180,서울특별시 성북구 하월곡동,서울특별시,성북구,하월곡동
정릉동-6179,6179,서울특별시 성북구 정릉동,서울특별시,성북구,정릉동
돈암동-6146,6146,서울특별시 성북구 돈암동,서울특별시,성북구,돈암동
정릉제2동-128,128,서울특별시 성북구 정릉제2동,서울특별시,성북구,정릉제2동
정릉제4동-130,130,서울특별시 성북구 정릉제4동,서울특별시,성북구,정릉제4동
안암동-125,125,서울특별시 성북구 안암동,서울특별시,성북구,안암동
성북동-120,120,서울특별시 성북구 성북동,서울특별시,성북구,성북동
길음제1동-131,131,서울특별시 성북구 길음제1동,서울특별시,성북구,길음제1동
정릉제3동-129,129,서울특별시 성북구 정릉제3동,서울특별시,성북구,정릉제3동
안암동5가-6177,6177,서울특별시 성북구 안암동5가,서울특별시,성북구,안암동5가
장위제1동-136,136,서울특별시 성북구 장위제1동,서울특별시,성북구,장위제1동
길음제2동-132,132,서울특별시 성북구 길음제2동,서울특별시,성북구,길음제2동
상월곡동-6171,6171,서울특별시 성북구 상월곡동,서울특별시,성북구,상월곡동
돈암제2동-124,124,서울특별시 성북구 돈암제2동,서울특별시,성북구,돈암제2동
월곡제1동-134,134,서울특별시 성북구 월곡제1동,서울특별시,성북구,월곡제1동
정릉제1동-127,127,서울특별시 성북구 정릉제1동,서울특별시,성북구,정릉제1동
삼선동-121,121,서울특별시 성북구 삼선동,서울특별시,성북구,삼선동
동선동-122,122,서울특별시 성북구 동선동,서울특별시,성북구,동선동
장위제3동-138,138,서울특별시 성북구 장위제3동,서울특별시,성북구,장위제3동
보문동-126,126,서울특별시 성북구 보문동,서울특별시,성북구,보문동
돈암제1동-123,123,서울특별시 성북구 돈암제1동,서울특별시,성북구,돈암제1동
삼선동2가-6167,6167,서울특별시 성북구 삼선동2가,서울특별시,성북구,삼선동2가
장위제2동-137,137,서울특별시 성북구 장위제2동,서울특별시,성북구,장위제2동
월곡제2동-135,135,서울특별시 성북구 월곡제2동,서울특별시,성북구,월곡제2동
보문동6가-6164,6164,서울특별시 성북구 보문동6가,서울특별시,성북구,보문동6가
동선동2가-6148,6148,서울특별시 성북구 동선동2가,서울특별시,성북구,동선동2가
삼선동5가-6170,6170,서울특별시 성북구 삼선동5가,서울특별시,성북구,삼선동5가
동선동1가-6147,6147,서울특별시 성북구 동선동1가,서울특별시,성북구,동선동1가
동소문동4가-6155,6155,서울특별시 성북구 동소문동4가,서울특별시,성북구,동소문동4가
동소문동6가-6157,6157,서울특별시 성북구 동소문동6가,서울특별시,성북구,동소문동6가
삼선동1가-6166,6166,서울특별시 성북구 삼선동1가,서울특별시,성북구,삼선동1가
안암동1가-6173,6173,서울특별시 성북구 안암동1가,서울특별시,성북구,안암동1가
삼선동3가-6168,6168,서울특별시 성북구 삼선동3가,서울특별시,성북구,삼선동3가
안암동3가-6175,6175,서울특별시 성북구 안암동3가,서울특별시,성북구,안암동3가
동선동3가-6149,6149,서울특별시 성북구 동선동3가,서울특별시,성북구,동선동3가
성북동1가-6172,6172,서울특별시 성북구 성북동1가,서울특별시,성북구,성북동1가
안암동2가-6174,6174,서울특별시 성북구 안암동2가,서울특별시,성북구,안암동2가
동소문동7가-6158,6158,서울특별시 성북구 동소문동7가,서울특별시,성북구,동소문동7가
삼선동4가-6169,6169,서울특별시 성북구 삼선동4가,서울특별시,성북구,삼선동4가
동선동4가-6150,6150,서울특별시 성북구 동선동4가,서울특별시,성북구,동선동4가
보문동1가-6159,6159,서울특별시 성북구 보문동1가,서울특별시,성북구,보문동1가
보문동2가-6160,6160,서울특별시 성북구 보문동2가,서울특별시,성북구,보문동2가
동선동5가-6151,6151,서울특별시 성북구 동선동5가,서울특별시,성북구,동선동5가
보문동3가-6161,6161,서울특별시 성북구 보문동3가,서울특별시,성북구,보문동3가
동소문동5가-6156,6156,서울특별시 성북구 동소문동5가,서울특별시,성북구,동소문동5가
동소문동1가-6152,6152,서울특별시 성북구 동소문동1가,서울특별시,성북구,동소문동1가
보문동5가-6163,6163,서울특별시 성북구 보문동5가,서울특별시,성북구,보문동5가
안암동4가-6176,6176,서울특별시 성북구 안암동4가,서울특별시,성북구,안암동4가
보문동7가-6165,6165,서울특별시 성북구 보문동7가,서울특별시,성북구,보문동7가
보문동4가-6162,6162,서울특별시 성북구 보문동4가,서울특별시,성북구,보문동4가
동소문동2가-6153,6153,서울특별시 성북구 동소문동2가,서울특별시,성북구,동소문동2가
동소문동3가-6154,6154,서울특별시 성북구 동소문동3가,서울특별시,성북구,동소문동3가
문정동-6184,6184,서울특별시 송파구 문정동,서울특별시,송파구,문정동
잠실동-6188,6188,서울특별시 송파구 잠실동,서울특별시,송파구,잠실동
석촌동-417,417,서울특별시 송파구 석촌동,서울특별시,송파구,석촌동
위례동-425,425,서울특별시 송파구 위례동,서울특별시,송파구,위례동
오금동-414,414,서울특별시 송파구 오금동,서울특별시,송파구,오금동
삼전동-418,418,서울특별시 송파구 삼전동,서울특별시,송파구,삼전동
잠실본동-426,426,서울특별시 송파구 잠실본동,서울특별시,송파구,잠실본동
잠실2동-427,427,서울특별시 송파구 잠실2동,서울특별시,송파구,잠실2동
가락동-6181,6181,서울특별시 송파구 가락동,서울특별시,송파구,가락동
방이동-6185,6185,서울특별시 송파구 방이동,서울특별시,송파구,방이동
송파동-6186,6186,서울특별시 송파구 송파동,서울특별시,송파구,송파동
잠실3동-428,428,서울특별시 송파구 잠실3동,서울특별시,송파구,잠실3동
장지동-424,424,서울특별시 송파구 장지동,서울특별시,송파구,장지동
방이2동-412,412,서울특별시 송파구 방이2동,서울특별시,송파구,방이2동
잠실4동-429,429,서울특별시 송파구 잠실4동,서울특별시,송파구,잠실4동
잠실6동-430,430,서울특별시 송파구 잠실6동,서울특별시,송파구,잠실6동
가락본동-419,419,서울특별시 송파구 가락본동,서울특별시,송파구,가락본동
가락2동-421,421,서울특별시 송파구 가락2동,서울특별시,송파구,가락2동
가락1동-420,420,서울특별시 송파구 가락1동,서울특별시,송파구,가락1동
거여동-6182,6182,서울특별시 송파구 거여동,서울특별시,송파구,거여동
풍납동-6189,6189,서울특별시 송파구 풍납동,서울특별시,송파구,풍납동
문정1동-422,422,서울특별시 송파구 문정1동,서울특별시,송파구,문정1동
마천동-6183,6183,서울특별시 송파구 마천동,서울특별시,송파구,마천동
방이1동-411,411,서울특별시 송파구 방이1동,서울특별시,송파구,방이1동
송파1동-415,415,서울특별시 송파구 송파1동,서울특별시,송파구,송파1동
오륜동-413,413,서울특별시 송파구 오륜동,서울특별시,송파구,오륜동
신천동-6187,6187,서울특별시 송파구 신천동,서울특별시,송파구,신천동
문정2동-423,423,서울특별시 송파구 문정2동,서울특별시,송파구,문정2동
풍납2동-406,406,서울특별시 송파구 풍납2동,서울특별시,송파구,풍납2동
송파2동-416,416,서울특별시 송파구 송파2동,서울특별시,송파구,송파2동
잠실7동-431,431,서울특별시 송파구 잠실7동,서울특별시,송파구,잠실7동
거여2동-408,408,서울특별시 송파구 거여2동,서울특별시,송파구,거여2동
풍납1동-405,405,서울특별시 송파구 풍납1동,서울특별시,송파구,풍납1동
거여1동-407,407,서울특별시 송파구 거여1동,서울특별시,송파구,거여1동
마천1동-409,409,서울특별시 송파구 마천1동,서울특별시,송파구,마천1동
마천2동-410,410,서울특별시 송파구 마천2동,서울특별시,송파구,마천2동
목동-6190,6190,서울특별시 양천구 목동,서울특별시,양천구,목동
신정동-6192,6192,서울특별시 양천구 신정동,서울특별시,양천구,신정동
신정3동-253,253,서울특별시 양천구 신정3동,서울특별시,양천구,신정3동
목1동-239,239,서울특별시 양천구 목1동,서울특별시,양천구,목1동
목5동-243,243,서울특별시 양천구 목5동,서울특별시,양천구,목5동
신정4동-254,254,서울특별시 양천구 신정4동,서울특별시,양천구,신정4동
목2동-240,240,서울특별시 양천구 목2동,서울특별시,양천구,목2동
신정2동-252,252,서울특별시 양천구 신정2동,서울특별시,양천구,신정2동
신월동-6191,6191,서울특별시 양천구 신월동,서울특별시,양천구,신월동
신정7동-256,256,서울특별시 양천구 신정7동,서울특별시,양천구,신정7동
신정6동-255,255,서울특별시 양천구 신정6동,서울특별시,양천구,신정6동
목4동-242,242,서울특별시 양천구 목4동,서울특별시,양천구,목4동
신정1동-251,251,서울특별시 양천구 신정1동,서울특별시,양천구,신정1동
목3동-241,241,서울특별시 양천구 목3동,서울특별시,양천구,목3동
신월1동-244,244,서울특별시 양천구 신월1동,서울특별시,양천구,신월1동
신월2동-245,245,서울특별시 양천구 신월2동,서울특별시,양천구,신월2동
신월7동-250,250,서울특별시 양천구 신월7동,서울특별시,양천구,신월7동
신월4동-247,247,서울특별시 양천구 신월4동,서울특별시,양천구,신월4동
신월5동-248,248,서울특별시 양천구 신월5동,서울특별시,양천구,신월5동
신월6동-249,249,서울특별시 양천구 신월6동,서울특별시,양천구,신월6동
신월3동-246,246,서울특별시 양천구 신월3동,서울특별시,양천구,신월3동
여의도동-6216,6216,서울특별시 영등포구 여의도동,서울특별시,영등포구,여의도동
신길동-6207,6207,서울특별시 영등포구 신길동,서울특별시,영등포구,신길동
여의동-308,308,서울특별시 영등포구 여의동,서울특별시,영등포구,여의동
대림동-6200,6200,서울특별시 영등포구 대림동,서울특별시,영등포구,대림동
도림동-311,311,서울특별시 영등포구 도림동,서울특별시,영등포구,도림동
영등포본동-306,306,서울특별시 영등포구 영등포본동,서울특별시,영등포구,영등포본동
문래동-312,312,서울특별시 영등포구 문래동,서울특별시,영등포구,문래동
대림제3동-323,323,서울특별시 영등포구 대림제3동,서울특별시,영등포구,대림제3동
신길제6동-319,319,서울특별시 영등포구 신길제6동,서울특별시,영등포구,신길제6동
신길제1동-315,315,서울특별시 영등포구 신길제1동,서울특별시,영등포구,신길제1동
당산동4가-6197,6197,서울특별시 영등포구 당산동4가,서울특별시,영등포구,당산동4가
영등포동7가-6223,6223,서울특별시 영등포구 영등포동7가,서울특별시,영등포구,영등포동7가
신길제5동-318,318,서울특별시 영등포구 신길제5동,서울특별시,영등포구,신길제5동
당산동5가-6198,6198,서울특별시 영등포구 당산동5가,서울특별시,영등포구,당산동5가
당산동-6193,6193,서울특별시 영등포구 당산동,서울특별시,영등포구,당산동
당산제2동-310,310,서울특별시 영등포구 당산제2동,서울특별시,영등포구,당산제2동
대림제2동-322,322,서울특별시 영등포구 대림제2동,서울특별시,영등포구,대림제2동
문래동3가-6203,6203,서울특별시 영등포구 문래동3가,서울특별시,영등포구,문래동3가
영등포동-307,307,서울특별시 영등포구 영등포동,서울특별시,영등포구,영등포동
양평동3가-6211,6211,서울특별시 영등포구 양평동3가,서울특별시,영등포구,양평동3가
당산동3가-6196,6196,서울특별시 영등포구 당산동3가,서울특별시,영등포구,당산동3가
신길제7동-320,320,서울특별시 영등포구 신길제7동,서울특별시,영등포구,신길제7동
문래동6가-6206,6206,서울특별시 영등포구 문래동6가,서울특별시,영등포구,문래동6가
신길제3동-316,316,서울특별시 영등포구 신길제3동,서울특별시,영등포구,신길제3동
영등포동2가-6218,6218,서울특별시 영등포구 영등포동2가,서울특별시,영등포구,영등포동2가
대림제1동-321,321,서울특별시 영등포구 대림제1동,서울특별시,영등포구,대림제1동
양평동4가-6212,6212,서울특별시 영등포구 양평동4가,서울특별시,영등포구,양평동4가
당산동1가-6194,6194,서울특별시 영등포구 당산동1가,서울특별시,영등포구,당산동1가
양평동5가-6213,6213,서울특별시 영등포구 양평동5가,서울특별시,영등포구,양평동5가
당산제1동-309,309,서울특별시 영등포구 당산제1동,서울특별시,영등포구,당산제1동
양평동2가-6210,6210,서울특별시 영등포구 양평동2가,서울특별시,영등포구,양평동2가
영등포동8가-6224,6224,서울특별시 영등포구 영등포동8가,서울특별시,영등포구,영등포동8가
당산동2가-6195,6195,서울특별시 영등포구 당산동2가,서울특별시,영등포구,당산동2가
양평제2동-314,314,서울특별시 영등포구 양평제2동,서울특별시,영등포구,양평제2동
영등포동3가-6219,6219,서울특별시 영등포구 영등포동3가,서울특별시,영등포구,영등포동3가
신길제4동-317,317,서울특별시 영등포구 신길제4동,서울특별시,영등포구,신길제4동
영등포동4가-6220,6220,서울특별시 영등포구 영등포동4가,서울특별시,영등포구,영등포동4가
영등포동1가-6217,6217,서울특별시 영등포구 영등포동1가,서울특별시,영등포구,영등포동1가
당산동6가-6199,6199,서울특별시 영등포구 당산동6가,서울특별시,영등포구,당산동6가
양평동1가-6209,6209,서울특별시 영등포구 양평동1가,서울특별시,영등포구,양평동1가
양평제1동-313,313,서울특별시 영등포구 양평제1동,서울특별시,영등포구,양평제1동
양평동6가-6214,6214,서울특별시 영등포구 양평동6가,서울특별시,영등포구,양평동6가
문래동5가-6205,6205,서울특별시 영등포구 문래동5가,서울특별시,영등포구,문래동5가
영등포동6가-6222,6222,서울특별시 영등포구 영등포동6가,서울특별시,영등포구,영등포동6가
문래동2가-6202,6202,서울특별시 영등포구 문래동2가,서울특별시,영등포구,문래동2가
양평동-6208,6208,서울특별시 영등포구 양평동,서울특별시,영등포구,양평동
영등포동5가-6221,6221,서울특별시 영등포구 영등포동5가,서울특별시,영등포구,영등포동5가
문래동4가-6204,6204,서울특별시 영등포구 문래동4가,서울특별시,영등포구,문래동4가
문래동1가-6201,6201,서울특별시 영등포구 문래동1가,서울특별시,영등포구,문래동1가
양화동-6215,6215,서울특별시 영등포구 양화동,서울특별시,영등포구,양화동
한남동-50,50,서울특별시 용산구 한남동,서울특별시,용산구,한남동
한강로동-45,45,서울특별시 용산구 한강로동,서울특별시,용산구,한강로동
후암동-37,37,서울특별시 용산구 후암동,서울특별시,용산구,후암동
이촌동-6244,6244,서울특별시 용산구 이촌동,서울특별시,용산구,이촌동
이태원동-6245,6245,서울특별시 용산구 이태원동,서울특별시,용산구,이태원동
이촌제1동-46,46,서울특별시 용산구 이촌제1동,서울특별시,용산구,이촌제1동
효창동-43,43,서울특별시 용산구 효창동,서울특별시,용산구,효창동
한강로3가-6253,6253,서울특별시 용산구 한강로3가,서울특별시,용산구,한강로3가
한강로2가-6252,6252,서울특별시 용산구 한강로2가,서울특별시,용산구,한강로2가
보광동-52,52,서울특별시 용산구 보광동,서울특별시,용산구,보광동
원효로1가-6240,6240,서울특별시 용산구 원효로1가,서울특별시,용산구,원효로1가
청파동-40,40,서울특별시 용산구 청파동,서울특별시,용산구,청파동
용산동2가-6235,6235,서울특별시 용산구 용산동2가,서울특별시,용산구,용산동2가
이태원제1동-48,48,서울특별시 용산구 이태원제1동,서울특별시,용산구,이태원제1동
용문동-44,44,서울특별시 용산구 용문동,서울특별시,용산구,용문동
동자동-6228,6228,서울특별시 용산구 동자동,서울특별시,용산구,동자동
청파동1가-6248,6248,서울특별시 용산구 청파동1가,서울특별시,용산구,청파동1가
동빙고동-6227,6227,서울특별시 용산구 동빙고동,서울특별시,용산구,동빙고동
서빙고동-51,51,서울특별시 용산구 서빙고동,서울특별시,용산구,서빙고동
문배동-6229,6229,서울특별시 용산구 문배동,서울특별시,용산구,문배동
용산2가동-38,38,서울특별시 용산구 용산2가동,서울특별시,용산구,용산2가동
갈월동-6225,6225,서울특별시 용산구 갈월동,서울특별시,용산구,갈월동
이태원제2동-49,49,서울특별시 용산구 이태원제2동,서울특별시,용산구,이태원제2동
한강로1가-6251,6251,서울특별시 용산구 한강로1가,서울특별시,용산구,한강로1가
도원동-6226,6226,서울특별시 용산구 도원동,서울특별시,용산구,도원동
이촌제2동-47,47,서울특별시 용산구 이촌제2동,서울특별시,용산구,이촌제2동
서계동-6231,6231,서울특별시 용산구 서계동,서울특별시,용산구,서계동
원효로2가-6241,6241,서울특별시 용산구 원효로2가,서울특별시,용산구,원효로2가
원효로4가-6243,6243,서울특별시 용산구 원효로4가,서울특별시,용산구,원효로4가
원효로제1동-41,41,서울특별시 용산구 원효로제1동,서울특별시,용산구,원효로제1동
청파동3가-6250,6250,서울특별시 용산구 청파동3가,서울특별시,용산구,청파동3가
원효로3가-6242,6242,서울특별시 용산구 원효로3가,서울특별시,용산구,원효로3가
산천동-6230,6230,서울특별시 용산구 산천동,서울특별시,용산구,산천동
청파동2가-6249,6249,서울특별시 용산구 청파동2가,서울특별시,용산구,청파동2가
신계동-6232,6232,서울특별시 용산구 신계동,서울특별시,용산구,신계동
남영동-39,39,서울특별시 용산구 남영동,서울특별시,용산구,남영동
원효로제2동-42,42,서울특별시 용산구 원효로제2동,서울특별시,용산구,원효로제2동
용산동5가-6238,6238,서울특별시 용산구 용산동5가,서울특별시,용산구,용산동5가
용산동3가-6236,6236,서울특별시 용산구 용산동3가,서울특별시,용산구,용산동3가
신창동-6233,6233,서울특별시 용산구 신창동,서울특별시,용산구,신창동
용산동6가-6239,6239,서울특별시 용산구 용산동6가,서울특별시,용산구,용산동6가
용산동1가-6234,6234,서울특별시 용산구 용산동1가,서울특별시,용산구,용산동1가
청암동-6247,6247,서울특별시 용산구 청암동,서울특별시,용산구,청암동
용산동4가-6237,6237,서울특별시 용산구 용산동4가,서울특별시,용산구,용산동4가
주성동-6246,6246,서울특별시 용산구 주성동,서울특별시,용산구,주성동
진관동-205,205,서울특별시 은평구 진관동,서울특별시,은평구,진관동
역촌동-200,200,서울특별시 은평구 역촌동,서울특별시,은평구,역촌동
응암동-6257,6257,서울특별시 은평구 응암동,서울특별시,은평구,응암동
녹번동-190,190,서울특별시 은평구 녹번동,서울특별시,은평구,녹번동
불광동-6255,6255,서울특별시 은평구 불광동,서울특별시,은평구,불광동
대조동-196,196,서울특별시 은평구 대조동,서울특별시,은평구,대조동
구산동-195,195,서울특별시 은평구 구산동,서울특별시,은평구,구산동
신사동-6256,6256,서울특별시 은평구 신사동,서울특별시,은평구,신사동
갈현동-6254,6254,서울특별시 은평구 갈현동,서울특별시,은평구,갈현동
수색동-204,204,서울특별시 은평구 수색동,서울특별시,은평구,수색동
응암제1동-197,197,서울특별시 은평구 응암제1동,서울특별시,은평구,응암제1동
증산동-203,203,서울특별시 은평구 증산동,서울특별시,은평구,증산동
불광제2동-192,192,서울특별시 은평구 불광제2동,서울특별시,은평구,불광제2동
응암제3동-199,199,서울특별시 은평구 응암제3동,서울특별시,은평구,응암제3동
갈현제2동-194,194,서울특별시 은평구 갈현제2동,서울특별시,은평구,갈현제2동
불광제1동-191,191,서울특별시 은평구 불광제1동,서울특별시,은평구,불광제1동
신사제1동-201,201,서울특별시 은평구 신사제1동,서울특별시,은평구,신사제1동
응암제2동-198,198,서울특별시 은평구 응암제2동,서울특별시,은평구,응암제2동
갈현제1동-193,193,서울특별시 은평구 갈현제1동,서울특별시,은평구,갈현제1동
신사제2동-202,202,서울특별시 은평구 신사제2동,서울특별시,은평구,신사제2동
부암동-6,6,서울특별시 종로구 부암동,서울특별시,종로구,부암동
평창동-7,7,서울특별시 종로구 평창동,서울특별시,종로구,평창동
숭인동-6291,6291,서울특별시 종로구 숭인동,서울특별시,종로구,숭인동
창신동-6319,6319,서울특별시 종로구 창신동,서울특별시,종로구,창신동
혜화동-14,14,서울특별시 종로구 혜화동,서울특별시,종로구,혜화동
종로1.2.3.4가동-11,11,서울특별시 종로구 종로1.2.3.4가동,서울특별시,종로구,종로1.2.3.4가동
명륜3가-6280,6280,서울특별시 종로구 명륜3가,서울특별시,종로구,명륜3가
무악동-8,8,서울특별시 종로구 무악동,서울특별시,종로구,무악동
홍지동-6330,6330,서울특별시 종로구 홍지동,서울특별시,종로구,홍지동
동숭동-6277,6277,서울특별시 종로구 동숭동,서울특별시,종로구,동숭동
청운동-6320,6320,서울특별시 종로구 청운동,서울특별시,종로구,청운동
신영동-6295,6295,서울특별시 종로구 신영동,서울특별시,종로구,신영동
연건동-6297,6297,서울특별시 종로구 연건동,서울특별시,종로구,연건동
구기동-6266,6266,서울특별시 종로구 구기동,서울특별시,종로구,구기동
명륜1가-6278,6278,서울특별시 종로구 명륜1가,서울특별시,종로구,명륜1가
내수동-6270,6270,서울특별시 종로구 내수동,서울특별시,종로구,내수동
명륜2가-6279,6279,서울특별시 종로구 명륜2가,서울특별시,종로구,명륜2가
사직동-4,4,서울특별시 종로구 사직동,서울특별시,종로구,사직동
청운효자동-3,3,서울특별시 종로구 청운효자동,서울특별시,종로구,청운효자동
숭인제2동-19,19,서울특별시 종로구 숭인제2동,서울특별시,종로구,숭인제2동
신교동-6292,6292,서울특별시 종로구 신교동,서울특별시,종로구,신교동
창신제2동-16,16,서울특별시 종로구 창신제2동,서울특별시,종로구,창신제2동
종로3가-6313,6313,서울특별시 종로구 종로3가,서울특별시,종로구,종로3가
충신동-6323,6323,서울특별시 종로구 충신동,서울특별시,종로구,충신동
종로5.6가동-12,12,서울특별시 종로구 종로5.6가동,서울특별시,종로구,종로5.6가동
이화동-13,13,서울특별시 종로구 이화동,서울특별시,종로구,이화동
행촌동-6329,6329,서울특별시 종로구 행촌동,서울특별시,종로구,행촌동
창신제3동-17,17,서울특별시 종로구 창신제3동,서울특별시,종로구,창신제3동
창신제1동-15,15,서울특별시 종로구 창신제1동,서울특별시,종로구,창신제1동
평동-6327,6327,서울특별시 종로구 평동,서울특별시,종로구,평동
삼청동-5,5,서울특별시 종로구 삼청동,서울특별시,종로구,삼청동
종로1가-6311,6311,서울특별시 종로구 종로1가,서울특별시,종로구,종로1가
숭인제1동-18,18,서울특별시 종로구 숭인제1동,서울특별시,종로구,숭인제1동
명륜4가-6281,6281,서울특별시 종로구 명륜4가,서울특별시,종로구,명륜4가
계동-6260,6260,서울특별시 종로구 계동,서울특별시,종로구,계동
누상동-6272,6272,서울특별시 종로구 누상동,서울특별시,종로구,누상동
종로5가-6315,6315,서울특별시 종로구 종로5가,서울특별시,종로구,종로5가
옥인동-6300,6300,서울특별시 종로구 옥인동,서울특별시,종로구,옥인동
청진동-6321,6321,서울특별시 종로구 청진동,서울특별시,종로구,청진동
신문로1가-6293,6293,서울특별시 종로구 신문로1가,서울특별시,종로구,신문로1가
인사동-6306,6306,서울특별시 종로구 인사동,서울특별시,종로구,인사동
수송동-6290,6290,서울특별시 종로구 수송동,서울특별시,종로구,수송동
공평동-6261,6261,서울특별시 종로구 공평동,서울특별시,종로구,공평동
관철동-6263,6263,서울특별시 종로구 관철동,서울특별시,종로구,관철동
홍파동-6331,6331,서울특별시 종로구 홍파동,서울특별시,종로구,홍파동
종로6가-6316,6316,서울특별시 종로구 종로6가,서울특별시,종로구,종로6가
연지동-6298,6298,서울특별시 종로구 연지동,서울특별시,종로구,연지동
낙원동-6269,6269,서울특별시 종로구 낙원동,서울특별시,종로구,낙원동
신문로2가-6294,6294,서울특별시 종로구 신문로2가,서울특별시,종로구,신문로2가
세종로-6286,6286,서울특별시 종로구 세종로,서울특별시,종로구,세종로
익선동-6305,6305,서울특별시 종로구 익선동,서울특별시,종로구,익선동
안국동-6296,6296,서울특별시 종로구 안국동,서울특별시,종로구,안국동
서린동-6285,6285,서울특별시 종로구 서린동,서울특별시,종로구,서린동
가회동-10,10,서울특별시 종로구 가회동,서울특별시,종로구,가회동
송월동-6288,6288,서울특별시 종로구 송월동,서울특별시,종로구,송월동
효자동-6333,6333,서울특별시 종로구 효자동,서울특별시,종로구,효자동
적선동-6310,6310,서울특별시 종로구 적선동,서울특별시,종로구,적선동
인의동-6307,6307,서울특별시 종로구 인의동,서울특별시,종로구,인의동
필운동-6328,6328,서울특별시 종로구 필운동,서울특별시,종로구,필운동
원서동-6304,6304,서울특별시 종로구 원서동,서울특별시,종로구,원서동
원남동-6303,6303,서울특별시 종로구 원남동,서울특별시,종로구,원남동
교남동-9,9,서울특별시 종로구 교남동,서울특별시,종로구,교남동
통인동-6325,6325,서울특별시 종로구 통인동,서울특별시,종로구,통인동
당주동-6274,6274,서울특별시 종로구 당주동,서울특별시,종로구,당주동
누하동-6273,6273,서울특별시 종로구 누하동,서울특별시,종로구,누하동
효제동-6334,6334,서울특별시 종로구 효제동,서울특별시,종로구,효제동
종로2가-6312,6312,서울특별시 종로구 종로2가,서울특별시,종로구,종로2가
내자동-6271,6271,서울특별시 종로구 내자동,서울특별시,종로구,내자동
교북동-6265,6265,서울특별시 종로구 교북동,서울특별시,종로구,교북동
체부동-6322,6322,서울특별시 종로구 체부동,서울특별시,종로구,체부동
관훈동-6264,6264,서울특별시 종로구 관훈동,서울특별시,종로구,관훈동
통의동-6324,6324,서울특별시 종로구 통의동,서울특별시,종로구,통의동
도렴동-6275,6275,서울특별시 종로구 도렴동,서울특별시,종로구,도렴동
종로4가-6314,6314,서울특별시 종로구 종로4가,서울특별시,종로구,종로4가
궁정동-6267,6267,서울특별시 종로구 궁정동,서울특별시,종로구,궁정동
중학동-6317,6317,서울특별시 종로구 중학동,서울특별시,종로구,중학동
관수동-6262,6262,서울특별시 종로구 관수동,서울특별시,종로구,관수동
경운동-6259,6259,서울특별시 종로구 경운동,서울특별시,종로구,경운동
창성동-6318,6318,서울특별시 종로구 창성동,서울특별시,종로구,창성동
견지동-6258,6258,서울특별시 종로구 견지동,서울특별시,종로구,견지동
재동-6309,6309,서울특별시 종로구 재동,서울특별시,종로구,재동
돈의동-6276,6276,서울특별시 종로구 돈의동,서울특별시,종로구,돈의동
소격동-6287,6287,서울특별시 종로구 소격동,서울특별시,종로구,소격동
장사동-6308,6308,서울특별시 종로구 장사동,서울특별시,종로구,장사동
봉익동-6283,6283,서울특별시 종로구 봉익동,서울특별시,종로구,봉익동
화동-6332,6332,서울특별시 종로구 화동,서울특별시,종로구,화동
운니동-6302,6302,서울특별시 종로구 운니동,서울특별시,종로구,운니동
묘동-6282,6282,서울특별시 종로구 묘동,서울특별시,종로구,묘동
예지동-6299,6299,서울특별시 종로구 예지동,서울특별시,종로구,예지동
팔판동-6326,6326,서울특별시 종로구 팔판동,서울특별시,종로구,팔판동
권농동-6268,6268,서울특별시 종로구 권농동,서울특별시,종로구,권농동
와룡동-6301,6301,서울특별시 종로구 와룡동,서울특별시,종로구,와룡동
사간동-6284,6284,서울특별시 종로구 사간동,서울특별시,종로구,사간동
송현동-6289,6289,서울특별시 종로구 송현동,서울특별시,종로구,송현동
훈정동-6335,6335,서울특별시 종로구 훈정동,서울특별시,종로구,훈정동
신당동-28,28,서울특별시 중구 신당동,서울특별시,중구,신당동
약수동-30,30,서울특별시 중구 약수동,서울특별시,중구,약수동
황학동-34,34,서울특별시 중구 황학동,서울특별시,중구,황학동
명동-23,23,서울특별시 중구 명동,서울특별시,중구,명동
중림동-35,35,서울특별시 중구 중림동,서울특별시,중구,중림동
다산동-29,29,서울특별시 중구 다산동,서울특별시,중구,다산동
회현동-22,22,서울특별시 중구 회현동,서울특별시,중구,회현동
청구동-31,31,서울특별시 중구 청구동,서울특별시,중구,청구동
예장동-6368,6368,서울특별시 중구 예장동,서울특별시,중구,예장동
태평로1가-6397,6397,서울특별시 중구 태평로1가,서울특별시,중구,태평로1가
신당제5동-32,32,서울특별시 중구 신당제5동,서울특별시,중구,신당제5동
동화동-33,33,서울특별시 중구 동화동,서울특별시,중구,동화동
필동-24,24,서울특별시 중구 필동,서울특별시,중구,필동
만리동2가-6350,6350,서울특별시 중구 만리동2가,서울특별시,중구,만리동2가
항동7가-6589,6589,인천광역시 중구 항동7가,인천광역시,중구,항동7가
장충동-25,25,서울특별시 중구 장충동,서울특별시,중구,장충동
흥인동-6405,6405,서울특별시 중구 흥인동,서울특별시,중구,흥인동
서소문동-6362,6362,서울특별시 중구 서소문동,서울특별시,중구,서소문동
광희동-26,26,서울특별시 중구 광희동,서울특별시,중구,광희동
을지로6가-6375,6375,서울특별시 중구 을지로6가,서울특별시,중구,을지로6가
남대문로5가-6342,6342,서울특별시 중구 남대문로5가,서울특별시,중구,남대문로5가
을지로1가-6370,6370,서울특별시 중구 을지로1가,서울특별시,중구,을지로1가
을지로2가-6371,6371,서울특별시 중구 을지로2가,서울특별시,중구,을지로2가
을지로동-27,27,서울특별시 중구 을지로동,서울특별시,중구,을지로동
장충동2가-6384,6384,서울특별시 중구 장충동2가,서울특별시,중구,장충동2가
을지로4가-6373,6373,서울특별시 중구 을지로4가,서울특별시,중구,을지로4가
순화동-6365,6365,서울특별시 중구 순화동,서울특별시,중구,순화동
장충동1가-6383,6383,서울특별시 중구 장충동1가,서울특별시,중구,장충동1가
회현동1가-6402,6402,서울특별시 중구 회현동1가,서울특별시,중구,회현동1가
무교동-6353,6353,서울특별시 중구 무교동,서울특별시,중구,무교동
명동1가-6351,6351,서울특별시 중구 명동1가,서울특별시,중구,명동1가
충무로4가-6394,6394,서울특별시 중구 충무로4가,서울특별시,중구,충무로4가
을지로3가-6372,6372,서울특별시 중구 을지로3가,서울특별시,중구,을지로3가
소공동-21,21,서울특별시 중구 소공동,서울특별시,중구,소공동
만리동1가-6349,6349,서울특별시 중구 만리동1가,서울특별시,중구,만리동1가
필동3가-6401,6401,서울특별시 중구 필동3가,서울특별시,중구,필동3가
태평로2가-6398,6398,서울특별시 중구 태평로2가,서울특별시,중구,태평로2가
정동-6387,6387,서울특별시 중구 정동,서울특별시,중구,정동
충무로1가-6391,6391,서울특별시 중구 충무로1가,서울특별시,중구,충무로1가
광희동1가-6336,6336,서울특별시 중구 광희동1가,서울특별시,중구,광희동1가
필동2가-6400,6400,서울특별시 중구 필동2가,서울특별시,중구,필동2가
충무로3가-6393,6393,서울특별시 중구 충무로3가,서울특별시,중구,충무로3가
충무로5가-6395,6395,서울특별시 중구 충무로5가,서울특별시,중구,충무로5가
회현동2가-6403,6403,서울특별시 중구 회현동2가,서울특별시,중구,회현동2가
남창동-6346,6346,서울특별시 중구 남창동,서울특별시,중구,남창동
오장동-6369,6369,서울특별시 중구 오장동,서울특별시,중구,오장동
다동-6348,6348,서울특별시 중구 다동,서울특별시,중구,다동
쌍림동-6366,6366,서울특별시 중구 쌍림동,서울특별시,중구,쌍림동
묵정동-6355,6355,서울특별시 중구 묵정동,서울특별시,중구,묵정동
광희동2가-6337,6337,서울특별시 중구 광희동2가,서울특별시,중구,광희동2가
을지로5가-6374,6374,서울특별시 중구 을지로5가,서울특별시,중구,을지로5가
북창동-6359,6359,서울특별시 중구 북창동,서울특별시,중구,북창동
남대문로4가-6341,6341,서울특별시 중구 남대문로4가,서울특별시,중구,남대문로4가
명동2가-6352,6352,서울특별시 중구 명동2가,서울특별시,중구,명동2가
저동2가-6386,6386,서울특별시 중구 저동2가,서울특별시,중구,저동2가
남산동2가-6344,6344,서울특별시 중구 남산동2가,서울특별시,중구,남산동2가
인현동2가-6380,6380,서울특별시 중구 인현동2가,서울특별시,중구,인현동2가
충정로1가-6396,6396,서울특별시 중구 충정로1가,서울특별시,중구,충정로1가
장교동-6382,6382,서울특별시 중구 장교동,서울특별시,중구,장교동
남산동1가-6343,6343,서울특별시 중구 남산동1가,서울특별시,중구,남산동1가
을지로7가-6376,6376,서울특별시 중구 을지로7가,서울특별시,중구,을지로7가
필동1가-6399,6399,서울특별시 중구 필동1가,서울특별시,중구,필동1가
봉래동2가-6358,6358,서울특별시 중구 봉래동2가,서울특별시,중구,봉래동2가
입정동-6381,6381,서울특별시 중구 입정동,서울특별시,중구,입정동
충무로2가-6392,6392,서울특별시 중구 충무로2가,서울특별시,중구,충무로2가
의주로1가-6377,6377,서울특별시 중구 의주로1가,서울특별시,중구,의주로1가
남산동3가-6345,6345,서울특별시 중구 남산동3가,서울특별시,중구,남산동3가
남대문로2가-6339,6339,서울특별시 중구 남대문로2가,서울특별시,중구,남대문로2가
수하동-6364,6364,서울특별시 중구 수하동,서울특별시,중구,수하동
무학동-6354,6354,서울특별시 중구 무학동,서울특별시,중구,무학동
인현동1가-6379,6379,서울특별시 중구 인현동1가,서울특별시,중구,인현동1가
남대문로3가-6340,6340,서울특별시 중구 남대문로3가,서울특별시,중구,남대문로3가
초동-6390,6390,서울특별시 중구 초동,서울특별시,중구,초동
봉래동1가-6357,6357,서울특별시 중구 봉래동1가,서울특별시,중구,봉래동1가
수표동-6363,6363,서울특별시 중구 수표동,서울특별시,중구,수표동
주교동-6388,6388,서울특별시 중구 주교동,서울특별시,중구,주교동
남대문로1가-6338,6338,서울특별시 중구 남대문로1가,서울특별시,중구,남대문로1가
남학동-6347,6347,서울특별시 중구 남학동,서울특별시,중구,남학동
저동1가-6385,6385,서울특별시 중구 저동1가,서울특별시,중구,저동1가
예관동-6367,6367,서울특별시 중구 예관동,서울특별시,중구,예관동
산림동-6360,6360,서울특별시 중구 산림동,서울특별시,중구,산림동
회현동3가-6404,6404,서울특별시 중구 회현동3가,서울특별시,중구,회현동3가
의주로2가-6378,6378,서울특별시 중구 의주로2가,서울특별시,중구,의주로2가
중앙동3가-6581,6581,인천광역시 중구 중앙동3가,인천광역시,중구,중앙동3가
중앙동4가-6582,6582,인천광역시 중구 중앙동4가,인천광역시,중구,중앙동4가
삼각동-6361,6361,서울특별시 중구 삼각동,서울특별시,중구,삼각동
방산동-6356,6356,서울특별시 중구 방산동,서울특별시,중구,방산동
중군동-6597,6597,전라남도 광양시 중군동,전라남도,광양시,중군동
항동1가-6583,6583,인천광역시 중구 항동1가,인천광역시,중구,항동1가
항동5가-6587,6587,인천광역시 중구 항동5가,인천광역시,중구,항동5가
주자동-6389,6389,서울특별시 중구 주자동,서울특별시,중구,주자동
중앙동2가-6580,6580,인천광역시 중구 중앙동2가,인천광역시,중구,중앙동2가
해안동2가-6591,6591,인천광역시 중구 해안동2가,인천광역시,중구,해안동2가
항동2가-6584,6584,인천광역시 중구 항동2가,인천광역시,중구,항동2가
항동6가-6588,6588,인천광역시 중구 항동6가,인천광역시,중구,항동6가
해안동3가-6592,6592,인천광역시 중구 해안동3가,인천광역시,중구,해안동3가
항동3가-6585,6585,인천광역시 중구 항동3가,인천광역시,중구,항동3가
해안동1가-6590,6590,인천광역시 중구 해안동1가,인천광역시,중구,해안동1가
해안동4가-6593,6593,인천광역시 중구 해안동4가,인천광역시,중구,해안동4가
항동4가-6586,6586,인천광역시 중구 항동4가,인천광역시,중구,항동4가
면목동-6407,6407,서울특별시 중랑구 면목동,서울특별시,중랑구,면목동
상봉동-6409,6409,서울특별시 중랑구 상봉동,서울특별시,중랑구,상봉동
묵동-6408,6408,서울특별시 중랑구 묵동,서울특별시,중랑구,묵동
신내동-6410,6410,서울특별시 중랑구 신내동,서울특별시,중랑구,신내동
중화동-6411,6411,서울특별시 중랑구 중화동,서울특별시,중랑구,중화동
망우동-6406,6406,서울특별시 중랑구 망우동,서울특별시,중랑구,망우동
면목본동-106,106,서울특별시 중랑구 면목본동,서울특별시,중랑구,면목본동
신내1동-117,117,서울특별시 중랑구 신내1동,서울특별시,중랑구,신내1동
면목제2동-103,103,서울특별시 중랑구 면목제2동,서울특별시,중랑구,면목제2동
망우본동-115,115,서울특별시 중랑구 망우본동,서울특별시,중랑구,망우본동
면목제3.8동-108,108,서울특별시 중랑구 면목제3.8동,서울특별시,중랑구,면목제3.8동
면목제4동-104,104,서울특별시 중랑구 면목제4동,서울특별시,중랑구,면목제4동
면목제7동-107,107,서울특별시 중랑구 면목제7동,서울특별시,중랑구,면목제7동
상봉제2동-110,110,서울특별시 중랑구 상봉제2동,서울특별시,중랑구,상봉제2동
신내2동-118,118,서울특별시 중랑구 신내2동,서울특별시,중랑구,신내2동
상봉제1동-109,109,서울특별시 중랑구 상봉제1동,서울특별시,중랑구,상봉제1동
망우제3동-116,116,서울특별시 중랑구 망우제3동,서울특별시,중랑구,망우제3동
묵제1동-113,113,서울특별시 중랑구 묵제1동,서울특별시,중랑구,묵제1동
면목제5동-105,105,서울특별시 중랑구 면목제5동,서울특별시,중랑구,면목제5동
묵제2동-114,114,서울특별시 중랑구 묵제2동,서울특별시,중랑구,묵제2동
중화제1동-111,111,서울특별시 중랑구 중화제1동,서울특별시,중랑구,중화제1동
중화제2동-112,112,서울특별시 중랑구 중화제2동,서울특별시,중랑구,중화제2동
인계동-1291,1291,경기도 수원시 팔달구 인계동,경기도,수원시 팔달구,인계동
원천동-1298,1298,경기도 수원시 영통구 원천동,경기도,수원시 영통구,원천동
망포동-4534,4534,경기도 수원시 영통구 망포동,경기도,수원시 영통구,망포동
권선동-4526,4526,경기도 수원시 권선구 권선동,경기도,수원시 권선구,권선동
호매실동-3963,3963,경기도 수원시 권선구 호매실동,경기도,수원시 권선구,호매실동
금곡동-3964,3964,경기도 수원시 권선구 금곡동,경기도,수원시 권선구,금곡동
영통동-4537,4537,경기도 수원시 영통구 영통동,경기도,수원시 영통구,영통동
광교1동-1302,1302,경기도 수원시 영통구 광교1동,경기도,수원시 영통구,광교1동
매탄동-4535,4535,경기도 수원시 영통구 매탄동,경기도,수원시 영통구,매탄동
이의동-4538,4538,경기도 수원시 영통구 이의동,경기도,수원시 영통구,이의동
정자동-4543,4543,경기도 수원시 장안구 정자동,경기도,수원시 장안구,정자동
곡반정동-4525,4525,경기도 수원시 권선구 곡반정동,경기도,수원시 권선구,곡반정동
천천동-4545,4545,경기도 수원시 장안구 천천동,경기도,수원시 장안구,천천동
매탄3동-1296,1296,경기도 수원시 영통구 매탄3동,경기도,수원시 영통구,매탄3동
영통2동-1300,1300,경기도 수원시 영통구 영통2동,경기도,수원시 영통구,영통2동
화서동-4564,4564,경기도 수원시 팔달구 화서동,경기도,수원시 팔달구,화서동
구운동-1276,1276,경기도 수원시 권선구 구운동,경기도,수원시 권선구,구운동
고색동-4524,4524,경기도 수원시 권선구 고색동,경기도,수원시 권선구,고색동
권선1동-1278,1278,경기도 수원시 권선구 권선1동,경기도,수원시 권선구,권선1동
오목천동-4530,4530,경기도 수원시 권선구 오목천동,경기도,수원시 권선구,오목천동
탑동-4532,4532,경기도 수원시 권선구 탑동,경기도,수원시 권선구,탑동
정자2동-1263,1263,경기도 수원시 장안구 정자2동,경기도,수원시 장안구,정자2동
정자3동-1264,1264,경기도 수원시 장안구 정자3동,경기도,수원시 장안구,정자3동
고등동-1285,1285,경기도 수원시 팔달구 고등동,경기도,수원시 팔달구,고등동
영통1동-1299,1299,경기도 수원시 영통구 영통1동,경기도,수원시 영통구,영통1동
율전동-4541,4541,경기도 수원시 장안구 율전동,경기도,수원시 장안구,율전동
영화동-1265,1265,경기도 수원시 장안구 영화동,경기도,수원시 장안구,영화동
서둔동-1275,1275,경기도 수원시 권선구 서둔동,경기도,수원시 권선구,서둔동
매교동-1283,1283,경기도 수원시 팔달구 매교동,경기도,수원시 팔달구,매교동
권선2동-1279,1279,경기도 수원시 권선구 권선2동,경기도,수원시 권선구,권선2동
송죽동-1266,1266,경기도 수원시 장안구 송죽동,경기도,수원시 장안구,송죽동
조원동-4544,4544,경기도 수원시 장안구 조원동,경기도,수원시 장안구,조원동
정자1동-1262,1262,경기도 수원시 장안구 정자1동,경기도,수원시 장안구,정자1동
연무동-1269,1269,경기도 수원시 장안구 연무동,경기도,수원시 장안구,연무동
세류동-4529,4529,경기도 수원시 권선구 세류동,경기도,수원시 권선구,세류동
파장동-1260,1260,경기도 수원시 장안구 파장동,경기도,수원시 장안구,파장동
하동-4539,4539,경기도 수원시 영통구 하동,경기도,수원시 영통구,하동
광교2동-1303,1303,경기도 수원시 영통구 광교2동,경기도,수원시 영통구,광교2동
우만동-4558,4558,경기도 수원시 팔달구 우만동,경기도,수원시 팔달구,우만동
율천동-1261,1261,경기도 수원시 장안구 율천동,경기도,수원시 장안구,율천동
세류2동-1272,1272,경기도 수원시 권선구 세류2동,경기도,수원시 권선구,세류2동
영통3동-4210,4210,경기도 수원시 영통구 영통3동,경기도,수원시 영통구,영통3동
매탄1동-1294,1294,경기도 수원시 영통구 매탄1동,경기도,수원시 영통구,매탄1동
매탄4동-1297,1297,경기도 수원시 영통구 매탄4동,경기도,수원시 영통구,매탄4동
조원1동-1267,1267,경기도 수원시 장안구 조원1동,경기도,수원시 장안구,조원1동
화서2동-1287,1287,경기도 수원시 팔달구 화서2동,경기도,수원시 팔달구,화서2동
세류3동-1273,1273,경기도 수원시 권선구 세류3동,경기도,수원시 권선구,세류3동
망포1동-10479,10479,경기도 수원시 영통구 망포1동,경기도,수원시 영통구,망포1동
매탄2동-1295,1295,경기도 수원시 영통구 매탄2동,경기도,수원시 영통구,매탄2동
우만1동-1289,1289,경기도 수원시 팔달구 우만1동,경기도,수원시 팔달구,우만1동
당수동-4527,4527,경기도 수원시 권선구 당수동,경기도,수원시 권선구,당수동
화서1동-1286,1286,경기도 수원시 팔달구 화서1동,경기도,수원시 팔달구,화서1동
조원2동-1268,1268,경기도 수원시 장안구 조원2동,경기도,수원시 장안구,조원2동
신동-4536,4536,경기도 수원시 영통구 신동,경기도,수원시 영통구,신동
세류1동-1271,1271,경기도 수원시 권선구 세류1동,경기도,수원시 권선구,세류1동
매산동-1284,1284,경기도 수원시 팔달구 매산동,경기도,수원시 팔달구,매산동
곡선동-1280,1280,경기도 수원시 권선구 곡선동,경기도,수원시 권선구,곡선동
지동-1288,1288,경기도 수원시 팔달구 지동,경기도,수원시 팔달구,지동
우만2동-1290,1290,경기도 수원시 팔달구 우만2동,경기도,수원시 팔달구,우만2동
매산로1가-4551,4551,경기도 수원시 팔달구 매산로1가,경기도,수원시 팔달구,매산로1가
망포2동-10480,10480,경기도 수원시 영통구 망포2동,경기도,수원시 영통구,망포2동
매산로2가-4552,4552,경기도 수원시 팔달구 매산로2가,경기도,수원시 팔달구,매산로2가
이목동-4542,4542,경기도 수원시 장안구 이목동,경기도,수원시 장안구,이목동
입북동-1281,1281,경기도 수원시 권선구 입북동,경기도,수원시 권선구,입북동
행궁동-1292,1292,경기도 수원시 팔달구 행궁동,경기도,수원시 팔달구,행궁동
평동-1274,1274,경기도 수원시 권선구 평동,경기도,수원시 권선구,평동
매산로3가-4553,4553,경기도 수원시 팔달구 매산로3가,경기도,수원시 팔달구,매산로3가
매향동-4554,4554,경기도 수원시 팔달구 매향동,경기도,수원시 팔달구,매향동
태장동-1301,1301,경기도 수원시 영통구 태장동,경기도,수원시 영통구,태장동
북수동-4555,4555,경기도 수원시 팔달구 북수동,경기도,수원시 팔달구,북수동
팔달로3가-4563,4563,경기도 수원시 팔달구 팔달로3가,경기도,수원시 팔달구,팔달로3가
장안동-4559,4559,경기도 수원시 팔달구 장안동,경기도,수원시 팔달구,장안동
교동-4547,4547,경기도 수원시 팔달구 교동,경기도,수원시 팔달구,교동
구천동-4548,4548,경기도 수원시 팔달구 구천동,경기도,수원시 팔달구,구천동
남수동-4549,4549,경기도 수원시 팔달구 남수동,경기도,수원시 팔달구,남수동
영동-4557,4557,경기도 수원시 팔달구 영동,경기도,수원시 팔달구,영동
중동-4560,4560,경기도 수원시 팔달구 중동,경기도,수원시 팔달구,중동
팔달로1가-4561,4561,경기도 수원시 팔달구 팔달로1가,경기도,수원시 팔달구,팔달로1가
팔달로2가-4562,4562,경기도 수원시 팔달구 팔달로2가,경기도,수원시 팔달구,팔달로2가
신풍동-4556,4556,경기도 수원시 팔달구 신풍동,경기도,수원시 팔달구,신풍동
남창동-4550,4550,경기도 수원시 팔달구 남창동,경기도,수원시 팔달구,남창동
하광교동-4546,4546,경기도 수원시 장안구 하광교동,경기도,수원시 장안구,하광교동
대황교동-4528,4528,경기도 수원시 권선구 대황교동,경기도,수원시 권선구,대황교동
상광교동-4540,4540,경기도 수원시 장안구 상광교동,경기도,수원시 장안구,상광교동
장지동-4531,4531,경기도 수원시 권선구 장지동,경기도,수원시 권선구,장지동
평리동-4533,4533,경기도 수원시 권선구 평리동,경기도,수원시 권선구,평리동
정자동-1339,1339,경기도 성남시 분당구 정자동,경기도,성남시 분당구,정자동
삼평동-1351,1351,경기도 성남시 분당구 삼평동,경기도,성남시 분당구,삼평동
백현동-1352,1352,경기도 성남시 분당구 백현동,경기도,성남시 분당구,백현동
성남동-1323,1323,경기도 성남시 중원구 성남동,경기도,성남시 중원구,성남동
구미동-1355,1355,경기도 성남시 분당구 구미동,경기도,성남시 분당구,구미동
서현동-4502,4502,경기도 성남시 분당구 서현동,경기도,성남시 분당구,서현동
판교동-1350,1350,경기도 성남시 분당구 판교동,경기도,성남시 분당구,판교동
야탑동-4505,4505,경기도 성남시 분당구 야탑동,경기도,성남시 분당구,야탑동
금곡동-1353,1353,경기도 성남시 분당구 금곡동,경기도,성남시 분당구,금곡동
위례동-3971,3971,경기도 성남시 수정구 위례동,경기도,성남시 수정구,위례동
분당동-1335,1335,경기도 성남시 분당구 분당동,경기도,성남시 분당구,분당동
창곡동-4517,4517,경기도 성남시 수정구 창곡동,경기도,성남시 수정구,창곡동
서현1동-1343,1343,경기도 성남시 분당구 서현1동,경기도,성남시 분당구,서현1동
운중동-1356,1356,경기도 성남시 분당구 운중동,경기도,성남시 분당구,운중동
정자1동-1340,1340,경기도 성남시 분당구 정자1동,경기도,성남시 분당구,정자1동
이매동-4507,4507,경기도 성남시 분당구 이매동,경기도,성남시 분당구,이매동
수내동-4504,4504,경기도 성남시 분당구 수내동,경기도,성남시 분당구,수내동
태평동-4518,4518,경기도 성남시 수정구 태평동,경기도,성남시 수정구,태평동
야탑1동-1347,1347,경기도 성남시 분당구 야탑1동,경기도,성남시 분당구,야탑1동
금광동-4520,4520,경기도 성남시 중원구 금광동,경기도,성남시 중원구,금광동
수내1동-1336,1336,경기도 성남시 분당구 수내1동,경기도,성남시 분당구,수내1동
하대원동-1332,1332,경기도 성남시 중원구 하대원동,경기도,성남시 중원구,하대원동
구미1동-1354,1354,경기도 성남시 분당구 구미1동,경기도,성남시 분당구,구미1동
신흥동-4514,4514,경기도 성남시 수정구 신흥동,경기도,성남시 수정구,신흥동
복정동-1318,1318,경기도 성남시 수정구 복정동,경기도,성남시 수정구,복정동
야탑3동-1349,1349,경기도 성남시 분당구 야탑3동,경기도,성남시 분당구,야탑3동
중앙동-1324,1324,경기도 성남시 중원구 중앙동,경기도,성남시 중원구,중앙동
도촌동-1333,1333,경기도 성남시 중원구 도촌동,경기도,성남시 중원구,도촌동
상대원동-4521,4521,경기도 성남시 중원구 상대원동,경기도,성남시 중원구,상대원동
서현2동-1344,1344,경기도 성남시 분당구 서현2동,경기도,성남시 분당구,서현2동
이매2동-1346,1346,경기도 성남시 분당구 이매2동,경기도,성남시 분당구,이매2동
대장동-4500,4500,경기도 성남시 분당구 대장동,경기도,성남시 분당구,대장동
신흥2동-1307,1307,경기도 성남시 수정구 신흥2동,경기도,성남시 수정구,신흥2동
상대원1동-1329,1329,경기도 성남시 중원구 상대원1동,경기도,성남시 중원구,상대원1동
단대동-1315,1315,경기도 성남시 수정구 단대동,경기도,성남시 수정구,단대동
은행2동-1328,1328,경기도 성남시 중원구 은행2동,경기도,성남시 중원구,은행2동
신흥1동-1306,1306,경기도 성남시 수정구 신흥1동,경기도,성남시 수정구,신흥1동
금광2동-1326,1326,경기도 성남시 중원구 금광2동,경기도,성남시 중원구,금광2동
정자2동-1341,1341,경기도 성남시 분당구 정자2동,경기도,성남시 분당구,정자2동
여수동-4522,4522,경기도 성남시 중원구 여수동,경기도,성남시 중원구,여수동
정자3동-1342,1342,경기도 성남시 분당구 정자3동,경기도,성남시 분당구,정자3동
태평1동-1309,1309,경기도 성남시 수정구 태평1동,경기도,성남시 수정구,태평1동
태평2동-1310,1310,경기도 성남시 수정구 태평2동,경기도,성남시 수정구,태평2동
야탑2동-1348,1348,경기도 성남시 분당구 야탑2동,경기도,성남시 분당구,야탑2동
고등동-1320,1320,경기도 성남시 수정구 고등동,경기도,성남시 수정구,고등동
이매1동-1345,1345,경기도 성남시 분당구 이매1동,경기도,성남시 분당구,이매1동
수내3동-1338,1338,경기도 성남시 분당구 수내3동,경기도,성남시 분당구,수내3동
수진동-4513,4513,경기도 성남시 수정구 수진동,경기도,성남시 수정구,수진동
수진1동-1313,1313,경기도 성남시 수정구 수진1동,경기도,성남시 수정구,수진1동
태평3동-1311,1311,경기도 성남시 수정구 태평3동,경기도,성남시 수정구,태평3동
금광1동-1325,1325,경기도 성남시 중원구 금광1동,경기도,성남시 중원구,금광1동
상대원3동-1331,1331,경기도 성남시 중원구 상대원3동,경기도,성남시 중원구,상대원3동
수진2동-1314,1314,경기도 성남시 수정구 수진2동,경기도,성남시 수정구,수진2동
신흥3동-1308,1308,경기도 성남시 수정구 신흥3동,경기도,성남시 수정구,신흥3동
태평4동-1312,1312,경기도 성남시 수정구 태평4동,경기도,성남시 수정구,태평4동
양지동-1317,1317,경기도 성남시 수정구 양지동,경기도,성남시 수정구,양지동
수내2동-1337,1337,경기도 성남시 분당구 수내2동,경기도,성남시 분당구,수내2동
은행1동-1327,1327,경기도 성남시 중원구 은행1동,경기도,성남시 중원구,은행1동
은행동-4523,4523,경기도 성남시 중원구 은행동,경기도,성남시 중원구,은행동
산성동-1316,1316,경기도 성남시 수정구 산성동,경기도,성남시 수정구,산성동
상대원2동-1330,1330,경기도 성남시 중원구 상대원2동,경기도,성남시 중원구,상대원2동
시흥동-1321,1321,경기도 성남시 수정구 시흥동,경기도,성남시 수정구,시흥동
심곡동-4515,4515,경기도 성남시 수정구 심곡동,경기도,성남시 수정구,심곡동
궁내동-4499,4499,경기도 성남시 분당구 궁내동,경기도,성남시 분당구,궁내동
금토동-4509,4509,경기도 성남시 수정구 금토동,경기도,성남시 수정구,금토동
율동-4506,4506,경기도 성남시 분당구 율동,경기도,성남시 분당구,율동
사송동-4511,4511,경기도 성남시 수정구 사송동,경기도,성남시 수정구,사송동
신촌동-1319,1319,경기도 성남시 수정구 신촌동,경기도,성남시 수정구,신촌동
오야동-4516,4516,경기도 성남시 수정구 오야동,경기도,성남시 수정구,오야동
상적동-4512,4512,경기도 성남시 수정구 상적동,경기도,성남시 수정구,상적동
동원동-4501,4501,경기도 성남시 분당구 동원동,경기도,성남시 분당구,동원동
갈현동-4519,4519,경기도 성남시 중원구 갈현동,경기도,성남시 중원구,갈현동
석운동-4503,4503,경기도 성남시 분당구 석운동,경기도,성남시 분당구,석운동
하산운동-4508,4508,경기도 성남시 분당구 하산운동,경기도,성남시 분당구,하산운동
둔전동-4510,4510,경기도 성남시 수정구 둔전동,경기도,성남시 수정구,둔전동
의정부동-4745,4745,경기도 의정부시 의정부동,경기도,의정부시,의정부동
민락동-4741,4741,경기도 의정부시 민락동,경기도,의정부시,민락동
가능동-1369,1369,경기도 의정부시 가능동,경기도,의정부시,가능동
신곡2동-1365,1365,경기도 의정부시 신곡2동,경기도,의정부시,신곡2동
신곡동-4743,4743,경기도 의정부시 신곡동,경기도,의정부시,신곡동
신곡1동-1364,1364,경기도 의정부시 신곡1동,경기도,의정부시,신곡1동
용현동-4744,4744,경기도 의정부시 용현동,경기도,의정부시,용현동
금오동-4739,4739,경기도 의정부시 금오동,경기도,의정부시,금오동
의정부1동-1358,1358,경기도 의정부시 의정부1동,경기도,의정부시,의정부1동
호원2동-1362,1362,경기도 의정부시 호원2동,경기도,의정부시,호원2동
호원동-4747,4747,경기도 의정부시 호원동,경기도,의정부시,호원동
녹양동-1372,1372,경기도 의정부시 녹양동,경기도,의정부시,녹양동
호원1동-1361,1361,경기도 의정부시 호원1동,경기도,의정부시,호원1동
송산2동-1367,1367,경기도 의정부시 송산2동,경기도,의정부시,송산2동
장암동-1363,1363,경기도 의정부시 장암동,경기도,의정부시,장암동
의정부2동-1359,1359,경기도 의정부시 의정부2동,경기도,의정부시,의정부2동
낙양동-4740,4740,경기도 의정부시 낙양동,경기도,의정부시,낙양동
의정부3동-1360,1360,경기도 의정부시 의정부3동,경기도,의정부시,의정부3동
고산동-4738,4738,경기도 의정부시 고산동,경기도,의정부시,고산동
흥선동-4188,4188,경기도 의정부시 흥선동,경기도,의정부시,흥선동
산곡동-4742,4742,경기도 의정부시 산곡동,경기도,의정부시,산곡동
송산1동-1366,1366,경기도 의정부시 송산1동,경기도,의정부시,송산1동
송산3동-10611,10611,경기도 의정부시 송산3동,경기도,의정부시,송산3동
자금동-1368,1368,경기도 의정부시 자금동,경기도,의정부시,자금동
자일동-4746,4746,경기도 의정부시 자일동,경기도,의정부시,자일동
관양동-4637,4637,경기도 안양시 동안구 관양동,경기도,안양시 동안구,관양동
호계동-4640,4640,경기도 안양시 동안구 호계동,경기도,안양시 동안구,호계동
평촌동-1398,1398,경기도 안양시 동안구 평촌동,경기도,안양시 동안구,평촌동
범계동-1404,1404,경기도 안양시 동안구 범계동,경기도,안양시 동안구,범계동
비산1동-1390,1390,경기도 안양시 동안구 비산1동,경기도,안양시 동안구,비산1동
부림동-1397,1397,경기도 안양시 동안구 부림동,경기도,안양시 동안구,부림동
안양6동-1380,1380,경기도 안양시 만안구 안양6동,경기도,안양시 만안구,안양6동
석수2동-1385,1385,경기도 안양시 만안구 석수2동,경기도,안양시 만안구,석수2동
호계3동-1403,1403,경기도 안양시 동안구 호계3동,경기도,안양시 동안구,호계3동
안양동-4643,4643,경기도 안양시 만안구 안양동,경기도,안양시 만안구,안양동
관양1동-1395,1395,경기도 안양시 동안구 관양1동,경기도,안양시 동안구,관양1동
비산동-4638,4638,경기도 안양시 동안구 비산동,경기도,안양시 동안구,비산동
안양1동-1375,1375,경기도 안양시 만안구 안양1동,경기도,안양시 만안구,안양1동
안양2동-1376,1376,경기도 안양시 만안구 안양2동,경기도,안양시 만안구,안양2동
안양동-4639,4639,경기도 안양시 동안구 안양동,경기도,안양시 동안구,안양동
귀인동-1400,1400,경기도 안양시 동안구 귀인동,경기도,안양시 동안구,귀인동
평안동-1399,1399,경기도 안양시 동안구 평안동,경기도,안양시 동안구,평안동
호계2동-1402,1402,경기도 안양시 동안구 호계2동,경기도,안양시 동안구,호계2동
석수1동-1384,1384,경기도 안양시 만안구 석수1동,경기도,안양시 만안구,석수1동
안양7동-1381,1381,경기도 안양시 만안구 안양7동,경기도,안양시 만안구,안양7동
석수동-4642,4642,경기도 안양시 만안구 석수동,경기도,안양시 만안구,석수동
호계1동-1401,1401,경기도 안양시 동안구 호계1동,경기도,안양시 동안구,호계1동
인덕원동-1396,1396,경기도 안양시 동안구 인덕원동,경기도,안양시 동안구,인덕원동
안양3동-1377,1377,경기도 안양시 만안구 안양3동,경기도,안양시 만안구,안양3동
호현동-1388,1388,경기도 안양시 만안구 호현동,경기도,안양시 만안구,호현동
부흥동-1393,1393,경기도 안양시 동안구 부흥동,경기도,안양시 동안구,부흥동
비산2동-1391,1391,경기도 안양시 동안구 비산2동,경기도,안양시 동안구,비산2동
박달1동-1387,1387,경기도 안양시 만안구 박달1동,경기도,안양시 만안구,박달1동
박달동-4641,4641,경기도 안양시 만안구 박달동,경기도,안양시 만안구,박달동
안양5동-1379,1379,경기도 안양시 만안구 안양5동,경기도,안양시 만안구,안양5동
비산3동-1392,1392,경기도 안양시 동안구 비산3동,경기도,안양시 동안구,비산3동
안양9동-1383,1383,경기도 안양시 만안구 안양9동,경기도,안양시 만안구,안양9동
갈산동-1406,1406,경기도 안양시 동안구 갈산동,경기도,안양시 동안구,갈산동
안양8동-1382,1382,경기도 안양시 만안구 안양8동,경기도,안양시 만안구,안양8동
충훈동-1386,1386,경기도 안양시 만안구 충훈동,경기도,안양시 만안구,충훈동
신촌동-1405,1405,경기도 안양시 동안구 신촌동,경기도,안양시 동안구,신촌동
달안동-1394,1394,경기도 안양시 동안구 달안동,경기도,안양시 동안구,달안동
안양4동-1378,1378,경기도 안양시 만안구 안양4동,경기도,안양시 만안구,안양4동
중동-1420,1420,경기도 부천시 원미구 중동,경기도,부천시 원미구,중동
상동-1425,1425,경기도 부천시 원미구 상동,경기도,부천시 원미구,상동
소사본동-1432,1432,경기도 부천시 소사구 소사본동,경기도,부천시 소사구,소사본동
심곡동-4492,4492,경기도 부천시 원미구 심곡동,경기도,부천시 원미구,심곡동
중1동-1421,1421,경기도 부천시 원미구 중1동,경기도,부천시 원미구,중1동
괴안동-1435,1435,경기도 부천시 소사구 괴안동,경기도,부천시 소사구,괴안동
옥길동-4495,4495,경기도 부천시 소사구 옥길동,경기도,부천시 소사구,옥길동
원종동-4497,4497,경기도 부천시 오정구 원종동,경기도,부천시 오정구,원종동
상3동-1428,1428,경기도 부천시 원미구 상3동,경기도,부천시 원미구,상3동
심곡본동-1431,1431,경기도 부천시 소사구 심곡본동,경기도,부천시 소사구,심곡본동
범박동-1434,1434,경기도 부천시 소사구 범박동,경기도,부천시 소사구,범박동
도당동-1418,1418,경기도 부천시 원미구 도당동,경기도,부천시 원미구,도당동
송내동-4491,4491,경기도 부천시 소사구 송내동,경기도,부천시 소사구,송내동
상1동-1426,1426,경기도 부천시 원미구 상1동,경기도,부천시 원미구,상1동
오정동-1445,1445,경기도 부천시 오정구 오정동,경기도,부천시 오정구,오정동
춘의동-1417,1417,경기도 부천시 원미구 춘의동,경기도,부천시 원미구,춘의동
중4동-1424,1424,경기도 부천시 원미구 중4동,경기도,부천시 원미구,중4동
중3동-1423,1423,경기도 부천시 원미구 중3동,경기도,부천시 원미구,중3동
중2동-1422,1422,경기도 부천시 원미구 중2동,경기도,부천시 원미구,중2동
약대동-1419,1419,경기도 부천시 원미구 약대동,경기도,부천시 원미구,약대동
원미동-4496,4496,경기도 부천시 원미구 원미동,경기도,부천시 원미구,원미동
상2동-1427,1427,경기도 부천시 원미구 상2동,경기도,부천시 원미구,상2동
역곡동-4494,4494,경기도 부천시 원미구 역곡동,경기도,부천시 원미구,역곡동
고강동-4487,4487,경기도 부천시 오정구 고강동,경기도,부천시 오정구,고강동
소사본3동-1433,1433,경기도 부천시 소사구 소사본3동,경기도,부천시 소사구,소사본3동
여월동-4493,4493,경기도 부천시 오정구 여월동,경기도,부천시 오정구,여월동
송내2동-1438,1438,경기도 부천시 소사구 송내2동,경기도,부천시 소사구,송내2동
고강본동-1443,1443,경기도 부천시 오정구 고강본동,경기도,부천시 오정구,고강본동
송내1동-1437,1437,경기도 부천시 소사구 송내1동,경기도,부천시 소사구,송내1동
심곡2동-1410,1410,경기도 부천시 원미구 심곡2동,경기도,부천시 원미구,심곡2동
소사동-1414,1414,경기도 부천시 소사구 소사동,경기도,부천시 소사구,소사동
원종2동-1442,1442,경기도 부천시 오정구 원종2동,경기도,부천시 오정구,원종2동
역곡1동-1415,1415,경기도 부천시 원미구 역곡1동,경기도,부천시 원미구,역곡1동
삼정동-4490,4490,경기도 부천시 오정구 삼정동,경기도,부천시 오정구,삼정동
역곡2동-1416,1416,경기도 부천시 원미구 역곡2동,경기도,부천시 원미구,역곡2동
원종1동-1441,1441,경기도 부천시 오정구 원종1동,경기도,부천시 오정구,원종1동
심곡1동-1409,1409,경기도 부천시 원미구 심곡1동,경기도,부천시 원미구,심곡1동
원미1동-1412,1412,경기도 부천시 원미구 원미1동,경기도,부천시 원미구,원미1동
역곡3동-1436,1436,경기도 부천시 소사구 역곡3동,경기도,부천시 소사구,역곡3동
성곡동-1440,1440,경기도 부천시 오정구 성곡동,경기도,부천시 오정구,성곡동
내동-4488,4488,경기도 부천시 오정구 내동,경기도,부천시 오정구,내동
심곡본1동-1430,1430,경기도 부천시 소사구 심곡본1동,경기도,부천시 소사구,심곡본1동
심곡3동-1411,1411,경기도 부천시 원미구 심곡3동,경기도,부천시 원미구,심곡3동
작동-4498,4498,경기도 부천시 오정구 작동,경기도,부천시 오정구,작동
고강1동-1444,1444,경기도 부천시 오정구 고강1동,경기도,부천시 오정구,고강1동
원미2동-1413,1413,경기도 부천시 원미구 원미2동,경기도,부천시 원미구,원미2동
신흥동-1446,1446,경기도 부천시 오정구 신흥동,경기도,부천시 오정구,신흥동
계수동-4486,4486,경기도 부천시 소사구 계수동,경기도,부천시 소사구,계수동
대장동-4489,4489,경기도 부천시 오정구 대장동,경기도,부천시 오정구,대장동
철산동-4441,4441,경기도 광명시 철산동,경기도,광명시,철산동
일직동-4440,4440,경기도 광명시 일직동,경기도,광명시,일직동
소하1동-1463,1463,경기도 광명시 소하1동,경기도,광명시,소하1동
하안동-4442,4442,경기도 광명시 하안동,경기도,광명시,하안동
소하동-4438,4438,경기도 광명시 소하동,경기도,광명시,소하동
소하2동-1464,1464,경기도 광명시 소하2동,경기도,광명시,소하2동
철산3동-1457,1457,경기도 광명시 철산3동,경기도,광명시,철산3동
광명동-4436,4436,경기도 광명시 광명동,경기도,광명시,광명동
광명7동-1454,1454,경기도 광명시 광명7동,경기도,광명시,광명7동
하안1동-1459,1459,경기도 광명시 하안1동,경기도,광명시,하안1동
하안3동-1461,1461,경기도 광명시 하안3동,경기도,광명시,하안3동
철산1동-1455,1455,경기도 광명시 철산1동,경기도,광명시,철산1동
광명5동-1452,1452,경기도 광명시 광명5동,경기도,광명시,광명5동
광명6동-1453,1453,경기도 광명시 광명6동,경기도,광명시,광명6동
하안4동-1462,1462,경기도 광명시 하안4동,경기도,광명시,하안4동
철산4동-1458,1458,경기도 광명시 철산4동,경기도,광명시,철산4동
하안2동-1460,1460,경기도 광명시 하안2동,경기도,광명시,하안2동
광명4동-1451,1451,경기도 광명시 광명4동,경기도,광명시,광명4동
광명3동-1450,1450,경기도 광명시 광명3동,경기도,광명시,광명3동
철산2동-1456,1456,경기도 광명시 철산2동,경기도,광명시,철산2동
광명1동-1448,1448,경기도 광명시 광명1동,경기도,광명시,광명1동
광명2동-1449,1449,경기도 광명시 광명2동,경기도,광명시,광명2동
노온사동-4437,4437,경기도 광명시 노온사동,경기도,광명시,노온사동
옥길동-4439,4439,경기도 광명시 옥길동,경기도,광명시,옥길동
가학동-4435,4435,경기도 광명시 가학동,경기도,광명시,가학동
학온동-1465,1465,경기도 광명시 학온동,경기도,광명시,학온동
고덕동-11139,11139,경기도 평택시 고덕동,경기도,평택시,고덕동
안중읍-1468,1468,경기도 평택시 안중읍,경기도,평택시,안중읍
비전동-4786,4786,경기도 평택시 비전동,경기도,평택시,비전동
동삭동-4784,4784,경기도 평택시 동삭동,경기도,평택시,동삭동
서정동-1477,1477,경기도 평택시 서정동,경기도,평택시,서정동
용이동-4790,4790,경기도 평택시 용이동,경기도,평택시,용이동
포승읍-1469,1469,경기도 평택시 포승읍,경기도,평택시,포승읍
팽성읍-1467,1467,경기도 평택시 팽성읍,경기도,평택시,팽성읍
세교동-1488,1488,경기도 평택시 세교동,경기도,평택시,세교동
비전2동-1487,1487,경기도 평택시 비전2동,경기도,평택시,비전2동
청북읍-1474,1474,경기도 평택시 청북읍,경기도,평택시,청북읍
지산동-1479,1479,경기도 평택시 지산동,경기도,평택시,지산동
고덕면-1472,1472,경기도 평택시 고덕면,경기도,평택시,고덕면
이충동-4793,4793,경기도 평택시 이충동,경기도,평택시,이충동
합정동-4802,4802,경기도 평택시 합정동,경기도,평택시,합정동
비전1동-1486,1486,경기도 평택시 비전1동,경기도,평택시,비전1동
평택동-4801,4801,경기도 평택시 평택동,경기도,평택시,평택동
죽백동-4796,4796,경기도 평택시 죽백동,경기도,평택시,죽백동
칠원동-4800,4800,경기도 평택시 칠원동,경기도,평택시,칠원동
소사동-4787,4787,경기도 평택시 소사동,경기도,평택시,소사동
장당동-4794,4794,경기도 평택시 장당동,경기도,평택시,장당동
신장동-4789,4789,경기도 평택시 신장동,경기도,평택시,신장동
진위면-1470,1470,경기도 평택시 진위면,경기도,평택시,진위면
중앙동-1476,1476,경기도 평택시 중앙동,경기도,평택시,중앙동
통복동-1485,1485,경기도 평택시 통복동,경기도,평택시,통복동
지제동-4797,4797,경기도 평택시 지제동,경기도,평택시,지제동
원평동-1484,1484,경기도 평택시 원평동,경기도,평택시,원평동
송북동-1480,1480,경기도 평택시 송북동,경기도,평택시,송북동
오성면-1473,1473,경기도 평택시 오성면,경기도,평택시,오성면
독곡동-4783,4783,경기도 평택시 독곡동,경기도,평택시,독곡동
신장1동-1481,1481,경기도 평택시 신장1동,경기도,평택시,신장1동
서탄면-1471,1471,경기도 평택시 서탄면,경기도,평택시,서탄면
장안동-4795,4795,경기도 평택시 장안동,경기도,평택시,장안동
신장2동-1482,1482,경기도 평택시 신장2동,경기도,평택시,신장2동
신평동-1483,1483,경기도 평택시 신평동,경기도,평택시,신평동
송탄동-1478,1478,경기도 평택시 송탄동,경기도,평택시,송탄동
현덕면-1475,1475,경기도 평택시 현덕면,경기도,평택시,현덕면
가재동-4780,4780,경기도 평택시 가재동,경기도,평택시,가재동
군문동-4781,4781,경기도 평택시 군문동,경기도,평택시,군문동
칠괴동-4799,4799,경기도 평택시 칠괴동,경기도,평택시,칠괴동
신대동-4788,4788,경기도 평택시 신대동,경기도,평택시,신대동
모곡동-4785,4785,경기도 평택시 모곡동,경기도,평택시,모곡동
도일동-4782,4782,경기도 평택시 도일동,경기도,평택시,도일동
유천동-4792,4792,경기도 평택시 유천동,경기도,평택시,유천동
청룡동-4798,4798,경기도 평택시 청룡동,경기도,평택시,청룡동
월곡동-4791,4791,경기도 평택시 월곡동,경기도,평택시,월곡동
지행동-4483,4483,경기도 동두천시 지행동,경기도,동두천시,지행동
생연동-4481,4481,경기도 동두천시 생연동,경기도,동두천시,생연동
송내동-1497,1497,경기도 동두천시 송내동,경기도,동두천시,송내동
불현동-1496,1496,경기도 동두천시 불현동,경기도,동두천시,불현동
생연2동-1493,1493,경기도 동두천시 생연2동,경기도,동두천시,생연2동
생연1동-1492,1492,경기도 동두천시 생연1동,경기도,동두천시,생연1동
중앙동-1494,1494,경기도 동두천시 중앙동,경기도,동두천시,중앙동
보산동-1495,1495,경기도 동두천시 보산동,경기도,동두천시,보산동
상패동-1499,1499,경기도 동두천시 상패동,경기도,동두천시,상패동
동두천동-4479,4479,경기도 동두천시 동두천동,경기도,동두천시,동두천동
소요동-1498,1498,경기도 동두천시 소요동,경기도,동두천시,소요동
상봉암동-4480,4480,경기도 동두천시 상봉암동,경기도,동두천시,상봉암동
광암동-4478,4478,경기도 동두천시 광암동,경기도,동두천시,광암동
탑동동-4484,4484,경기도 동두천시 탑동동,경기도,동두천시,탑동동
하봉암동-4485,4485,경기도 동두천시 하봉암동,경기도,동두천시,하봉암동
안흥동-4482,4482,경기도 동두천시 안흥동,경기도,동두천시,안흥동
걸산동-4477,4477,경기도 동두천시 걸산동,경기도,동두천시,걸산동
고잔동-1517,1517,경기도 안산시 단원구 고잔동,경기도,안산시 단원구,고잔동
사동-1504,1504,경기도 안산시 상록구 사동,경기도,안산시 상록구,사동
초지동-1523,1523,경기도 안산시 단원구 초지동,경기도,안산시 단원구,초지동
본오동-4596,4596,경기도 안산시 상록구 본오동,경기도,안산시 상록구,본오동
와동-1516,1516,경기도 안산시 단원구 와동,경기도,안산시 단원구,와동
중앙동-1518,1518,경기도 안산시 단원구 중앙동,경기도,안산시 단원구,중앙동
월피동-1511,1511,경기도 안산시 상록구 월피동,경기도,안산시 상록구,월피동
선부동-4590,4590,경기도 안산시 단원구 선부동,경기도,안산시 단원구,선부동
이동-1503,1503,경기도 안산시 상록구 이동,경기도,안산시 상록구,이동
원곡동-1520,1520,경기도 안산시 단원구 원곡동,경기도,안산시 단원구,원곡동
일동-1502,1502,경기도 안산시 상록구 일동,경기도,안산시 상록구,일동
부곡동-1510,1510,경기도 안산시 상록구 부곡동,경기도,안산시 상록구,부곡동
신길동-4202,4202,경기도 안산시 단원구 신길동,경기도,안산시 단원구,신길동
해양동-1506,1506,경기도 안산시 상록구 해양동,경기도,안산시 상록구,해양동
백운동-1521,1521,경기도 안산시 단원구 백운동,경기도,안산시 단원구,백운동
성포동-1512,1512,경기도 안산시 상록구 성포동,경기도,안산시 상록구,성포동
선부3동-1526,1526,경기도 안산시 단원구 선부3동,경기도,안산시 단원구,선부3동
호수동-1519,1519,경기도 안산시 단원구 호수동,경기도,안산시 단원구,호수동
사이동-1505,1505,경기도 안산시 상록구 사이동,경기도,안산시 상록구,사이동
본오2동-1508,1508,경기도 안산시 상록구 본오2동,경기도,안산시 상록구,본오2동
본오1동-1507,1507,경기도 안산시 상록구 본오1동,경기도,안산시 상록구,본오1동
본오3동-1509,1509,경기도 안산시 상록구 본오3동,경기도,안산시 상록구,본오3동
선부2동-1525,1525,경기도 안산시 단원구 선부2동,경기도,안산시 단원구,선부2동
성곡동-4591,4591,경기도 안산시 단원구 성곡동,경기도,안산시 단원구,성곡동
선부1동-1524,1524,경기도 안산시 단원구 선부1동,경기도,안산시 단원구,선부1동
건건동-4595,4595,경기도 안산시 상록구 건건동,경기도,안산시 상록구,건건동
원시동-4592,4592,경기도 안산시 단원구 원시동,경기도,안산시 단원구,원시동
반월동-1513,1513,경기도 안산시 상록구 반월동,경기도,안산시 상록구,반월동
수암동-4598,4598,경기도 안산시 상록구 수암동,경기도,안산시 상록구,수암동
목내동-4588,4588,경기도 안산시 단원구 목내동,경기도,안산시 단원구,목내동
안산동-1514,1514,경기도 안산시 상록구 안산동,경기도,안산시 상록구,안산동
팔곡이동-4602,4602,경기도 안산시 상록구 팔곡이동,경기도,안산시 상록구,팔곡이동
대부동-1527,1527,경기도 안산시 단원구 대부동,경기도,안산시 단원구,대부동
사사동-4597,4597,경기도 안산시 상록구 사사동,경기도,안산시 상록구,사사동
장상동-4600,4600,경기도 안산시 상록구 장상동,경기도,안산시 상록구,장상동
팔곡일동-4603,4603,경기도 안산시 상록구 팔곡일동,경기도,안산시 상록구,팔곡일동
대부북동-4587,4587,경기도 안산시 단원구 대부북동,경기도,안산시 단원구,대부북동
화정동-4594,4594,경기도 안산시 단원구 화정동,경기도,안산시 단원구,화정동
대부동동-4586,4586,경기도 안산시 단원구 대부동동,경기도,안산시 단원구,대부동동
대부남동-4585,4585,경기도 안산시 단원구 대부남동,경기도,안산시 단원구,대부남동
양상동-4599,4599,경기도 안산시 상록구 양상동,경기도,안산시 상록구,양상동
선감동-4589,4589,경기도 안산시 단원구 선감동,경기도,안산시 단원구,선감동
장하동-4601,4601,경기도 안산시 상록구 장하동,경기도,안산시 상록구,장하동
풍도동-4593,4593,경기도 안산시 단원구 풍도동,경기도,안산시 단원구,풍도동
대화동-1568,1568,경기도 고양시 일산서구 대화동,경기도,고양시 일산서구,대화동
탄현동-1565,1565,경기도 고양시 일산서구 탄현동,경기도,고양시 일산서구,탄현동
중산동-1551,1551,경기도 고양시 일산동구 중산동,경기도,고양시 일산동구,중산동
식사동-1550,1550,경기도 고양시 일산동구 식사동,경기도,고양시 일산동구,식사동
행신동-4410,4410,경기도 고양시 덕양구 행신동,경기도,고양시 덕양구,행신동
화정동-4415,4415,경기도 고양시 덕양구 화정동,경기도,고양시 덕양구,화정동
장항동-4422,4422,경기도 고양시 일산동구 장항동,경기도,고양시 일산동구,장항동
백석동-4418,4418,경기도 고양시 일산동구 백석동,경기도,고양시 일산동구,백석동
풍동-4424,4424,경기도 고양시 일산동구 풍동,경기도,고양시 일산동구,풍동
덕이동-4427,4427,경기도 고양시 일산서구 덕이동,경기도,고양시 일산서구,덕이동
정발산동-1552,1552,경기도 고양시 일산동구 정발산동,경기도,고양시 일산동구,정발산동
주엽동-4430,4430,경기도 고양시 일산서구 주엽동,경기도,고양시 일산서구,주엽동
일산동-4429,4429,경기도 고양시 일산서구 일산동,경기도,고양시 일산서구,일산동
원흥동-4407,4407,경기도 고양시 덕양구 원흥동,경기도,고양시 덕양구,원흥동
삼송동-1536,1536,경기도 고양시 덕양구 삼송동,경기도,고양시 덕양구,삼송동
향동동-4413,4413,경기도 고양시 덕양구 향동동,경기도,고양시 덕양구,향동동
일산3동-1564,1564,경기도 고양시 일산서구 일산3동,경기도,고양시 일산서구,일산3동
마두동-4416,4416,경기도 고양시 일산동구 마두동,경기도,고양시 일산동구,마두동
화정2동-1542,1542,경기도 고양시 덕양구 화정2동,경기도,고양시 덕양구,화정2동
도내동-4396,4396,경기도 고양시 덕양구 도내동,경기도,고양시 덕양구,도내동
지축동-4408,4408,경기도 고양시 덕양구 지축동,경기도,고양시 덕양구,지축동
고양동-1538,1538,경기도 고양시 덕양구 고양동,경기도,고양시 덕양구,고양동
화정1동-1541,1541,경기도 고양시 덕양구 화정1동,경기도,고양시 덕양구,화정1동
신원동-4402,4402,경기도 고양시 덕양구 신원동,경기도,고양시 덕양구,신원동
일산1동-1562,1562,경기도 고양시 일산서구 일산1동,경기도,고양시 일산서구,일산1동
동산동-4397,4397,경기도 고양시 덕양구 동산동,경기도,고양시 덕양구,동산동
백석1동-1554,1554,경기도 고양시 일산동구 백석1동,경기도,고양시 일산동구,백석1동
행신3동-1546,1546,경기도 고양시 덕양구 행신3동,경기도,고양시 덕양구,행신3동
마두1동-1556,1556,경기도 고양시 일산동구 마두1동,경기도,고양시 일산동구,마두1동
주엽1동-1566,1566,경기도 고양시 일산서구 주엽1동,경기도,고양시 일산서구,주엽1동
가좌동-4425,4425,경기도 고양시 일산서구 가좌동,경기도,고양시 일산서구,가좌동
장항2동-1559,1559,경기도 고양시 일산동구 장항2동,경기도,고양시 일산동구,장항2동
행신2동-1545,1545,경기도 고양시 덕양구 행신2동,경기도,고양시 덕양구,행신2동
관산동-1539,1539,경기도 고양시 덕양구 관산동,경기도,고양시 덕양구,관산동
주엽2동-1567,1567,경기도 고양시 일산서구 주엽2동,경기도,고양시 일산서구,주엽2동
토당동-4409,4409,경기도 고양시 덕양구 토당동,경기도,고양시 덕양구,토당동
장항1동-1558,1558,경기도 고양시 일산동구 장항1동,경기도,고양시 일산동구,장항1동
주교동-1530,1530,경기도 고양시 덕양구 주교동,경기도,고양시 덕양구,주교동
성사1동-1533,1533,경기도 고양시 덕양구 성사1동,경기도,고양시 덕양구,성사1동
덕은동-4395,4395,경기도 고양시 덕양구 덕은동,경기도,고양시 덕양구,덕은동
행신1동-1544,1544,경기도 고양시 덕양구 행신1동,경기도,고양시 덕양구,행신1동
내유동-4392,4392,경기도 고양시 덕양구 내유동,경기도,고양시 덕양구,내유동
일산2동-1563,1563,경기도 고양시 일산서구 일산2동,경기도,고양시 일산서구,일산2동
백석2동-1555,1555,경기도 고양시 일산동구 백석2동,경기도,고양시 일산동구,백석2동
성사동-4401,4401,경기도 고양시 덕양구 성사동,경기도,고양시 덕양구,성사동
능곡동-1540,1540,경기도 고양시 덕양구 능곡동,경기도,고양시 덕양구,능곡동
성석동-4421,4421,경기도 고양시 일산동구 성석동,경기도,고양시 일산동구,성석동
풍산동-1553,1553,경기도 고양시 일산동구 풍산동,경기도,고양시 일산동구,풍산동
마두2동-1557,1557,경기도 고양시 일산동구 마두2동,경기도,고양시 일산동구,마두2동
성사2동-1534,1534,경기도 고양시 덕양구 성사2동,경기도,고양시 덕양구,성사2동
창릉동-1537,1537,경기도 고양시 덕양구 창릉동,경기도,고양시 덕양구,창릉동
송포동-1569,1569,경기도 고양시 일산서구 송포동,경기도,고양시 일산서구,송포동
행신4동-11403,11403,경기도 고양시 덕양구 행신4동,경기도,고양시 덕양구,행신4동
오금동-4404,4404,경기도 고양시 덕양구 오금동,경기도,고양시 덕양구,오금동
사리현동-4237,4237,경기도 고양시 일산동구 사리현동,경기도,고양시 일산동구,사리현동
흥도동-1532,1532,경기도 고양시 덕양구 흥도동,경기도,고양시 덕양구,흥도동
화전동-1547,1547,경기도 고양시 덕양구 화전동,경기도,고양시 덕양구,화전동
송산동-1570,1570,경기도 고양시 일산서구 송산동,경기도,고양시 일산서구,송산동
설문동-4420,4420,경기도 고양시 일산동구 설문동,경기도,고양시 일산동구,설문동
고봉동-1560,1560,경기도 고양시 일산동구 고봉동,경기도,고양시 일산동구,고봉동
대자동-4393,4393,경기도 고양시 덕양구 대자동,경기도,고양시 덕양구,대자동
벽제동-4398,4398,경기도 고양시 덕양구 벽제동,경기도,고양시 덕양구,벽제동
용두동-4405,4405,경기도 고양시 덕양구 용두동,경기도,고양시 덕양구,용두동
원당동-4406,4406,경기도 고양시 덕양구 원당동,경기도,고양시 덕양구,원당동
대덕동-1548,1548,경기도 고양시 덕양구 대덕동,경기도,고양시 덕양구,대덕동
행주동-1543,1543,경기도 고양시 덕양구 행주동,경기도,고양시 덕양구,행주동
문봉동-4417,4417,경기도 고양시 일산동구 문봉동,경기도,고양시 일산동구,문봉동
원신동-1531,1531,경기도 고양시 덕양구 원신동,경기도,고양시 덕양구,원신동
대장동-4394,4394,경기도 고양시 덕양구 대장동,경기도,고양시 덕양구,대장동
구산동-4426,4426,경기도 고양시 일산서구 구산동,경기도,고양시 일산서구,구산동
지영동-4423,4423,경기도 고양시 일산동구 지영동,경기도,고양시 일산동구,지영동
법곳동-4428,4428,경기도 고양시 일산서구 법곳동,경기도,고양시 일산서구,법곳동
현천동-4414,4414,경기도 고양시 덕양구 현천동,경기도,고양시 덕양구,현천동
내곡동-4391,4391,경기도 고양시 덕양구 내곡동,경기도,고양시 덕양구,내곡동
산황동-4419,4419,경기도 고양시 일산동구 산황동,경기도,고양시 일산동구,산황동
행주내동-4411,4411,경기도 고양시 덕양구 행주내동,경기도,고양시 덕양구,행주내동
강매동-4390,4390,경기도 고양시 덕양구 강매동,경기도,고양시 덕양구,강매동
효자동-1535,1535,경기도 고양시 덕양구 효자동,경기도,고양시 덕양구,효자동
행주외동-4412,4412,경기도 고양시 덕양구 행주외동,경기도,고양시 덕양구,행주외동
선유동-4400,4400,경기도 고양시 덕양구 선유동,경기도,고양시 덕양구,선유동
신평동-4403,4403,경기도 고양시 덕양구 신평동,경기도,고양시 덕양구,신평동
북한동-4399,4399,경기도 고양시 덕양구 북한동,경기도,고양시 덕양구,북한동
별양동-1574,1574,경기도 과천시 별양동,경기도,과천시,별양동
갈현동-1573,1573,경기도 과천시 갈현동,경기도,과천시,갈현동
중앙동-1572,1572,경기도 과천시 중앙동,경기도,과천시,중앙동
원문동-4433,4433,경기도 과천시 원문동,경기도,과천시,원문동
부림동-1575,1575,경기도 과천시 부림동,경기도,과천시,부림동
문원동-1577,1577,경기도 과천시 문원동,경기도,과천시,문원동
과천동-1576,1576,경기도 과천시 과천동,경기도,과천시,과천동
주암동-4434,4434,경기도 과천시 주암동,경기도,과천시,주암동
막계동-4432,4432,경기도 과천시 막계동,경기도,과천시,막계동
관문동-4431,4431,경기도 과천시 관문동,경기도,과천시,관문동
인창동-1581,1581,경기도 구리시 인창동,경기도,구리시,인창동
갈매동-1579,1579,경기도 구리시 갈매동,경기도,구리시,갈매동
수택동-4455,4455,경기도 구리시 수택동,경기도,구리시,수택동
수택2동-1585,1585,경기도 구리시 수택2동,경기도,구리시,수택2동
수택1동-1584,1584,경기도 구리시 수택1동,경기도,구리시,수택1동
교문동-4453,4453,경기도 구리시 교문동,경기도,구리시,교문동
수택3동-1586,1586,경기도 구리시 수택3동,경기도,구리시,수택3동
교문1동-1582,1582,경기도 구리시 교문1동,경기도,구리시,교문1동
교문2동-1583,1583,경기도 구리시 교문2동,경기도,구리시,교문2동
동구동-1580,1580,경기도 구리시 동구동,경기도,구리시,동구동
토평동-4457,4457,경기도 구리시 토평동,경기도,구리시,토평동
아천동-4456,4456,경기도 구리시 아천동,경기도,구리시,아천동
사노동-4454,4454,경기도 구리시 사노동,경기도,구리시,사노동
화도읍-1590,1590,경기도 남양주시 화도읍,경기도,남양주시,화도읍
진접읍-1589,1589,경기도 남양주시 진접읍,경기도,남양주시,진접읍
별내동-1604,1604,경기도 남양주시 별내동,경기도,남양주시,별내동
다산동-4470,4470,경기도 남양주시 다산동,경기도,남양주시,다산동
호평동-1598,1598,경기도 남양주시 호평동,경기도,남양주시,호평동
와부읍-1588,1588,경기도 남양주시 와부읍,경기도,남양주시,와부읍
오남읍-1593,1593,경기도 남양주시 오남읍,경기도,남양주시,오남읍
다산1동-1603,1603,경기도 남양주시 다산1동,경기도,남양주시,다산1동
평내동-1599,1599,경기도 남양주시 평내동,경기도,남양주시,평내동
다산2동-1602,1602,경기도 남양주시 다산2동,경기도,남양주시,다산2동
퇴계원읍-1597,1597,경기도 남양주시 퇴계원읍,경기도,남양주시,퇴계원읍
진건읍-1592,1592,경기도 남양주시 진건읍,경기도,남양주시,진건읍
금곡동-1600,1600,경기도 남양주시 금곡동,경기도,남양주시,금곡동
별내면-1594,1594,경기도 남양주시 별내면,경기도,남양주시,별내면
수동면-1595,1595,경기도 남양주시 수동면,경기도,남양주시,수동면
도농동-4471,4471,경기도 남양주시 도농동,경기도,남양주시,도농동
조안면-1596,1596,경기도 남양주시 조안면,경기도,남양주시,조안면
일패동-4475,4475,경기도 남양주시 일패동,경기도,남양주시,일패동
지금동-4476,4476,경기도 남양주시 지금동,경기도,남양주시,지금동
삼패동-4472,4472,경기도 남양주시 삼패동,경기도,남양주시,삼패동
이패동-4474,4474,경기도 남양주시 이패동,경기도,남양주시,이패동
양정동-1601,1601,경기도 남양주시 양정동,경기도,남양주시,양정동
수석동-4473,4473,경기도 남양주시 수석동,경기도,남양주시,수석동
궐동-4687,4687,경기도 오산시 궐동,경기도,오산시,궐동
원동-4701,4701,경기도 오산시 원동,경기도,오산시,원동
오산동-4699,4699,경기도 오산시 오산동,경기도,오산시,오산동
금암동-4688,4688,경기도 오산시 금암동,경기도,오산시,금암동
대원동-1612,1612,경기도 오산시 대원동,경기도,오산시,대원동
수청동-4697,4697,경기도 오산시 수청동,경기도,오산시,수청동
부산동-4693,4693,경기도 오산시 부산동,경기도,오산시,부산동
갈곶동-4685,4685,경기도 오산시 갈곶동,경기도,오산시,갈곶동
내삼미동-4689,4689,경기도 오산시 내삼미동,경기도,오산시,내삼미동
세교동-4696,4696,경기도 오산시 세교동,경기도,오산시,세교동
세마동-1610,1610,경기도 오산시 세마동,경기도,오산시,세마동
양산동-4698,4698,경기도 오산시 양산동,경기도,오산시,양산동
누읍동-4690,4690,경기도 오산시 누읍동,경기도,오산시,누읍동
신장동-1609,1609,경기도 오산시 신장동,경기도,오산시,신장동
외삼미동-4700,4700,경기도 오산시 외삼미동,경기도,오산시,외삼미동
중앙동-1607,1607,경기도 오산시 중앙동,경기도,오산시,중앙동
남촌동-1608,1608,경기도 오산시 남촌동,경기도,오산시,남촌동
청호동-4705,4705,경기도 오산시 청호동,경기도,오산시,청호동
가수동-4683,4683,경기도 오산시 가수동,경기도,오산시,가수동
초평동-1611,1611,경기도 오산시 초평동,경기도,오산시,초평동
고현동-4686,4686,경기도 오산시 고현동,경기도,오산시,고현동
지곶동-4703,4703,경기도 오산시 지곶동,경기도,오산시,지곶동
은계동-4702,4702,경기도 오산시 은계동,경기도,오산시,은계동
서동-4694,4694,경기도 오산시 서동,경기도,오산시,서동
청학동-4704,4704,경기도 오산시 청학동,경기도,오산시,청학동
탑동-4706,4706,경기도 오산시 탑동,경기도,오산시,탑동
가장동-4684,4684,경기도 오산시 가장동,경기도,오산시,가장동
벌음동-4692,4692,경기도 오산시 벌음동,경기도,오산시,벌음동
서랑동-4695,4695,경기도 오산시 서랑동,경기도,오산시,서랑동
두곡동-4691,4691,경기도 오산시 두곡동,경기도,오산시,두곡동
배곧동-4245,4245,경기도 시흥시 배곧동,경기도,시흥시,배곧동
정왕동-4578,4578,경기도 시흥시 정왕동,경기도,시흥시,정왕동
은행동-1617,1617,경기도 시흥시 은행동,경기도,시흥시,은행동
대야동-1614,1614,경기도 시흥시 대야동,경기도,시흥시,대야동
정왕본동-1622,1622,경기도 시흥시 정왕본동,경기도,시흥시,정왕본동
신천동-1615,1615,경기도 시흥시 신천동,경기도,시흥시,신천동
장곡동-1629,1629,경기도 시흥시 장곡동,경기도,시흥시,장곡동
정왕1동-1623,1623,경기도 시흥시 정왕1동,경기도,시흥시,정왕1동
능곡동-1630,1630,경기도 시흥시 능곡동,경기도,시흥시,능곡동
정왕2동-1624,1624,경기도 시흥시 정왕2동,경기도,시흥시,정왕2동
월곶동-1621,1621,경기도 시흥시 월곶동,경기도,시흥시,월곶동
장현동-4577,4577,경기도 시흥시 장현동,경기도,시흥시,장현동
거모동-4565,4565,경기도 시흥시 거모동,경기도,시흥시,거모동
정왕4동-1626,1626,경기도 시흥시 정왕4동,경기도,시흥시,정왕4동
조남동-4579,4579,경기도 시흥시 조남동,경기도,시흥시,조남동
정왕3동-1625,1625,경기도 시흥시 정왕3동,경기도,시흥시,정왕3동
목감동-1619,1619,경기도 시흥시 목감동,경기도,시흥시,목감동
매화동-1618,1618,경기도 시흥시 매화동,경기도,시흥시,매화동
산현동-4575,4575,경기도 시흥시 산현동,경기도,시흥시,산현동
하중동-4583,4583,경기도 시흥시 하중동,경기도,시흥시,하중동
거북섬동-12245,12245,경기도 시흥시 거북섬동,경기도,시흥시,거북섬동
하상동-4582,4582,경기도 시흥시 하상동,경기도,시흥시,하상동
연성동-1628,1628,경기도 시흥시 연성동,경기도,시흥시,연성동
죽율동-4580,4580,경기도 시흥시 죽율동,경기도,시흥시,죽율동
군자동-1620,1620,경기도 시흥시 군자동,경기도,시흥시,군자동
미산동-4573,4573,경기도 시흥시 미산동,경기도,시흥시,미산동
포동-4581,4581,경기도 시흥시 포동,경기도,시흥시,포동
논곡동-4569,4569,경기도 시흥시 논곡동,경기도,시흥시,논곡동
신현동-1616,1616,경기도 시흥시 신현동,경기도,시흥시,신현동
도창동-4570,4570,경기도 시흥시 도창동,경기도,시흥시,도창동
계수동-4566,4566,경기도 시흥시 계수동,경기도,시흥시,계수동
과림동-1627,1627,경기도 시흥시 과림동,경기도,시흥시,과림동
광석동-4567,4567,경기도 시흥시 광석동,경기도,시흥시,광석동
안현동-4576,4576,경기도 시흥시 안현동,경기도,시흥시,안현동
방산동-4574,4574,경기도 시흥시 방산동,경기도,시흥시,방산동
물왕동-4572,4572,경기도 시흥시 물왕동,경기도,시흥시,물왕동
무지내동-4571,4571,경기도 시흥시 무지내동,경기도,시흥시,무지내동
금이동-4568,4568,경기도 시흥시 금이동,경기도,시흥시,금이동
화정동-4584,4584,경기도 시흥시 화정동,경기도,시흥시,화정동
산본동-4464,4464,경기도 군포시 산본동,경기도,군포시,산본동
당동-4458,4458,경기도 군포시 당동,경기도,군포시,당동
금정동-1636,1636,경기도 군포시 금정동,경기도,군포시,금정동
산본2동-1635,1635,경기도 군포시 산본2동,경기도,군포시,산본2동
산본1동-1634,1634,경기도 군포시 산본1동,경기도,군포시,산본1동
당정동-4459,4459,경기도 군포시 당정동,경기도,군포시,당정동
오금동-1638,1638,경기도 군포시 오금동,경기도,군포시,오금동
부곡동-4463,4463,경기도 군포시 부곡동,경기도,군포시,부곡동
군포2동-1633,1633,경기도 군포시 군포2동,경기도,군포시,군포2동
광정동-1642,1642,경기도 군포시 광정동,경기도,군포시,광정동
군포1동-1632,1632,경기도 군포시 군포1동,경기도,군포시,군포1동
재궁동-1637,1637,경기도 군포시 재궁동,경기도,군포시,재궁동
도마교동-4461,4461,경기도 군포시 도마교동,경기도,군포시,도마교동
수리동-1639,1639,경기도 군포시 수리동,경기도,군포시,수리동
궁내동-1640,1640,경기도 군포시 궁내동,경기도,군포시,궁내동
대야미동-4460,4460,경기도 군포시 대야미동,경기도,군포시,대야미동
대야동-1641,1641,경기도 군포시 대야동,경기도,군포시,대야동
속달동-4465,4465,경기도 군포시 속달동,경기도,군포시,속달동
둔대동-4462,4462,경기도 군포시 둔대동,경기도,군포시,둔대동
오전동-1646,1646,경기도 의왕시 오전동,경기도,의왕시,오전동
포일동-4244,4244,경기도 의왕시 포일동,경기도,의왕시,포일동
삼동-4732,4732,경기도 의왕시 삼동,경기도,의왕시,삼동
내손동-4731,4731,경기도 의왕시 내손동,경기도,의왕시,내손동
내손2동-1648,1648,경기도 의왕시 내손2동,경기도,의왕시,내손2동
내손1동-1647,1647,경기도 의왕시 내손1동,경기도,의왕시,내손1동
학의동-4737,4737,경기도 의왕시 학의동,경기도,의왕시,학의동
고천동-1644,1644,경기도 의왕시 고천동,경기도,의왕시,고천동
부곡동-1645,1645,경기도 의왕시 부곡동,경기도,의왕시,부곡동
청계동-1649,1649,경기도 의왕시 청계동,경기도,의왕시,청계동
왕곡동-4733,4733,경기도 의왕시 왕곡동,경기도,의왕시,왕곡동
초평동-4736,4736,경기도 의왕시 초평동,경기도,의왕시,초평동
이동-4735,4735,경기도 의왕시 이동,경기도,의왕시,이동
월암동-4734,4734,경기도 의왕시 월암동,경기도,의왕시,월암동
망월동-4814,4814,경기도 하남시 망월동,경기도,하남시,망월동
덕풍동-4813,4813,경기도 하남시 덕풍동,경기도,하남시,덕풍동
풍산동-1657,1657,경기도 하남시 풍산동,경기도,하남시,풍산동
미사2동-1662,1662,경기도 하남시 미사2동,경기도,하남시,미사2동
신장동-4820,4820,경기도 하남시 신장동,경기도,하남시,신장동
미사1동-1661,1661,경기도 하남시 미사1동,경기도,하남시,미사1동
감이동-4808,4808,경기도 하남시 감이동,경기도,하남시,감이동
위례동-3965,3965,경기도 하남시 위례동,경기도,하남시,위례동
신장2동-1653,1653,경기도 하남시 신장2동,경기도,하남시,신장2동
감일동-4809,4809,경기도 하남시 감일동,경기도,하남시,감일동
학암동-4825,4825,경기도 하남시 학암동,경기도,하남시,학암동
덕풍3동-1656,1656,경기도 하남시 덕풍3동,경기도,하남시,덕풍3동
덕풍1동-1654,1654,경기도 하남시 덕풍1동,경기도,하남시,덕풍1동
미사3동-12173,12173,경기도 하남시 미사3동,경기도,하남시,미사3동
덕풍2동-1655,1655,경기도 하남시 덕풍2동,경기도,하남시,덕풍2동
창우동-4821,4821,경기도 하남시 창우동,경기도,하남시,창우동
신장1동-1652,1652,경기도 하남시 신장1동,경기도,하남시,신장1동
미사동-4815,4815,경기도 하남시 미사동,경기도,하남시,미사동
선동-4819,4819,경기도 하남시 선동,경기도,하남시,선동
감북동-1658,1658,경기도 하남시 감북동,경기도,하남시,감북동
초이동-1660,1660,경기도 하남시 초이동,경기도,하남시,초이동
천현동-1651,1651,경기도 하남시 천현동,경기도,하남시,천현동
하산곡동-4824,4824,경기도 하남시 하산곡동,경기도,하남시,하산곡동
초일동-4822,4822,경기도 하남시 초일동,경기도,하남시,초일동
춘궁동-1659,1659,경기도 하남시 춘궁동,경기도,하남시,춘궁동
상산곡동-4818,4818,경기도 하남시 상산곡동,경기도,하남시,상산곡동
광암동-4810,4810,경기도 하남시 광암동,경기도,하남시,광암동
교산동-4811,4811,경기도 하남시 교산동,경기도,하남시,교산동
하사창동-4823,4823,경기도 하남시 하사창동,경기도,하남시,하사창동
상사창동-4817,4817,경기도 하남시 상사창동,경기도,하남시,상사창동
항동-4826,4826,경기도 하남시 항동,경기도,하남시,항동
배알미동-4816,4816,경기도 하남시 배알미동,경기도,하남시,배알미동
당정동-4812,4812,경기도 하남시 당정동,경기도,하남시,당정동
성복동-1697,1697,경기도 용인시 수지구 성복동,경기도,용인시 수지구,성복동
구갈동-1679,1679,경기도 용인시 기흥구 구갈동,경기도,용인시 기흥구,구갈동
동천동-1694,1694,경기도 용인시 수지구 동천동,경기도,용인시 수지구,동천동
동백동-1685,1685,경기도 용인시 기흥구 동백동,경기도,용인시 기흥구,동백동
중동-4713,4713,경기도 용인시 기흥구 중동,경기도,용인시 기흥구,중동
신갈동-1677,1677,경기도 용인시 기흥구 신갈동,경기도,용인시 기흥구,신갈동
상현동-4718,4718,경기도 용인시 수지구 상현동,경기도,용인시 수지구,상현동
역북동-4726,4726,경기도 용인시 처인구 역북동,경기도,용인시 처인구,역북동
보정동-1687,1687,경기도 용인시 기흥구 보정동,경기도,용인시 기흥구,보정동
신봉동-1691,1691,경기도 용인시 수지구 신봉동,경기도,용인시 수지구,신봉동
영덕동-1678,1678,경기도 용인시 기흥구 영덕동,경기도,용인시 기흥구,영덕동
죽전동-4719,4719,경기도 용인시 수지구 죽전동,경기도,용인시 수지구,죽전동
풍덕천동-4720,4720,경기도 용인시 수지구 풍덕천동,경기도,용인시 수지구,풍덕천동
포곡읍-1665,1665,경기도 용인시 처인구 포곡읍,경기도,용인시 처인구,포곡읍
마북동-1684,1684,경기도 용인시 기흥구 마북동,경기도,용인시 기흥구,마북동
모현읍-1666,1666,경기도 용인시 처인구 모현읍,경기도,용인시 처인구,모현읍
보라동-4710,4710,경기도 용인시 기흥구 보라동,경기도,용인시 기흥구,보라동
죽전1동-1692,1692,경기도 용인시 수지구 죽전1동,경기도,용인시 수지구,죽전1동
김량장동-4722,4722,경기도 용인시 처인구 김량장동,경기도,용인시 처인구,김량장동
고림동-4721,4721,경기도 용인시 처인구 고림동,경기도,용인시 처인구,고림동
풍덕천2동-1690,1690,경기도 용인시 수지구 풍덕천2동,경기도,용인시 수지구,풍덕천2동
풍덕천1동-1689,1689,경기도 용인시 수지구 풍덕천1동,경기도,용인시 수지구,풍덕천1동
양지면-1671,1671,경기도 용인시 처인구 양지면,경기도,용인시 처인구,양지면
상하동-1686,1686,경기도 용인시 기흥구 상하동,경기도,용인시 기흥구,상하동
남사읍-1667,1667,경기도 용인시 처인구 남사읍,경기도,용인시 처인구,남사읍
서천동-4711,4711,경기도 용인시 기흥구 서천동,경기도,용인시 기흥구,서천동
상현2동-1696,1696,경기도 용인시 수지구 상현2동,경기도,용인시 수지구,상현2동
이동읍-1668,1668,경기도 용인시 처인구 이동읍,경기도,용인시 처인구,이동읍
상현1동-1695,1695,경기도 용인시 수지구 상현1동,경기도,용인시 수지구,상현1동
언남동-4712,4712,경기도 용인시 기흥구 언남동,경기도,용인시 기흥구,언남동
상갈동-1680,1680,경기도 용인시 기흥구 상갈동,경기도,용인시 기흥구,상갈동
유림동-1674,1674,경기도 용인시 처인구 유림동,경기도,용인시 처인구,유림동
공세동-4708,4708,경기도 용인시 기흥구 공세동,경기도,용인시 기흥구,공세동
삼가동-4725,4725,경기도 용인시 처인구 삼가동,경기도,용인시 처인구,삼가동
청덕동-4715,4715,경기도 용인시 기흥구 청덕동,경기도,용인시 기흥구,청덕동
죽전2동-1693,1693,경기도 용인시 수지구 죽전2동,경기도,용인시 수지구,죽전2동
구성동-1683,1683,경기도 용인시 기흥구 구성동,경기도,용인시 기흥구,구성동
중앙동-1672,1672,경기도 용인시 처인구 중앙동,경기도,용인시 처인구,중앙동
마평동-4724,4724,경기도 용인시 처인구 마평동,경기도,용인시 처인구,마평동
유방동-4728,4728,경기도 용인시 처인구 유방동,경기도,용인시 처인구,유방동
역삼동-1673,1673,경기도 용인시 처인구 역삼동,경기도,용인시 처인구,역삼동
원삼면-1669,1669,경기도 용인시 처인구 원삼면,경기도,용인시 처인구,원삼면
백암면-1670,1670,경기도 용인시 처인구 백암면,경기도,용인시 처인구,백암면
영덕1동-11304,11304,경기도 용인시 기흥구 영덕1동,경기도,용인시 기흥구,영덕1동
상현3동-11469,11469,경기도 용인시 수지구 상현3동,경기도,용인시 수지구,상현3동
남동-4723,4723,경기도 용인시 처인구 남동,경기도,용인시 처인구,남동
서농동-1682,1682,경기도 용인시 기흥구 서농동,경기도,용인시 기흥구,서농동
고매동-4707,4707,경기도 용인시 기흥구 고매동,경기도,용인시 기흥구,고매동
농서동-4709,4709,경기도 용인시 기흥구 농서동,경기도,용인시 기흥구,농서동
영덕2동-11305,11305,경기도 용인시 기흥구 영덕2동,경기도,용인시 기흥구,영덕2동
동부동-1675,1675,경기도 용인시 처인구 동부동,경기도,용인시 처인구,동부동
하갈동-4716,4716,경기도 용인시 기흥구 하갈동,경기도,용인시 기흥구,하갈동
기흥동-1681,1681,경기도 용인시 기흥구 기흥동,경기도,용인시 기흥구,기흥동
죽전3동-11470,11470,경기도 용인시 수지구 죽전3동,경기도,용인시 수지구,죽전3동
지곡동-4714,4714,경기도 용인시 기흥구 지곡동,경기도,용인시 기흥구,지곡동
고기동-4717,4717,경기도 용인시 수지구 고기동,경기도,용인시 수지구,고기동
운학동-4727,4727,경기도 용인시 처인구 운학동,경기도,용인시 처인구,운학동
호동-4730,4730,경기도 용인시 처인구 호동,경기도,용인시 처인구,호동
해곡동-4729,4729,경기도 용인시 처인구 해곡동,경기도,용인시 처인구,해곡동
문산읍-1699,1699,경기도 파주시 문산읍,경기도,파주시,문산읍
야당동-4774,4774,경기도 파주시 야당동,경기도,파주시,야당동
동패동-4764,4764,경기도 파주시 동패동,경기도,파주시,동패동
목동동-4766,4766,경기도 파주시 목동동,경기도,파주시,목동동
운정3동-1719,1719,경기도 파주시 운정3동,경기도,파주시,운정3동
와동동-4778,4778,경기도 파주시 와동동,경기도,파주시,와동동
운정1동-1717,1717,경기도 파주시 운정1동,경기도,파주시,운정1동
운정2동-1718,1718,경기도 파주시 운정2동,경기도,파주시,운정2동
조리읍-1702,1702,경기도 파주시 조리읍,경기도,파주시,조리읍
다율동-4762,4762,경기도 파주시 다율동,경기도,파주시,다율동
금촌2동-1714,1714,경기도 파주시 금촌2동,경기도,파주시,금촌2동
금촌동-4761,4761,경기도 파주시 금촌동,경기도,파주시,금촌동
탄현면-1704,1704,경기도 파주시 탄현면,경기도,파주시,탄현면
금촌1동-1713,1713,경기도 파주시 금촌1동,경기도,파주시,금촌1동
파주읍-1700,1700,경기도 파주시 파주읍,경기도,파주시,파주읍
금촌3동-1715,1715,경기도 파주시 금촌3동,경기도,파주시,금촌3동
운정5동-11965,11965,경기도 파주시 운정5동,경기도,파주시,운정5동
광탄면-1705,1705,경기도 파주시 광탄면,경기도,파주시,광탄면
월롱면-1703,1703,경기도 파주시 월롱면,경기도,파주시,월롱면
문발동-4767,4767,경기도 파주시 문발동,경기도,파주시,문발동
법원읍-1701,1701,경기도 파주시 법원읍,경기도,파주시,법원읍
운정6동-11966,11966,경기도 파주시 운정6동,경기도,파주시,운정6동
아동동-4773,4773,경기도 파주시 아동동,경기도,파주시,아동동
적성면-1707,1707,경기도 파주시 적성면,경기도,파주시,적성면
상지석동-4769,4769,경기도 파주시 상지석동,경기도,파주시,상지석동
야동동-4775,4775,경기도 파주시 야동동,경기도,파주시,야동동
운정4동-11964,11964,경기도 파주시 운정4동,경기도,파주시,운정4동
당하동-4763,4763,경기도 파주시 당하동,경기도,파주시,당하동
금릉동-4760,4760,경기도 파주시 금릉동,경기도,파주시,금릉동
교하동-1716,1716,경기도 파주시 교하동,경기도,파주시,교하동
검산동-4759,4759,경기도 파주시 검산동,경기도,파주시,검산동
파평면-1706,1706,경기도 파주시 파평면,경기도,파주시,파평면
신촌동-4772,4772,경기도 파주시 신촌동,경기도,파주시,신촌동
산남동-4768,4768,경기도 파주시 산남동,경기도,파주시,산남동
서패동-4770,4770,경기도 파주시 서패동,경기도,파주시,서패동
오도동-4777,4777,경기도 파주시 오도동,경기도,파주시,오도동
연다산동-4776,4776,경기도 파주시 연다산동,경기도,파주시,연다산동
맥금동-4765,4765,경기도 파주시 맥금동,경기도,파주시,맥금동
하지석동-4779,4779,경기도 파주시 하지석동,경기도,파주시,하지석동
송촌동-4771,4771,경기도 파주시 송촌동,경기도,파주시,송촌동
군내면-1708,1708,경기도 파주시 군내면,경기도,파주시,군내면
진동면-1711,1711,경기도 파주시 진동면,경기도,파주시,진동면
장단면-1710,1710,경기도 파주시 장단면,경기도,파주시,장단면
진서면-1712,1712,경기도 파주시 진서면,경기도,파주시,진서면
부발읍-1722,1722,경기도 이천시 부발읍,경기도,이천시,부발읍
창전동-1731,1731,경기도 이천시 창전동,경기도,이천시,창전동
증포동-1732,1732,경기도 이천시 증포동,경기도,이천시,증포동
마장면-1726,1726,경기도 이천시 마장면,경기도,이천시,마장면
대월면-1727,1727,경기도 이천시 대월면,경기도,이천시,대월면
송정동-4753,4753,경기도 이천시 송정동,경기도,이천시,송정동
신둔면-1723,1723,경기도 이천시 신둔면,경기도,이천시,신둔면
중리동-1733,1733,경기도 이천시 중리동,경기도,이천시,중리동
장호원읍-1721,1721,경기도 이천시 장호원읍,경기도,이천시,장호원읍
갈산동-4748,4748,경기도 이천시 갈산동,경기도,이천시,갈산동
안흥동-4754,4754,경기도 이천시 안흥동,경기도,이천시,안흥동
백사면-1724,1724,경기도 이천시 백사면,경기도,이천시,백사면
관고동-1734,1734,경기도 이천시 관고동,경기도,이천시,관고동
호법면-1725,1725,경기도 이천시 호법면,경기도,이천시,호법면
모가면-1728,1728,경기도 이천시 모가면,경기도,이천시,모가면
사음동-4752,4752,경기도 이천시 사음동,경기도,이천시,사음동
고담동-4749,4749,경기도 이천시 고담동,경기도,이천시,고담동
설성면-1729,1729,경기도 이천시 설성면,경기도,이천시,설성면
증일동-4757,4757,경기도 이천시 증일동,경기도,이천시,증일동
율면-1730,1730,경기도 이천시 율면,경기도,이천시,율면
진리동-4758,4758,경기도 이천시 진리동,경기도,이천시,진리동
대포동-4751,4751,경기도 이천시 대포동,경기도,이천시,대포동
장록동-4756,4756,경기도 이천시 장록동,경기도,이천시,장록동
율현동-4755,4755,경기도 이천시 율현동,경기도,이천시,율현동
단월동-4750,4750,경기도 이천시 단월동,경기도,이천시,단월동
공도읍-1736,1736,경기도 안성시 공도읍,경기도,안성시,공도읍
대덕면-1741,1741,경기도 안성시 대덕면,경기도,안성시,대덕면
당왕동-4611,4611,경기도 안성시 당왕동,경기도,안성시,당왕동
석정동-4621,4621,경기도 안성시 석정동,경기도,안성시,석정동
아양동-4628,4628,경기도 안성시 아양동,경기도,안성시,아양동
원곡면-1743,1743,경기도 안성시 원곡면,경기도,안성시,원곡면
미양면-1740,1740,경기도 안성시 미양면,경기도,안성시,미양면
죽산면-1745,1745,경기도 안성시 죽산면,경기도,안성시,죽산면
일죽면-1744,1744,경기도 안성시 일죽면,경기도,안성시,일죽면
안성2동-1749,1749,경기도 안성시 안성2동,경기도,안성시,안성2동
안성3동-1750,1750,경기도 안성시 안성3동,경기도,안성시,안성3동
금산동-4608,4608,경기도 안성시 금산동,경기도,안성시,금산동
금광면-1738,1738,경기도 안성시 금광면,경기도,안성시,금광면
양성면-1742,1742,경기도 안성시 양성면,경기도,안성시,양성면
보개면-1737,1737,경기도 안성시 보개면,경기도,안성시,보개면
옥산동-4631,4631,경기도 안성시 옥산동,경기도,안성시,옥산동
삼죽면-1746,1746,경기도 안성시 삼죽면,경기도,안성시,삼죽면
안성1동-1748,1748,경기도 안성시 안성1동,경기도,안성시,안성1동
서운면-1739,1739,경기도 안성시 서운면,경기도,안성시,서운면
신소현동-4626,4626,경기도 안성시 신소현동,경기도,안성시,신소현동
중리동-4634,4634,경기도 안성시 중리동,경기도,안성시,중리동
봉산동-4618,4618,경기도 안성시 봉산동,경기도,안성시,봉산동
가사동-4604,4604,경기도 안성시 가사동,경기도,안성시,가사동
숭인동-4623,4623,경기도 안성시 숭인동,경기도,안성시,숭인동
고삼면-1747,1747,경기도 안성시 고삼면,경기도,안성시,고삼면
대천동-4612,4612,경기도 안성시 대천동,경기도,안성시,대천동
신건지동-4624,4624,경기도 안성시 신건지동,경기도,안성시,신건지동
인지동-4633,4633,경기도 안성시 인지동,경기도,안성시,인지동
도기동-4613,4613,경기도 안성시 도기동,경기도,안성시,도기동
서인동-4620,4620,경기도 안성시 서인동,경기도,안성시,서인동
계동-4606,4606,경기도 안성시 계동,경기도,안성시,계동
봉남동-4617,4617,경기도 안성시 봉남동,경기도,안성시,봉남동
낙원동-4610,4610,경기도 안성시 낙원동,경기도,안성시,낙원동
금석동-4609,4609,경기도 안성시 금석동,경기도,안성시,금석동
동본동-4614,4614,경기도 안성시 동본동,경기도,안성시,동본동
연지동-4629,4629,경기도 안성시 연지동,경기도,안성시,연지동
영동-4630,4630,경기도 안성시 영동,경기도,안성시,영동
구포동-4607,4607,경기도 안성시 구포동,경기도,안성시,구포동
가현동-4605,4605,경기도 안성시 가현동,경기도,안성시,가현동
명륜동-4615,4615,경기도 안성시 명륜동,경기도,안성시,명륜동
신흥동-4627,4627,경기도 안성시 신흥동,경기도,안성시,신흥동
창전동-4635,4635,경기도 안성시 창전동,경기도,안성시,창전동
성남동-4622,4622,경기도 안성시 성남동,경기도,안성시,성남동
옥천동-4632,4632,경기도 안성시 옥천동,경기도,안성시,옥천동
현수동-4636,4636,경기도 안성시 현수동,경기도,안성시,현수동
신모산동-4625,4625,경기도 안성시 신모산동,경기도,안성시,신모산동
사곡동-4619,4619,경기도 안성시 사곡동,경기도,안성시,사곡동
발화동-4616,4616,경기도 안성시 발화동,경기도,안성시,발화동
장기동-1762,1762,경기도 김포시 장기동,경기도,김포시,장기동
구래동-1763,1763,경기도 김포시 구래동,경기도,김포시,구래동
풍무동-1761,1761,경기도 김포시 풍무동,경기도,김포시,풍무동
운양동-1764,1764,경기도 김포시 운양동,경기도,김포시,운양동
고촌읍-1753,1753,경기도 김포시 고촌읍,경기도,김포시,고촌읍
통진읍-1752,1752,경기도 김포시 통진읍,경기도,김포시,통진읍
양촌읍-1754,1754,경기도 김포시 양촌읍,경기도,김포시,양촌읍
마산동-4468,4468,경기도 김포시 마산동,경기도,김포시,마산동
사우동-1760,1760,경기도 김포시 사우동,경기도,김포시,사우동
대곶면-1755,1755,경기도 김포시 대곶면,경기도,김포시,대곶면
감정동-4466,4466,경기도 김포시 감정동,경기도,김포시,감정동
걸포동-4467,4467,경기도 김포시 걸포동,경기도,김포시,걸포동
장기본동-1759,1759,경기도 김포시 장기본동,경기도,김포시,장기본동
김포본동-1758,1758,경기도 김포시 김포본동,경기도,김포시,김포본동
북변동-4469,4469,경기도 김포시 북변동,경기도,김포시,북변동
하성면-1757,1757,경기도 김포시 하성면,경기도,김포시,하성면
월곶면-1756,1756,경기도 김포시 월곶면,경기도,김포시,월곶면
향남읍-1768,1768,경기도 화성시 향남읍,경기도,화성시,향남읍
봉담읍-1766,1766,경기도 화성시 봉담읍,경기도,화성시,봉담읍
남양읍-1769,1769,경기도 화성시 남양읍,경기도,화성시,남양읍
영천동-4843,4843,경기도 화성시 영천동,경기도,화성시,영천동
동탄1동-1786,1786,경기도 화성시 동탄1동,경기도,화성시,동탄1동
반송동-4832,4832,경기도 화성시 반송동,경기도,화성시,반송동
반월동-1783,1783,경기도 화성시 반월동,경기도,화성시,반월동
청계동-4847,4847,경기도 화성시 청계동,경기도,화성시,청계동
오산동-4844,4844,경기도 화성시 오산동,경기도,화성시,오산동
산척동-4837,4837,경기도 화성시 산척동,경기도,화성시,산척동
능동-4830,4830,경기도 화성시 능동,경기도,화성시,능동
병점동-4836,4836,경기도 화성시 병점동,경기도,화성시,병점동
동탄6동-1779,1779,경기도 화성시 동탄6동,경기도,화성시,동탄6동
진안동-1780,1780,경기도 화성시 진안동,경기도,화성시,진안동
새솔동-4214,4214,경기도 화성시 새솔동,경기도,화성시,새솔동
목동-4831,4831,경기도 화성시 목동,경기도,화성시,목동
장지동-4845,4845,경기도 화성시 장지동,경기도,화성시,장지동
동탄7동-10481,10481,경기도 화성시 동탄7동,경기도,화성시,동탄7동
동탄3동-1788,1788,경기도 화성시 동탄3동,경기도,화성시,동탄3동
동탄2동-1787,1787,경기도 화성시 동탄2동,경기도,화성시,동탄2동
팔탄면-1775,1775,경기도 화성시 팔탄면,경기도,화성시,팔탄면
동탄5동-4213,4213,경기도 화성시 동탄5동,경기도,화성시,동탄5동
우정읍-1767,1767,경기도 화성시 우정읍,경기도,화성시,우정읍
병점2동-1782,1782,경기도 화성시 병점2동,경기도,화성시,병점2동
동탄4동-1789,1789,경기도 화성시 동탄4동,경기도,화성시,동탄4동
병점1동-1781,1781,경기도 화성시 병점1동,경기도,화성시,병점1동
안녕동-4842,4842,경기도 화성시 안녕동,경기도,화성시,안녕동
기산동-4828,4828,경기도 화성시 기산동,경기도,화성시,기산동
정남면-1778,1778,경기도 화성시 정남면,경기도,화성시,정남면
송동-4839,4839,경기도 화성시 송동,경기도,화성시,송동
장안면-1776,1776,경기도 화성시 장안면,경기도,화성시,장안면
동탄8동-10482,10482,경기도 화성시 동탄8동,경기도,화성시,동탄8동
비봉면-1771,1771,경기도 화성시 비봉면,경기도,화성시,비봉면
석우동-4838,4838,경기도 화성시 석우동,경기도,화성시,석우동
기안동-4829,4829,경기도 화성시 기안동,경기도,화성시,기안동
신동-4841,4841,경기도 화성시 신동,경기도,화성시,신동
송산면-1773,1773,경기도 화성시 송산면,경기도,화성시,송산면
마도면-1772,1772,경기도 화성시 마도면,경기도,화성시,마도면
양감면-1777,1777,경기도 화성시 양감면,경기도,화성시,양감면
서신면-1774,1774,경기도 화성시 서신면,경기도,화성시,서신면
화산동-1785,1785,경기도 화성시 화산동,경기도,화성시,화산동
송산동-4840,4840,경기도 화성시 송산동,경기도,화성시,송산동
매송면-1770,1770,경기도 화성시 매송면,경기도,화성시,매송면
반정동-4833,4833,경기도 화성시 반정동,경기도,화성시,반정동
방교동-4834,4834,경기도 화성시 방교동,경기도,화성시,방교동
기배동-1784,1784,경기도 화성시 기배동,경기도,화성시,기배동
금곡동-4827,4827,경기도 화성시 금곡동,경기도,화성시,금곡동
배양동-4835,4835,경기도 화성시 배양동,경기도,화성시,배양동
황계동-4848,4848,경기도 화성시 황계동,경기도,화성시,황계동
중동-4846,4846,경기도 화성시 중동,경기도,화성시,중동
오포읍-1792,1792,경기도 광주시 오포읍,경기도,광주시,오포읍
초월읍-1793,1793,경기도 광주시 초월읍,경기도,광주시,초월읍
태전동-4451,4451,경기도 광주시 태전동,경기도,광주시,태전동
곤지암읍-1794,1794,경기도 광주시 곤지암읍,경기도,광주시,곤지암읍
경안동-1799,1799,경기도 광주시 경안동,경기도,광주시,경안동
송정동-1800,1800,경기도 광주시 송정동,경기도,광주시,송정동
신현동-11837,11837,경기도 광주시 신현동,경기도,광주시,신현동
탄벌동-4240,4240,경기도 광주시 탄벌동,경기도,광주시,탄벌동
역동-4447,4447,경기도 광주시 역동,경기도,광주시,역동
쌍령동-4446,4446,경기도 광주시 쌍령동,경기도,광주시,쌍령동
목현동-4444,4444,경기도 광주시 목현동,경기도,광주시,목현동
능평동-11838,11838,경기도 광주시 능평동,경기도,광주시,능평동
퇴촌면-1796,1796,경기도 광주시 퇴촌면,경기도,광주시,퇴촌면
광남동-1801,1801,경기도 광주시 광남동,경기도,광주시,광남동
장지동-4448,4448,경기도 광주시 장지동,경기도,광주시,장지동
도척면-1795,1795,경기도 광주시 도척면,경기도,광주시,도척면
양벌동-11844,11844,경기도 광주시 양벌동,경기도,광주시,양벌동
회덕동-4452,4452,경기도 광주시 회덕동,경기도,광주시,회덕동
고산동-11839,11839,경기도 광주시 고산동,경기도,광주시,고산동
삼동-4445,4445,경기도 광주시 삼동,경기도,광주시,삼동
오포2동-11836,11836,경기도 광주시 오포2동,경기도,광주시,오포2동
오포1동-11835,11835,경기도 광주시 오포1동,경기도,광주시,오포1동
문형동-11840,11840,경기도 광주시 문형동,경기도,광주시,문형동
중대동-4449,4449,경기도 광주시 중대동,경기도,광주시,중대동
매산동-11842,11842,경기도 광주시 매산동,경기도,광주시,매산동
남한산성면-3993,3993,경기도 광주시 남한산성면,경기도,광주시,남한산성면
추자동-11841,11841,경기도 광주시 추자동,경기도,광주시,추자동
목동-4443,4443,경기도 광주시 목동,경기도,광주시,목동
직동-4450,4450,경기도 광주시 직동,경기도,광주시,직동
남종면-1797,1797,경기도 광주시 남종면,경기도,광주시,남종면
옥정동-4656,4656,경기도 양주시 옥정동,경기도,양주시,옥정동
덕계동-4648,4648,경기도 양주시 덕계동,경기도,양주시,덕계동
백석읍-1803,1803,경기도 양주시 백석읍,경기도,양주시,백석읍
양주2동-1809,1809,경기도 양주시 양주2동,경기도,양주시,양주2동
삼숭동-4654,4654,경기도 양주시 삼숭동,경기도,양주시,삼숭동
회천3동-1812,1812,경기도 양주시 회천3동,경기도,양주시,회천3동
광적면-1806,1806,경기도 양주시 광적면,경기도,양주시,광적면
덕정동-4649,4649,경기도 양주시 덕정동,경기도,양주시,덕정동
회천2동-1811,1811,경기도 양주시 회천2동,경기도,양주시,회천2동
회천4동-1813,1813,경기도 양주시 회천4동,경기도,양주시,회천4동
고읍동-4645,4645,경기도 양주시 고읍동,경기도,양주시,고읍동
장흥면-1807,1807,경기도 양주시 장흥면,경기도,양주시,장흥면
고암동-4644,4644,경기도 양주시 고암동,경기도,양주시,고암동
광사동-4646,4646,경기도 양주시 광사동,경기도,양주시,광사동
은현면-1804,1804,경기도 양주시 은현면,경기도,양주시,은현면
남면-1805,1805,경기도 양주시 남면,경기도,양주시,남면
회정동-4660,4660,경기도 양주시 회정동,경기도,양주시,회정동
만송동-4651,4651,경기도 양주시 만송동,경기도,양주시,만송동
회천1동-1810,1810,경기도 양주시 회천1동,경기도,양주시,회천1동
양주1동-1808,1808,경기도 양주시 양주1동,경기도,양주시,양주1동
율정동-4658,4658,경기도 양주시 율정동,경기도,양주시,율정동
봉양동-4652,4652,경기도 양주시 봉양동,경기도,양주시,봉양동
산북동-4653,4653,경기도 양주시 산북동,경기도,양주시,산북동
회암동-4659,4659,경기도 양주시 회암동,경기도,양주시,회암동
남방동-4647,4647,경기도 양주시 남방동,경기도,양주시,남방동
마전동-4650,4650,경기도 양주시 마전동,경기도,양주시,마전동
유양동-4657,4657,경기도 양주시 유양동,경기도,양주시,유양동
어둔동-4655,4655,경기도 양주시 어둔동,경기도,양주시,어둔동
소흘읍-1815,1815,경기도 포천시 소흘읍,경기도,포천시,소흘읍
선단동-1828,1828,경기도 포천시 선단동,경기도,포천시,선단동
신읍동-4805,4805,경기도 포천시 신읍동,경기도,포천시,신읍동
가산면-1818,1818,경기도 포천시 가산면,경기도,포천시,가산면
신북면-1819,1819,경기도 포천시 신북면,경기도,포천시,신북면
군내면-1816,1816,경기도 포천시 군내면,경기도,포천시,군내면
포천동-1827,1827,경기도 포천시 포천동,경기도,포천시,포천동
일동면-1822,1822,경기도 포천시 일동면,경기도,포천시,일동면
영북면-1824,1824,경기도 포천시 영북면,경기도,포천시,영북면
내촌면-1817,1817,경기도 포천시 내촌면,경기도,포천시,내촌면
이동면-1823,1823,경기도 포천시 이동면,경기도,포천시,이동면
영중면-1821,1821,경기도 포천시 영중면,경기도,포천시,영중면
어룡동-4806,4806,경기도 포천시 어룡동,경기도,포천시,어룡동
화현면-1826,1826,경기도 포천시 화현면,경기도,포천시,화현면
설운동-4804,4804,경기도 포천시 설운동,경기도,포천시,설운동
동교동-4803,4803,경기도 포천시 동교동,경기도,포천시,동교동
자작동-4807,4807,경기도 포천시 자작동,경기도,포천시,자작동
창수면-1820,1820,경기도 포천시 창수면,경기도,포천시,창수면
관인면-1825,1825,경기도 포천시 관인면,경기도,포천시,관인면
가남읍-1830,1830,경기도 여주시 가남읍,경기도,여주시,가남읍
교동-4662,4662,경기도 여주시 교동,경기도,여주시,교동
오학동-1841,1841,경기도 여주시 오학동,경기도,여주시,오학동
현암동-4681,4681,경기도 여주시 현암동,경기도,여주시,현암동
홍문동-4682,4682,경기도 여주시 홍문동,경기도,여주시,홍문동
점봉동-4676,4676,경기도 여주시 점봉동,경기도,여주시,점봉동
중앙동-1840,1840,경기도 여주시 중앙동,경기도,여주시,중앙동
창동-4677,4677,경기도 여주시 창동,경기도,여주시,창동
대신면-1835,1835,경기도 여주시 대신면,경기도,여주시,대신면
하동-4680,4680,경기도 여주시 하동,경기도,여주시,하동
세종대왕면-1834,1834,경기도 여주시 세종대왕면,경기도,여주시,세종대왕면
여흥동-1839,1839,경기도 여주시 여흥동,경기도,여주시,여흥동
흥천면-1832,1832,경기도 여주시 흥천면,경기도,여주시,흥천면
천송동-4678,4678,경기도 여주시 천송동,경기도,여주시,천송동
점동면-1831,1831,경기도 여주시 점동면,경기도,여주시,점동면
북내면-1836,1836,경기도 여주시 북내면,경기도,여주시,북내면
강천면-1837,1837,경기도 여주시 강천면,경기도,여주시,강천면
상동-4669,4669,경기도 여주시 상동,경기도,여주시,상동
월송동-4675,4675,경기도 여주시 월송동,경기도,여주시,월송동
금사면-1833,1833,경기도 여주시 금사면,경기도,여주시,금사면
산북면-1838,1838,경기도 여주시 산북면,경기도,여주시,산북면
연양동-4672,4672,경기도 여주시 연양동,경기도,여주시,연양동
연라동-4671,4671,경기도 여주시 연라동,경기도,여주시,연라동
멱곡동-4666,4666,경기도 여주시 멱곡동,경기도,여주시,멱곡동
상거동-4668,4668,경기도 여주시 상거동,경기도,여주시,상거동
삼교동-4667,4667,경기도 여주시 삼교동,경기도,여주시,삼교동
능현동-4663,4663,경기도 여주시 능현동,경기도,여주시,능현동
하거동-4679,4679,경기도 여주시 하거동,경기도,여주시,하거동
가업동-4661,4661,경기도 여주시 가업동,경기도,여주시,가업동
매룡동-4665,4665,경기도 여주시 매룡동,경기도,여주시,매룡동
오금동-4673,4673,경기도 여주시 오금동,경기도,여주시,오금동
우만동-4674,4674,경기도 여주시 우만동,경기도,여주시,우만동
신진동-4670,4670,경기도 여주시 신진동,경기도,여주시,신진동
단현동-4664,4664,경기도 여주시 단현동,경기도,여주시,단현동
전곡읍-1844,1844,경기도 연천군 전곡읍,경기도,연천군,전곡읍
연천읍-1843,1843,경기도 연천군 연천읍,경기도,연천군,연천읍
청산면-1846,1846,경기도 연천군 청산면,경기도,연천군,청산면
군남면-1845,1845,경기도 연천군 군남면,경기도,연천군,군남면
백학면-1847,1847,경기도 연천군 백학면,경기도,연천군,백학면
신서면-1850,1850,경기도 연천군 신서면,경기도,연천군,신서면
미산면-1848,1848,경기도 연천군 미산면,경기도,연천군,미산면
왕징면-1849,1849,경기도 연천군 왕징면,경기도,연천군,왕징면
장남면-1852,1852,경기도 연천군 장남면,경기도,연천군,장남면
중면-1851,1851,경기도 연천군 중면,경기도,연천군,중면
가평읍-1854,1854,경기도 가평군 가평읍,경기도,가평군,가평읍
청평면-1856,1856,경기도 가평군 청평면,경기도,가평군,청평면
설악면-1855,1855,경기도 가평군 설악면,경기도,가평군,설악면
조종면-3992,3992,경기도 가평군 조종면,경기도,가평군,조종면
상면-1857,1857,경기도 가평군 상면,경기도,가평군,상면
북면-1859,1859,경기도 가평군 북면,경기도,가평군,북면
양평읍-1861,1861,경기도 양평군 양평읍,경기도,양평군,양평읍
용문면-1871,1871,경기도 양평군 용문면,경기도,양평군,용문면
양서면-1864,1864,경기도 양평군 양서면,경기도,양평군,양서면
강상면-1862,1862,경기도 양평군 강상면,경기도,양평군,강상면
서종면-1866,1866,경기도 양평군 서종면,경기도,양평군,서종면
옥천면-1865,1865,경기도 양평군 옥천면,경기도,양평군,옥천면
지평면-1870,1870,경기도 양평군 지평면,경기도,양평군,지평면
개군면-1872,1872,경기도 양평군 개군면,경기도,양평군,개군면
강하면-1863,1863,경기도 양평군 강하면,경기도,양평군,강하면
양동면-1869,1869,경기도 양평군 양동면,경기도,양평군,양동면
단월면-1867,1867,경기도 양평군 단월면,경기도,양평군,단월면
청운면-1868,1868,경기도 양평군 청운면,경기도,양평군,청운면
부평동-6519,6519,인천광역시 부평구 부평동,인천광역시,부평구,부평동
운서동-837,837,인천광역시 중구 운서동,인천광역시,중구,운서동
중산동-6578,6578,인천광역시 중구 중산동,인천광역시,중구,중산동
부평4동-914,914,인천광역시 부평구 부평4동,인천광역시,부평구,부평4동
삼산동-6521,6521,인천광역시 부평구 삼산동,인천광역시,부평구,삼산동
십정동-6522,6522,인천광역시 부평구 십정동,인천광역시,부평구,십정동
부평1동-911,911,인천광역시 부평구 부평1동,인천광역시,부평구,부평1동
부평5동-915,915,인천광역시 부평구 부평5동,인천광역시,부평구,부평5동
산곡동-6520,6520,인천광역시 부평구 산곡동,인천광역시,부평구,산곡동
청천동-6523,6523,인천광역시 부평구 청천동,인천광역시,부평구,청천동
부개동-6518,6518,인천광역시 부평구 부개동,인천광역시,부평구,부개동
영종1동-4212,4212,인천광역시 중구 영종1동,인천광역시,중구,영종1동
영종동-835,835,인천광역시 중구 영종동,인천광역시,중구,영종동
산곡2동-918,918,인천광역시 부평구 산곡2동,인천광역시,부평구,산곡2동
삼산2동-926,926,인천광역시 부평구 삼산2동,인천광역시,부평구,삼산2동
청천2동-922,922,인천광역시 부평구 청천2동,인천광역시,부평구,청천2동
운남동-6572,6572,인천광역시 중구 운남동,인천광역시,중구,운남동
산곡3동-919,919,인천광역시 부평구 산곡3동,인천광역시,부평구,산곡3동
삼산1동-925,925,인천광역시 부평구 삼산1동,인천광역시,부평구,삼산1동
부평2동-912,912,인천광역시 부평구 부평2동,인천광역시,부평구,부평2동
부평6동-916,916,인천광역시 부평구 부평6동,인천광역시,부평구,부평6동
십정2동-932,932,인천광역시 부평구 십정2동,인천광역시,부평구,십정2동
부평3동-913,913,인천광역시 부평구 부평3동,인천광역시,부평구,부평3동
십정1동-931,931,인천광역시 부평구 십정1동,인천광역시,부평구,십정1동
산곡4동-920,920,인천광역시 부평구 산곡4동,인천광역시,부평구,산곡4동
청천1동-921,921,인천광역시 부평구 청천1동,인천광역시,부평구,청천1동
일신동-930,930,인천광역시 부평구 일신동,인천광역시,부평구,일신동
송림동-6506,6506,인천광역시 동구 송림동,인천광역시,동구,송림동
산곡1동-917,917,인천광역시 부평구 산곡1동,인천광역시,부평구,산곡1동
송현1.2동-846,846,인천광역시 동구 송현1.2동,인천광역시,동구,송현1.2동
신흥동-829,829,인천광역시 중구 신흥동,인천광역시,중구,신흥동
만석동-843,843,인천광역시 동구 만석동,인천광역시,동구,만석동
송현동-6507,6507,인천광역시 동구 송현동,인천광역시,동구,송현동
신흥동3가-6570,6570,인천광역시 중구 신흥동3가,인천광역시,중구,신흥동3가
송림3.5동-850,850,인천광역시 동구 송림3.5동,인천광역시,동구,송림3.5동
송림1동-848,848,인천광역시 동구 송림1동,인천광역시,동구,송림1동
도원동-830,830,인천광역시 중구 도원동,인천광역시,중구,도원동
연안동-827,827,인천광역시 중구 연안동,인천광역시,중구,연안동
신흥동1가-6568,6568,인천광역시 중구 신흥동1가,인천광역시,중구,신흥동1가
운북동-6573,6573,인천광역시 중구 운북동,인천광역시,중구,운북동
용유동-838,838,인천광역시 중구 용유동,인천광역시,중구,용유동
동인천동-832,832,인천광역시 중구 동인천동,인천광역시,중구,동인천동
송림6동-852,852,인천광역시 동구 송림6동,인천광역시,동구,송림6동
신흥동2가-6569,6569,인천광역시 중구 신흥동2가,인천광역시,중구,신흥동2가
송림4동-851,851,인천광역시 동구 송림4동,인천광역시,동구,송림4동
화수2동-845,845,인천광역시 동구 화수2동,인천광역시,동구,화수2동
화수1.화평동-844,844,인천광역시 동구 화수1.화평동,인천광역시,동구,화수1.화평동
화수동-6509,6509,인천광역시 동구 화수동,인천광역시,동구,화수동
율목동-831,831,인천광역시 중구 율목동,인천광역시,중구,율목동
송현3동-847,847,인천광역시 동구 송현3동,인천광역시,동구,송현3동
송림2동-849,849,인천광역시 동구 송림2동,인천광역시,동구,송림2동
신포동-828,828,인천광역시 중구 신포동,인천광역시,중구,신포동
화평동-6510,6510,인천광역시 동구 화평동,인천광역시,동구,화평동
금곡동-6505,6505,인천광역시 동구 금곡동,인천광역시,동구,금곡동
답동-6552,6552,인천광역시 중구 답동,인천광역시,중구,답동
인현동-6576,6576,인천광역시 중구 인현동,인천광역시,중구,인현동
송월동1가-6561,6561,인천광역시 중구 송월동1가,인천광역시,중구,송월동1가
을왕동-6575,6575,인천광역시 중구 을왕동,인천광역시,중구,을왕동
전동-6577,6577,인천광역시 중구 전동,인천광역시,중구,전동
북성동1가-6555,6555,인천광역시 중구 북성동1가,인천광역시,중구,북성동1가
북성동-833,833,인천광역시 중구 북성동,인천광역시,중구,북성동
내동-6551,6551,인천광역시 중구 내동,인천광역시,중구,내동
송월동-834,834,인천광역시 중구 송월동,인천광역시,중구,송월동
신생동-6567,6567,인천광역시 중구 신생동,인천광역시,중구,신생동
경동-6546,6546,인천광역시 중구 경동,인천광역시,중구,경동
선화동-6560,6560,인천광역시 중구 선화동,인천광역시,중구,선화동
북성동2가-6556,6556,인천광역시 중구 북성동2가,인천광역시,중구,북성동2가
선린동-6559,6559,인천광역시 중구 선린동,인천광역시,중구,선린동
창영동-6508,6508,인천광역시 동구 창영동,인천광역시,동구,창영동
금창동-853,853,인천광역시 동구 금창동,인천광역시,동구,금창동
덕교동-6553,6553,인천광역시 중구 덕교동,인천광역시,중구,덕교동
사동-6558,6558,인천광역시 중구 사동,인천광역시,중구,사동
용동-6571,6571,인천광역시 중구 용동,인천광역시,중구,용동
관동1가-6547,6547,인천광역시 중구 관동1가,인천광역시,중구,관동1가
남북동-6550,6550,인천광역시 중구 남북동,인천광역시,중구,남북동
유동-6574,6574,인천광역시 중구 유동,인천광역시,중구,유동
송월동3가-6563,6563,인천광역시 중구 송월동3가,인천광역시,중구,송월동3가
송월동2가-6562,6562,인천광역시 중구 송월동2가,인천광역시,중구,송월동2가
송학동2가-6565,6565,인천광역시 중구 송학동2가,인천광역시,중구,송학동2가
송학동3가-6566,6566,인천광역시 중구 송학동3가,인천광역시,중구,송학동3가
무의동-6554,6554,인천광역시 중구 무의동,인천광역시,중구,무의동
북성동3가-6557,6557,인천광역시 중구 북성동3가,인천광역시,중구,북성동3가
관동3가-6549,6549,인천광역시 중구 관동3가,인천광역시,중구,관동3가
관동2가-6548,6548,인천광역시 중구 관동2가,인천광역시,중구,관동2가
중앙동1가-6579,6579,인천광역시 중구 중앙동1가,인천광역시,중구,중앙동1가
송학동1가-6564,6564,인천광역시 중구 송학동1가,인천광역시,중구,송학동1가
둔산동-5793,5793,대전광역시 서구 둔산동,대전광역시,서구,둔산동
탄방동-1137,1137,대전광역시 서구 탄방동,대전광역시,서구,탄방동
도안동-5792,5792,대전광역시 서구 도안동,대전광역시,서구,도안동
봉명동-4238,4238,대전광역시 유성구 봉명동,대전광역시,유성구,봉명동
관저동-5789,5789,대전광역시 서구 관저동,대전광역시,서구,관저동
관평동-1164,1164,대전광역시 유성구 관평동,대전광역시,유성구,관평동
괴정동-1138,1138,대전광역시 서구 괴정동,대전광역시,서구,괴정동
갈마동-5788,5788,대전광역시 서구 갈마동,대전광역시,서구,갈마동
둔산2동-1151,1151,대전광역시 서구 둔산2동,대전광역시,서구,둔산2동
복수동-1131,1131,대전광역시 서구 복수동,대전광역시,서구,복수동
용문동-1136,1136,대전광역시 서구 용문동,대전광역시,서구,용문동
상대동-5828,5828,대전광역시 유성구 상대동,대전광역시,유성구,상대동
도마동-5791,5791,대전광역시 서구 도마동,대전광역시,서구,도마동
전민동-1162,1162,대전광역시 유성구 전민동,대전광역시,유성구,전민동
원신흥동-1165,1165,대전광역시 유성구 원신흥동,대전광역시,유성구,원신흥동
내동-1140,1140,대전광역시 서구 내동,대전광역시,서구,내동
둔산1동-1150,1150,대전광역시 서구 둔산1동,대전광역시,서구,둔산1동
관저2동-1148,1148,대전광역시 서구 관저2동,대전광역시,서구,관저2동
월평동-5801,5801,대전광역시 서구 월평동,대전광역시,서구,월평동
지족동-5847,5847,대전광역시 유성구 지족동,대전광역시,유성구,지족동
궁동-5812,5812,대전광역시 유성구 궁동,대전광역시,유성구,궁동
갈마2동-1142,1142,대전광역시 서구 갈마2동,대전광역시,서구,갈마2동
어은동-5837,5837,대전광역시 유성구 어은동,대전광역시,유성구,어은동
송강동-5831,5831,대전광역시 유성구 송강동,대전광역시,유성구,송강동
만년동-1152,1152,대전광역시 서구 만년동,대전광역시,서구,만년동
월평3동-1145,1145,대전광역시 서구 월평3동,대전광역시,서구,월평3동
갈마1동-1141,1141,대전광역시 서구 갈마1동,대전광역시,서구,갈마1동
둔산3동-1153,1153,대전광역시 서구 둔산3동,대전광역시,서구,둔산3동
관저1동-1147,1147,대전광역시 서구 관저1동,대전광역시,서구,관저1동
노은1동-1158,1158,대전광역시 유성구 노은1동,대전광역시,유성구,노은1동
신성동-1161,1161,대전광역시 유성구 신성동,대전광역시,유성구,신성동
노은동-5815,5815,대전광역시 유성구 노은동,대전광역시,유성구,노은동
온천1동-1156,1156,대전광역시 유성구 온천1동,대전광역시,유성구,온천1동
정림동-1134,1134,대전광역시 서구 정림동,대전광역시,서구,정림동
가수원동-1146,1146,대전광역시 서구 가수원동,대전광역시,서구,가수원동
장대동-5844,5844,대전광역시 유성구 장대동,대전광역시,유성구,장대동
변동-1135,1135,대전광역시 서구 변동,대전광역시,서구,변동
도룡동-5820,5820,대전광역시 유성구 도룡동,대전광역시,유성구,도룡동
용산동-5840,5840,대전광역시 유성구 용산동,대전광역시,유성구,용산동
가장동-1139,1139,대전광역시 서구 가장동,대전광역시,서구,가장동
월평2동-1144,1144,대전광역시 서구 월평2동,대전광역시,서구,월평2동
죽동-5846,5846,대전광역시 유성구 죽동,대전광역시,유성구,죽동
반석동-5823,5823,대전광역시 유성구 반석동,대전광역시,유성구,반석동
온천2동-1157,1157,대전광역시 유성구 온천2동,대전광역시,유성구,온천2동
도마1동-1132,1132,대전광역시 서구 도마1동,대전광역시,서구,도마1동
노은3동-1160,1160,대전광역시 유성구 노은3동,대전광역시,유성구,노은3동
노은2동-1159,1159,대전광역시 유성구 노은2동,대전광역시,유성구,노은2동
원내동-5841,5841,대전광역시 유성구 원내동,대전광역시,유성구,원내동
구암동-5811,5811,대전광역시 유성구 구암동,대전광역시,유성구,구암동
도마2동-1133,1133,대전광역시 서구 도마2동,대전광역시,서구,도마2동
덕명동-5818,5818,대전광역시 유성구 덕명동,대전광역시,유성구,덕명동
월평1동-1143,1143,대전광역시 서구 월평1동,대전광역시,서구,월평1동
하기동-5850,5850,대전광역시 유성구 하기동,대전광역시,유성구,하기동
문지동-5822,5822,대전광역시 유성구 문지동,대전광역시,유성구,문지동
봉산동-5827,5827,대전광역시 유성구 봉산동,대전광역시,유성구,봉산동
계산동-5807,5807,대전광역시 유성구 계산동,대전광역시,유성구,계산동
학하동-5851,5851,대전광역시 유성구 학하동,대전광역시,유성구,학하동
진잠동-1155,1155,대전광역시 유성구 진잠동,대전광역시,유성구,진잠동
구즉동-1163,1163,대전광역시 유성구 구즉동,대전광역시,유성구,구즉동
구성동-5810,5810,대전광역시 유성구 구성동,대전광역시,유성구,구성동
대정동-5817,5817,대전광역시 유성구 대정동,대전광역시,유성구,대정동
용계동-5839,5839,대전광역시 유성구 용계동,대전광역시,유성구,용계동
둔곡동-5821,5821,대전광역시 유성구 둔곡동,대전광역시,유성구,둔곡동
교촌동-5808,5808,대전광역시 유성구 교촌동,대전광역시,유성구,교촌동
복용동-5826,5826,대전광역시 유성구 복용동,대전광역시,유성구,복용동
추목동-5848,5848,대전광역시 유성구 추목동,대전광역시,유성구,추목동
신봉동-5835,5835,대전광역시 유성구 신봉동,대전광역시,유성구,신봉동
탑립동-5849,5849,대전광역시 유성구 탑립동,대전광역시,유성구,탑립동
가정동-5805,5805,대전광역시 유성구 가정동,대전광역시,유성구,가정동
장동-5845,5845,대전광역시 유성구 장동,대전광역시,유성구,장동
자운동-5843,5843,대전광역시 유성구 자운동,대전광역시,유성구,자운동
원촌동-5842,5842,대전광역시 유성구 원촌동,대전광역시,유성구,원촌동
화암동-5852,5852,대전광역시 유성구 화암동,대전광역시,유성구,화암동
구룡동-5809,5809,대전광역시 유성구 구룡동,대전광역시,유성구,구룡동
갑동-5806,5806,대전광역시 유성구 갑동,대전광역시,유성구,갑동
기성동-1149,1149,대전광역시 서구 기성동,대전광역시,서구,기성동
송정동-5832,5832,대전광역시 유성구 송정동,대전광역시,유성구,송정동
금탄동-5814,5814,대전광역시 유성구 금탄동,대전광역시,유성구,금탄동
덕진동-5819,5819,대전광역시 유성구 덕진동,대전광역시,유성구,덕진동
안산동-5836,5836,대전광역시 유성구 안산동,대전광역시,유성구,안산동
흑석동-5804,5804,대전광역시 서구 흑석동,대전광역시,서구,흑석동
방동-5824,5824,대전광역시 유성구 방동,대전광역시,유성구,방동
신동-5834,5834,대전광역시 유성구 신동,대전광역시,유성구,신동
외삼동-5838,5838,대전광역시 유성구 외삼동,대전광역시,유성구,외삼동
장안동-5802,5802,대전광역시 서구 장안동,대전광역시,서구,장안동
괴곡동-5790,5790,대전광역시 서구 괴곡동,대전광역시,서구,괴곡동
방현동-5825,5825,대전광역시 유성구 방현동,대전광역시,유성구,방현동
수남동-5833,5833,대전광역시 유성구 수남동,대전광역시,유성구,수남동
대동-5816,5816,대전광역시 유성구 대동,대전광역시,유성구,대동
세동-5830,5830,대전광역시 유성구 세동,대전광역시,유성구,세동
평촌동-5803,5803,대전광역시 서구 평촌동,대전광역시,서구,평촌동
우명동-5799,5799,대전광역시 서구 우명동,대전광역시,서구,우명동
성북동-5829,5829,대전광역시 유성구 성북동,대전광역시,유성구,성북동
오동-5797,5797,대전광역시 서구 오동,대전광역시,서구,오동
원정동-5800,5800,대전광역시 서구 원정동,대전광역시,서구,원정동
금고동-5813,5813,대전광역시 유성구 금고동,대전광역시,유성구,금고동
봉곡동-5795,5795,대전광역시 서구 봉곡동,대전광역시,서구,봉곡동
산직동-5796,5796,대전광역시 서구 산직동,대전광역시,서구,산직동
용촌동-5798,5798,대전광역시 서구 용촌동,대전광역시,서구,용촌동
매노동-5794,5794,대전광역시 서구 매노동,대전광역시,서구,매노동
월성동-5572,5572,대구광역시 달서구 월성동,대구광역시,달서구,월성동
진천동-805,805,대구광역시 달서구 진천동,대구광역시,달서구,진천동
신당동-801,801,대구광역시 달서구 신당동,대구광역시,달서구,신당동
이곡동-5575,5575,대구광역시 달서구 이곡동,대구광역시,달서구,이곡동
본리동-802,802,대구광역시 달서구 본리동,대구광역시,달서구,본리동
용산동-5571,5571,대구광역시 달서구 용산동,대구광역시,달서구,용산동
유천동-5574,5574,대구광역시 달서구 유천동,대구광역시,달서구,유천동
상인동-5569,5569,대구광역시 달서구 상인동,대구광역시,달서구,상인동
상인1동-806,806,대구광역시 달서구 상인1동,대구광역시,달서구,상인1동
성당동-791,791,대구광역시 달서구 성당동,대구광역시,달서구,성당동
호산동-5579,5579,대구광역시 달서구 호산동,대구광역시,달서구,호산동
장기동-796,796,대구광역시 달서구 장기동,대구광역시,달서구,장기동
월성1동-803,803,대구광역시 달서구 월성1동,대구광역시,달서구,월성1동
상인2동-807,807,대구광역시 달서구 상인2동,대구광역시,달서구,상인2동
용산2동-798,798,대구광역시 달서구 용산2동,대구광역시,달서구,용산2동
송현동-5570,5570,대구광역시 달서구 송현동,대구광역시,달서구,송현동
죽전동-795,795,대구광역시 달서구 죽전동,대구광역시,달서구,죽전동
용산1동-797,797,대구광역시 달서구 용산1동,대구광역시,달서구,용산1동
남산동-5682,5682,대구광역시 중구 남산동,대구광역시,중구,남산동
두류동-5568,5568,대구광역시 달서구 두류동,대구광역시,달서구,두류동
송현2동-811,811,대구광역시 달서구 송현2동,대구광역시,달서구,송현2동
본동-812,812,대구광역시 달서구 본동,대구광역시,달서구,본동
대봉동-5686,5686,대구광역시 중구 대봉동,대구광역시,중구,대봉동
이곡1동-799,799,대구광역시 달서구 이곡1동,대구광역시,달서구,이곡1동
두류1.2동-792,792,대구광역시 달서구 두류1.2동,대구광역시,달서구,두류1.2동
송현1동-810,810,대구광역시 달서구 송현1동,대구광역시,달서구,송현1동
이곡2동-800,800,대구광역시 달서구 이곡2동,대구광역시,달서구,이곡2동
대신동-682,682,대구광역시 중구 대신동,대구광역시,중구,대신동
남산4동-686,686,대구광역시 중구 남산4동,대구광역시,중구,남산4동
동인동1가-5695,5695,대구광역시 중구 동인동1가,대구광역시,중구,동인동1가
월성2동-804,804,대구광역시 달서구 월성2동,대구광역시,달서구,월성2동
동인동-677,677,대구광역시 중구 동인동,대구광역시,중구,동인동
두류3동-793,793,대구광역시 달서구 두류3동,대구광역시,달서구,두류3동
남산1동-683,683,대구광역시 중구 남산1동,대구광역시,중구,남산1동
삼덕동-678,678,대구광역시 중구 삼덕동,대구광역시,중구,삼덕동
남산2동-684,684,대구광역시 중구 남산2동,대구광역시,중구,남산2동
파호동-5577,5577,대구광역시 달서구 파호동,대구광역시,달서구,파호동
상인3동-808,808,대구광역시 달서구 상인3동,대구광역시,달서구,상인3동
삼덕동2가-5707,5707,대구광역시 중구 삼덕동2가,대구광역시,중구,삼덕동2가
수창동-5718,5718,대구광역시 중구 수창동,대구광역시,중구,수창동
봉산동-5701,5701,대구광역시 중구 봉산동,대구광역시,중구,봉산동
대봉1동-687,687,대구광역시 중구 대봉1동,대구광역시,중구,대봉1동
남산3동-685,685,대구광역시 중구 남산3동,대구광역시,중구,남산3동
성내1동-679,679,대구광역시 중구 성내1동,대구광역시,중구,성내1동
동인동2가-5696,5696,대구광역시 중구 동인동2가,대구광역시,중구,동인동2가
달성동-5685,5685,대구광역시 중구 달성동,대구광역시,중구,달성동
성내2동-680,680,대구광역시 중구 성내2동,대구광역시,중구,성내2동
월암동-5573,5573,대구광역시 달서구 월암동,대구광역시,달서구,월암동
삼덕동3가-5708,5708,대구광역시 중구 삼덕동3가,대구광역시,중구,삼덕동3가
동인동3가-5697,5697,대구광역시 중구 동인동3가,대구광역시,중구,동인동3가
대봉2동-688,688,대구광역시 중구 대봉2동,대구광역시,중구,대봉2동
동성로2가-5693,5693,대구광역시 중구 동성로2가,대구광역시,중구,동성로2가
삼덕동1가-5706,5706,대구광역시 중구 삼덕동1가,대구광역시,중구,삼덕동1가
교동-5681,5681,대구광역시 중구 교동,대구광역시,중구,교동
공평동-5680,5680,대구광역시 중구 공평동,대구광역시,중구,공평동
성내3동-681,681,대구광역시 중구 성내3동,대구광역시,중구,성내3동
장동-5576,5576,대구광역시 달서구 장동,대구광역시,달서구,장동
태평로3가-5729,5729,대구광역시 중구 태평로3가,대구광역시,중구,태평로3가
동성로1가-5692,5692,대구광역시 중구 동성로1가,대구광역시,중구,동성로1가
동성로3가-5694,5694,대구광역시 중구 동성로3가,대구광역시,중구,동성로3가
태평로2가-5728,5728,대구광역시 중구 태평로2가,대구광역시,중구,태평로2가
동산동-5691,5691,대구광역시 중구 동산동,대구광역시,중구,동산동
덕산동-5688,5688,대구광역시 중구 덕산동,대구광역시,중구,덕산동
계산동2가-5679,5679,대구광역시 중구 계산동2가,대구광역시,중구,계산동2가
동인동4가-5698,5698,대구광역시 중구 동인동4가,대구광역시,중구,동인동4가
호림동-5578,5578,대구광역시 달서구 호림동,대구광역시,달서구,호림동
도원동-5689,5689,대구광역시 중구 도원동,대구광역시,중구,도원동
태평로1가-5727,5727,대구광역시 중구 태평로1가,대구광역시,중구,태평로1가
동문동-5690,5690,대구광역시 중구 동문동,대구광역시,중구,동문동
종로1가-5725,5725,대구광역시 중구 종로1가,대구광역시,중구,종로1가
남일동-5684,5684,대구광역시 중구 남일동,대구광역시,중구,남일동
문화동-5700,5700,대구광역시 중구 문화동,대구광역시,중구,문화동
북성로1가-5703,5703,대구광역시 중구 북성로1가,대구광역시,중구,북성로1가
하서동-5731,5731,대구광역시 중구 하서동,대구광역시,중구,하서동
종로2가-5726,5726,대구광역시 중구 종로2가,대구광역시,중구,종로2가
서성로1가-5714,5714,대구광역시 중구 서성로1가,대구광역시,중구,서성로1가
포정동-5730,5730,대구광역시 중구 포정동,대구광역시,중구,포정동
사일동-5705,5705,대구광역시 중구 사일동,대구광역시,중구,사일동
시장북로-5719,5719,대구광역시 중구 시장북로,대구광역시,중구,시장북로
완전동-5720,5720,대구광역시 중구 완전동,대구광역시,중구,완전동
상서동-5710,5710,대구광역시 중구 상서동,대구광역시,중구,상서동
인교동-5722,5722,대구광역시 중구 인교동,대구광역시,중구,인교동
계산동1가-5678,5678,대구광역시 중구 계산동1가,대구광역시,중구,계산동1가
수동-5717,5717,대구광역시 중구 수동,대구광역시,중구,수동
북성로2가-5704,5704,대구광역시 중구 북성로2가,대구광역시,중구,북성로2가
전동-5724,5724,대구광역시 중구 전동,대구광역시,중구,전동
남성로-5683,5683,대구광역시 중구 남성로,대구광역시,중구,남성로
서문로1가-5712,5712,대구광역시 중구 서문로1가,대구광역시,중구,서문로1가
향촌동-5732,5732,대구광역시 중구 향촌동,대구광역시,중구,향촌동
서문로2가-5713,5713,대구광역시 중구 서문로2가,대구광역시,중구,서문로2가
대안동-5687,5687,대구광역시 중구 대안동,대구광역시,중구,대안동
동일동-5699,5699,대구광역시 중구 동일동,대구광역시,중구,동일동
장관동-5723,5723,대구광역시 중구 장관동,대구광역시,중구,장관동
용덕동-5721,5721,대구광역시 중구 용덕동,대구광역시,중구,용덕동
서성로2가-5715,5715,대구광역시 중구 서성로2가,대구광역시,중구,서성로2가
서야동-5716,5716,대구광역시 중구 서야동,대구광역시,중구,서야동
북내동-5702,5702,대구광역시 중구 북내동,대구광역시,중구,북내동
화전동-5733,5733,대구광역시 중구 화전동,대구광역시,중구,화전동
상덕동-5709,5709,대구광역시 중구 상덕동,대구광역시,중구,상덕동
서내동-5711,5711,대구광역시 중구 서내동,대구광역시,중구,서내동
정관읍-4121,4121,부산광역시 기장군 정관읍,부산광역시,기장군,정관읍
기장읍-670,670,부산광역시 기장군 기장읍,부산광역시,기장군,기장읍
일광읍-672,672,부산광역시 기장군 일광읍,부산광역시,기장군,일광읍
동삼동-5968,5968,부산광역시 영도구 동삼동,부산광역시,영도구,동삼동
암남동-475,475,부산광역시 서구 암남동,부산광역시,서구,암남동
장안읍-671,671,부산광역시 기장군 장안읍,부산광역시,기장군,장안읍
청학동-5981,5981,부산광역시 영도구 청학동,부산광역시,영도구,청학동
동삼제1동-499,499,부산광역시 영도구 동삼제1동,부산광역시,영도구,동삼제1동
초량제3동-479,479,부산광역시 동구 초량제3동,부산광역시,동구,초량제3동
서대신동2가-5944,5944,부산광역시 서구 서대신동2가,부산광역시,서구,서대신동2가
서대신동1가-5943,5943,부산광역시 서구 서대신동1가,부산광역시,서구,서대신동1가
청학제2동-498,498,부산광역시 영도구 청학제2동,부산광역시,영도구,청학제2동
서대신동3가-5945,5945,부산광역시 서구 서대신동3가,부산광역시,서구,서대신동3가
서대신제3동-467,467,부산광역시 서구 서대신제3동,부산광역시,서구,서대신제3동
동삼제3동-501,501,부산광역시 영도구 동삼제3동,부산광역시,영도구,동삼제3동
철마면-674,674,부산광역시 기장군 철마면,부산광역시,기장군,철마면
남부민동-5934,5934,부산광역시 서구 남부민동,부산광역시,서구,남부민동
동대신제3동-465,465,부산광역시 서구 동대신제3동,부산광역시,서구,동대신제3동
동대신동2가-5936,5936,부산광역시 서구 동대신동2가,부산광역시,서구,동대신동2가
동대신동3가-5937,5937,부산광역시 서구 동대신동3가,부산광역시,서구,동대신동3가
부민동-469,469,부산광역시 서구 부민동,부산광역시,서구,부민동
동대신동1가-5935,5935,부산광역시 서구 동대신동1가,부산광역시,서구,동대신동1가
남항동-491,491,부산광역시 영도구 남항동,부산광역시,영도구,남항동
서대신제1동-466,466,부산광역시 서구 서대신제1동,부산광역시,서구,서대신제1동
봉래동4가-5972,5972,부산광역시 영도구 봉래동4가,부산광역시,영도구,봉래동4가
청학제1동-497,497,부산광역시 영도구 청학제1동,부산광역시,영도구,청학제1동
동삼제2동-500,500,부산광역시 영도구 동삼제2동,부산광역시,영도구,동삼제2동
서대신제4동-468,468,부산광역시 서구 서대신제4동,부산광역시,서구,서대신제4동
영선동4가-5980,5980,부산광역시 영도구 영선동4가,부산광역시,영도구,영선동4가
아미동-470,470,부산광역시 서구 아미동,부산광역시,서구,아미동
충무동-472,472,부산광역시 서구 충무동,부산광역시,서구,충무동
초량제6동-480,480,부산광역시 동구 초량제6동,부산광역시,동구,초량제6동
남부민제2동-474,474,부산광역시 서구 남부민제2동,부산광역시,서구,남부민제2동
토성동1가-5951,5951,부산광역시 서구 토성동1가,부산광역시,서구,토성동1가
봉래동2가-5970,5970,부산광역시 영도구 봉래동2가,부산광역시,영도구,봉래동2가
아미동2가-5947,5947,부산광역시 서구 아미동2가,부산광역시,서구,아미동2가
초장동-471,471,부산광역시 서구 초장동,부산광역시,서구,초장동
남부민제1동-473,473,부산광역시 서구 남부민제1동,부산광역시,서구,남부민제1동
영선동2가-5978,5978,부산광역시 영도구 영선동2가,부산광역시,영도구,영선동2가
동대신제2동-464,464,부산광역시 서구 동대신제2동,부산광역시,서구,동대신제2동
부민동3가-5940,5940,부산광역시 서구 부민동3가,부산광역시,서구,부민동3가
부용동1가-5941,5941,부산광역시 서구 부용동1가,부산광역시,서구,부용동1가
남항동1가-5961,5961,부산광역시 영도구 남항동1가,부산광역시,영도구,남항동1가
신선동-494,494,부산광역시 영도구 신선동,부산광역시,영도구,신선동
동대신제1동-463,463,부산광역시 서구 동대신제1동,부산광역시,서구,동대신제1동
봉래동1가-5969,5969,부산광역시 영도구 봉래동1가,부산광역시,영도구,봉래동1가
대교동2가-5965,5965,부산광역시 영도구 대교동2가,부산광역시,영도구,대교동2가
부민동1가-5938,5938,부산광역시 서구 부민동1가,부산광역시,서구,부민동1가
부용동2가-5942,5942,부산광역시 서구 부용동2가,부산광역시,서구,부용동2가
봉래동5가-5973,5973,부산광역시 영도구 봉래동5가,부산광역시,영도구,봉래동5가
토성동5가-5955,5955,부산광역시 서구 토성동5가,부산광역시,서구,토성동5가
봉래제1동-495,495,부산광역시 영도구 봉래제1동,부산광역시,영도구,봉래제1동
신선동2가-5975,5975,부산광역시 영도구 신선동2가,부산광역시,영도구,신선동2가
충무동1가-5948,5948,부산광역시 서구 충무동1가,부산광역시,서구,충무동1가
영선동3가-5979,5979,부산광역시 영도구 영선동3가,부산광역시,영도구,영선동3가
대교동1가-5964,5964,부산광역시 영도구 대교동1가,부산광역시,영도구,대교동1가
봉래동3가-5971,5971,부산광역시 영도구 봉래동3가,부산광역시,영도구,봉래동3가
영선제2동-493,493,부산광역시 영도구 영선제2동,부산광역시,영도구,영선제2동
영선동1가-5977,5977,부산광역시 영도구 영선동1가,부산광역시,영도구,영선동1가
대평동1가-5966,5966,부산광역시 영도구 대평동1가,부산광역시,영도구,대평동1가
토성동2가-5952,5952,부산광역시 서구 토성동2가,부산광역시,서구,토성동2가
남항동3가-5963,5963,부산광역시 영도구 남항동3가,부산광역시,영도구,남항동3가
봉래제2동-496,496,부산광역시 영도구 봉래제2동,부산광역시,영도구,봉래제2동
충무동3가-5950,5950,부산광역시 서구 충무동3가,부산광역시,서구,충무동3가
토성동3가-5953,5953,부산광역시 서구 토성동3가,부산광역시,서구,토성동3가
부민동2가-5939,5939,부산광역시 서구 부민동2가,부산광역시,서구,부민동2가
신선동1가-5974,5974,부산광역시 영도구 신선동1가,부산광역시,영도구,신선동1가
아미동1가-5946,5946,부산광역시 서구 아미동1가,부산광역시,서구,아미동1가
충무동2가-5949,5949,부산광역시 서구 충무동2가,부산광역시,서구,충무동2가
토성동4가-5954,5954,부산광역시 서구 토성동4가,부산광역시,서구,토성동4가
신선동3가-5976,5976,부산광역시 영도구 신선동3가,부산광역시,영도구,신선동3가
남항동2가-5962,5962,부산광역시 영도구 남항동2가,부산광역시,영도구,남항동2가
영선제1동-492,492,부산광역시 영도구 영선제1동,부산광역시,영도구,영선제1동
대평동2가-5967,5967,부산광역시 영도구 대평동2가,부산광역시,영도구,대평동2가
용봉동-1051,1051,광주광역시 북구 용봉동,광주광역시,북구,용봉동
일곡동-1065,1065,광주광역시 북구 일곡동,광주광역시,북구,일곡동
신용동-5533,5533,광주광역시 북구 신용동,광주광역시,북구,신용동
양산동-1071,1071,광주광역시 북구 양산동,광주광역시,북구,양산동
운암동-5540,5540,광주광역시 북구 운암동,광주광역시,북구,운암동
동림동-1055,1055,광주광역시 북구 동림동,광주광역시,북구,동림동
연제동-5534,5534,광주광역시 북구 연제동,광주광역시,북구,연제동
신안동-1050,1050,광주광역시 북구 신안동,광주광역시,북구,신안동
문흥동-5528,5528,광주광역시 북구 문흥동,광주광역시,북구,문흥동
매곡동-1066,1066,광주광역시 북구 매곡동,광주광역시,북구,매곡동
삼각동-1064,1064,광주광역시 북구 삼각동,광주광역시,북구,삼각동
우산동-1056,1056,광주광역시 북구 우산동,광주광역시,북구,우산동
두암동-5526,5526,광주광역시 북구 두암동,광주광역시,북구,두암동
임동-1049,1049,광주광역시 북구 임동,광주광역시,북구,임동
계림동-5489,5489,광주광역시 동구 계림동,광주광역시,동구,계림동
중흥동-5545,5545,광주광역시 북구 중흥동,광주광역시,북구,중흥동
학동-1004,1004,광주광역시 동구 학동,광주광역시,동구,학동
오치동-5536,5536,광주광역시 북구 오치동,광주광역시,북구,오치동
용두동-5538,5538,광주광역시 북구 용두동,광주광역시,북구,용두동
운암1동-1052,1052,광주광역시 북구 운암1동,광주광역시,북구,운암1동
문흥2동-1060,1060,광주광역시 북구 문흥2동,광주광역시,북구,문흥2동
운암3동-1054,1054,광주광역시 북구 운암3동,광주광역시,북구,운암3동
문흥1동-1059,1059,광주광역시 북구 문흥1동,광주광역시,북구,문흥1동
두암2동-1062,1062,광주광역시 북구 두암2동,광주광역시,북구,두암2동
동명동-996,996,광주광역시 동구 동명동,광주광역시,동구,동명동
오치2동-1068,1068,광주광역시 북구 오치2동,광주광역시,북구,오치2동
운암2동-1053,1053,광주광역시 북구 운암2동,광주광역시,북구,운암2동
산수동-5503,5503,광주광역시 동구 산수동,광주광역시,동구,산수동
중흥3동-1047,1047,광주광역시 북구 중흥3동,광주광역시,북구,중흥3동
오치1동-1067,1067,광주광역시 북구 오치1동,광주광역시,북구,오치1동
본촌동-5529,5529,광주광역시 북구 본촌동,광주광역시,북구,본촌동
두암1동-1061,1061,광주광역시 북구 두암1동,광주광역시,북구,두암1동
용산동-5508,5508,광주광역시 동구 용산동,광주광역시,동구,용산동
계림2동-998,998,광주광역시 동구 계림2동,광주광역시,동구,계림2동
계림1동-997,997,광주광역시 동구 계림1동,광주광역시,동구,계림1동
풍향동-1057,1057,광주광역시 북구 풍향동,광주광역시,북구,풍향동
소태동-5506,5506,광주광역시 동구 소태동,광주광역시,동구,소태동
두암3동-1063,1063,광주광역시 북구 두암3동,광주광역시,북구,두암3동
서석동-5504,5504,광주광역시 동구 서석동,광주광역시,동구,서석동
문화동-1058,1058,광주광역시 북구 문화동,광주광역시,북구,문화동
유동-5543,5543,광주광역시 북구 유동,광주광역시,북구,유동
중흥1동-1045,1045,광주광역시 북구 중흥1동,광주광역시,북구,중흥1동
지산동-5513,5513,광주광역시 동구 지산동,광주광역시,동구,지산동
중흥2동-1046,1046,광주광역시 북구 중흥2동,광주광역시,북구,중흥2동
산수1동-999,999,광주광역시 동구 산수1동,광주광역시,동구,산수1동
지원1동-1006,1006,광주광역시 동구 지원1동,광주광역시,동구,지원1동
학운동-1005,1005,광주광역시 동구 학운동,광주광역시,동구,학운동
충장동-995,995,광주광역시 동구 충장동,광주광역시,동구,충장동
오룡동-5535,5535,광주광역시 북구 오룡동,광주광역시,북구,오룡동
지산1동-1001,1001,광주광역시 동구 지산1동,광주광역시,동구,지산1동
지원2동-1007,1007,광주광역시 동구 지원2동,광주광역시,동구,지원2동
산수2동-1000,1000,광주광역시 동구 산수2동,광주광역시,동구,산수2동
대인동-5501,5501,광주광역시 동구 대인동,광주광역시,동구,대인동
서남동-1003,1003,광주광역시 동구 서남동,광주광역시,동구,서남동
지산2동-1002,1002,광주광역시 동구 지산2동,광주광역시,동구,지산2동
월남동-5511,5511,광주광역시 동구 월남동,광주광역시,동구,월남동
수기동-5507,5507,광주광역시 동구 수기동,광주광역시,동구,수기동
중앙동-1048,1048,광주광역시 북구 중앙동,광주광역시,북구,중앙동
운림동-5510,5510,광주광역시 동구 운림동,광주광역시,동구,운림동
내남동-5499,5499,광주광역시 동구 내남동,광주광역시,동구,내남동
금남로4가-5495,5495,광주광역시 동구 금남로4가,광주광역시,동구,금남로4가
선교동-5505,5505,광주광역시 동구 선교동,광주광역시,동구,선교동
금동-5497,5497,광주광역시 동구 금동,광주광역시,동구,금동
충장로4가-5517,5517,광주광역시 동구 충장로4가,광주광역시,동구,충장로4가
북동-5530,5530,광주광역시 북구 북동,광주광역시,북구,북동
금남로5가-5496,5496,광주광역시 동구 금남로5가,광주광역시,동구,금남로5가
대촌동-5524,5524,광주광역시 북구 대촌동,광주광역시,북구,대촌동
황금동-5520,5520,광주광역시 동구 황금동,광주광역시,동구,황금동
충장로1가-5514,5514,광주광역시 동구 충장로1가,광주광역시,동구,충장로1가
장동-5512,5512,광주광역시 동구 장동,광주광역시,동구,장동
충장로5가-5518,5518,광주광역시 동구 충장로5가,광주광역시,동구,충장로5가
월출동-5542,5542,광주광역시 북구 월출동,광주광역시,북구,월출동
불로동-5502,5502,광주광역시 동구 불로동,광주광역시,동구,불로동
호남동-5519,5519,광주광역시 동구 호남동,광주광역시,동구,호남동
남동-5498,5498,광주광역시 동구 남동,광주광역시,동구,남동
용전동-5539,5539,광주광역시 북구 용전동,광주광역시,북구,용전동
누문동-5523,5523,광주광역시 북구 누문동,광주광역시,북구,누문동
석곡동-1069,1069,광주광역시 북구 석곡동,광주광역시,북구,석곡동
광산동-5490,5490,광주광역시 동구 광산동,광주광역시,동구,광산동
금남로1가-5492,5492,광주광역시 동구 금남로1가,광주광역시,동구,금남로1가
대의동-5500,5500,광주광역시 동구 대의동,광주광역시,동구,대의동
궁동-5491,5491,광주광역시 동구 궁동,광주광역시,동구,궁동
충장로2가-5515,5515,광주광역시 동구 충장로2가,광주광역시,동구,충장로2가
금남로2가-5493,5493,광주광역시 동구 금남로2가,광주광역시,동구,금남로2가
충장로3가-5516,5516,광주광역시 동구 충장로3가,광주광역시,동구,충장로3가
금남로3가-5494,5494,광주광역시 동구 금남로3가,광주광역시,동구,금남로3가
지야동-5546,5546,광주광역시 북구 지야동,광주광역시,북구,지야동
장등동-5544,5544,광주광역시 북구 장등동,광주광역시,북구,장등동
효령동-5551,5551,광주광역시 북구 효령동,광주광역시,북구,효령동
생용동-5531,5531,광주광역시 북구 생용동,광주광역시,북구,생용동
망월동-5527,5527,광주광역시 북구 망월동,광주광역시,북구,망월동
충효동-5548,5548,광주광역시 북구 충효동,광주광역시,북구,충효동
운정동-5541,5541,광주광역시 북구 운정동,광주광역시,북구,운정동
용강동-5537,5537,광주광역시 북구 용강동,광주광역시,북구,용강동
태령동-5549,5549,광주광역시 북구 태령동,광주광역시,북구,태령동
용연동-5509,5509,광주광역시 동구 용연동,광주광역시,동구,용연동
청풍동-5547,5547,광주광역시 북구 청풍동,광주광역시,북구,청풍동
수곡동-5532,5532,광주광역시 북구 수곡동,광주광역시,북구,수곡동
화암동-5550,5550,광주광역시 북구 화암동,광주광역시,북구,화암동
덕의동-5525,5525,광주광역시 북구 덕의동,광주광역시,북구,덕의동
삼산동-1201,1201,울산광역시 남구 삼산동,울산광역시,남구,삼산동
범서읍-1232,1232,울산광역시 울주군 범서읍,울산광역시,울주군,범서읍
달동-1200,1200,울산광역시 남구 달동,울산광역시,남구,달동
무거동-1203,1203,울산광역시 남구 무거동,울산광역시,남구,무거동
언양읍-1230,1230,울산광역시 울주군 언양읍,울산광역시,울주군,언양읍
온산읍-1229,1229,울산광역시 울주군 온산읍,울산광역시,울주군,온산읍
신정동-6424,6424,울산광역시 남구 신정동,울산광역시,남구,신정동
온양읍-1231,1231,울산광역시 울주군 온양읍,울산광역시,울주군,온양읍
옥동-1204,1204,울산광역시 남구 옥동,울산광역시,남구,옥동
태화동-1188,1188,울산광역시 중구 태화동,울산광역시,중구,태화동
화봉동-6458,6458,울산광역시 북구 화봉동,울산광역시,북구,화봉동
야음동-6425,6425,울산광역시 남구 야음동,울산광역시,남구,야음동
화정동-1212,1212,울산광역시 동구 화정동,울산광역시,동구,화정동
성안동-1193,1193,울산광역시 중구 성안동,울산광역시,중구,성안동
매곡동-6441,6441,울산광역시 북구 매곡동,울산광역시,북구,매곡동
청량읍-1234,1234,울산광역시 울주군 청량읍,울산광역시,울주군,청량읍
명촌동-6442,6442,울산광역시 북구 명촌동,울산광역시,북구,명촌동
농소3동-1222,1222,울산광역시 북구 농소3동,울산광역시,북구,농소3동
삼남읍-1239,1239,울산광역시 울주군 삼남읍,울산광역시,울주군,삼남읍
우정동-1187,1187,울산광역시 중구 우정동,울산광역시,중구,우정동
신정2동-1196,1196,울산광역시 남구 신정2동,울산광역시,남구,신정2동
신정1동-1195,1195,울산광역시 남구 신정1동,울산광역시,남구,신정1동
전하동-6434,6434,울산광역시 동구 전하동,울산광역시,동구,전하동
신정3동-1197,1197,울산광역시 남구 신정3동,울산광역시,남구,신정3동
남외동-6460,6460,울산광역시 중구 남외동,울산광역시,중구,남외동
신정4동-1198,1198,울산광역시 남구 신정4동,울산광역시,남구,신정4동
송정동-1225,1225,울산광역시 북구 송정동,울산광역시,북구,송정동
대현동-1205,1205,울산광역시 남구 대현동,울산광역시,남구,대현동
농소2동-1221,1221,울산광역시 북구 농소2동,울산광역시,북구,농소2동
중산동-6453,6453,울산광역시 북구 중산동,울산광역시,북구,중산동
유곡동-6468,6468,울산광역시 중구 유곡동,울산광역시,중구,유곡동
양정동-1226,1226,울산광역시 북구 양정동,울산광역시,북구,양정동
다운동-1189,1189,울산광역시 중구 다운동,울산광역시,중구,다운동
반구동-6462,6462,울산광역시 중구 반구동,울산광역시,중구,반구동
수암동-1206,1206,울산광역시 남구 수암동,울산광역시,남구,수암동
전하2동-1215,1215,울산광역시 동구 전하2동,울산광역시,동구,전하2동
농소1동-1220,1220,울산광역시 북구 농소1동,울산광역시,북구,농소1동
연암동-6451,6451,울산광역시 북구 연암동,울산광역시,북구,연암동
천곡동-6456,6456,울산광역시 북구 천곡동,울산광역시,북구,천곡동
신천동-6448,6448,울산광역시 북구 신천동,울산광역시,북구,신천동
약사동-1192,1192,울산광역시 중구 약사동,울산광역시,중구,약사동
염포동-1227,1227,울산광역시 북구 염포동,울산광역시,북구,염포동
신정5동-1199,1199,울산광역시 남구 신정5동,울산광역시,남구,신정5동
학성동-1181,1181,울산광역시 중구 학성동,울산광역시,중구,학성동
호계동-6457,6457,울산광역시 북구 호계동,울산광역시,북구,호계동
삼호동-1202,1202,울산광역시 남구 삼호동,울산광역시,남구,삼호동
선암동-1207,1207,울산광역시 남구 선암동,울산광역시,남구,선암동
복산동-6463,6463,울산광역시 중구 복산동,울산광역시,중구,복산동
산하동-6444,6444,울산광역시 북구 산하동,울산광역시,북구,산하동
진장동-6454,6454,울산광역시 북구 진장동,울산광역시,북구,진장동
반구1동-1182,1182,울산광역시 중구 반구1동,울산광역시,중구,반구1동
서동-6465,6465,울산광역시 중구 서동,울산광역시,중구,서동
서생면-1233,1233,울산광역시 울주군 서생면,울산광역시,울주군,서생면
반구2동-1183,1183,울산광역시 중구 반구2동,울산광역시,중구,반구2동
병영1동-1190,1190,울산광역시 중구 병영1동,울산광역시,중구,병영1동
효문동-1224,1224,울산광역시 북구 효문동,울산광역시,북구,효문동
웅촌면-1235,1235,울산광역시 울주군 웅촌면,울산광역시,울주군,웅촌면
복산1동-1184,1184,울산광역시 중구 복산1동,울산광역시,중구,복산1동
병영2동-1191,1191,울산광역시 중구 병영2동,울산광역시,중구,병영2동
성남동-6466,6466,울산광역시 중구 성남동,울산광역시,중구,성남동
달천동-6438,6438,울산광역시 북구 달천동,울산광역시,북구,달천동
상북면-1238,1238,울산광역시 울주군 상북면,울산광역시,울주군,상북면
복산2동-1185,1185,울산광역시 중구 복산2동,울산광역시,중구,복산2동
야음장생포동-1208,1208,울산광역시 남구 야음장생포동,울산광역시,남구,야음장생포동
강동동-1223,1223,울산광역시 북구 강동동,울산광역시,북구,강동동
두왕동-6419,6419,울산광역시 남구 두왕동,울산광역시,남구,두왕동
옥교동-6467,6467,울산광역시 중구 옥교동,울산광역시,중구,옥교동
장현동-6469,6469,울산광역시 중구 장현동,울산광역시,중구,장현동
학산동-6470,6470,울산광역시 중구 학산동,울산광역시,중구,학산동
중앙동-1186,1186,울산광역시 중구 중앙동,울산광역시,중구,중앙동
상안동-6445,6445,울산광역시 북구 상안동,울산광역시,북구,상안동
상개동-6422,6422,울산광역시 남구 상개동,울산광역시,남구,상개동
동동-6461,6461,울산광역시 중구 동동,울산광역시,중구,동동
두동면-1236,1236,울산광역시 울주군 두동면,울산광역시,울주군,두동면
여천동-6426,6426,울산광역시 남구 여천동,울산광역시,남구,여천동
두서면-1237,1237,울산광역시 울주군 두서면,울산광역시,울주군,두서면
교동-6459,6459,울산광역시 중구 교동,울산광역시,중구,교동
삼동면-1240,1240,울산광역시 울주군 삼동면,울산광역시,울주군,삼동면
정자동-6452,6452,울산광역시 북구 정자동,울산광역시,북구,정자동
장생포동-6429,6429,울산광역시 남구 장생포동,울산광역시,남구,장생포동
부곡동-6421,6421,울산광역시 남구 부곡동,울산광역시,남구,부곡동
매암동-6420,6420,울산광역시 남구 매암동,울산광역시,남구,매암동
고사동-6417,6417,울산광역시 남구 고사동,울산광역시,남구,고사동
황성동-6430,6430,울산광역시 남구 황성동,울산광역시,남구,황성동
성암동-6423,6423,울산광역시 남구 성암동,울산광역시,남구,성암동
북정동-6464,6464,울산광역시 중구 북정동,울산광역시,중구,북정동
주전동-6435,6435,울산광역시 동구 주전동,울산광역시,동구,주전동
용연동-6427,6427,울산광역시 남구 용연동,울산광역시,남구,용연동
창평동-6455,6455,울산광역시 북구 창평동,울산광역시,북구,창평동
시례동-6446,6446,울산광역시 북구 시례동,울산광역시,북구,시례동
어물동-6450,6450,울산광역시 북구 어물동,울산광역시,북구,어물동
신명동-6447,6447,울산광역시 북구 신명동,울산광역시,북구,신명동
대안동-6440,6440,울산광역시 북구 대안동,울산광역시,북구,대안동
용잠동-6428,6428,울산광역시 남구 용잠동,울산광역시,남구,용잠동
당사동-6439,6439,울산광역시 북구 당사동,울산광역시,북구,당사동
신현동-6449,6449,울산광역시 북구 신현동,울산광역시,북구,신현동
무룡동-6443,6443,울산광역시 북구 무룡동,울산광역시,북구,무룡동
가대동-6436,6436,울산광역시 북구 가대동,울산광역시,북구,가대동
구유동-6437,6437,울산광역시 북구 구유동,울산광역시,북구,구유동
남화동-6418,6418,울산광역시 남구 남화동,울산광역시,남구,남화동
조치원읍-1243,1243,세종특별자치시 None 조치원읍,세종특별자치시,,조치원읍
고운동-4186,4186,세종특별자치시 None 고운동,세종특별자치시,,고운동
종촌동-4153,4153,세종특별자치시 None 종촌동,세종특별자치시,,종촌동
다정동-6414,6414,세종특별자치시 None 다정동,세종특별자치시,,다정동
새롬동-4204,4204,세종특별자치시 None 새롬동,세종특별자치시,,새롬동
도담동-1254,1254,세종특별자치시 None 도담동,세종특별자치시,,도담동
아름동-1255,1255,세종특별자치시 None 아름동,세종특별자치시,,아름동
보람동-4184,4184,세종특별자치시 None 보람동,세종특별자치시,,보람동
소담동-4248,4248,세종특별자치시 None 소담동,세종특별자치시,,소담동
나성동-6413,6413,세종특별자치시 None 나성동,세종특별자치시,,나성동
어진동-6416,6416,세종특별자치시 None 어진동,세종특별자치시,,어진동
한솔동-1253,1253,세종특별자치시 None 한솔동,세종특별자치시,,한솔동
반곡동-6415,6415,세종특별자치시 None 반곡동,세종특별자치시,,반곡동
대평동-4247,4247,세종특별자치시 None 대평동,세종특별자치시,,대평동
산울동-12547,12547,세종특별자치시 None 산울동,세종특별자치시,,산울동
집현동-10941,10941,세종특별자치시 None 집현동,세종특별자치시,,집현동
해밀동-10677,10677,세종특별자치시 None 해밀동,세종특별자치시,,해밀동
장군면-1248,1248,세종특별자치시 None 장군면,세종특별자치시,,장군면
금남면-1247,1247,세종특별자치시 None 금남면,세종특별자치시,,금남면
연서면-1249,1249,세종특별자치시 None 연서면,세종특별자치시,,연서면
연기면-1244,1244,세종특별자치시 None 연기면,세종특별자치시,,연기면
부강면-1246,1246,세종특별자치시 None 부강면,세종특별자치시,,부강면
전의면-1250,1250,세종특별자치시 None 전의면,세종특별자치시,,전의면
연동면-1245,1245,세종특별자치시 None 연동면,세종특별자치시,,연동면
전동면-1251,1251,세종특별자치시 None 전동면,세종특별자치시,,전동면
소정면-1252,1252,세종특별자치시 None 소정면,세종특별자치시,,소정면
가람동-6412,6412,세종특별자치시 None 가람동,세종특별자치시,,가람동
퇴계동-1898,1898,강원특별자치도 춘천시 퇴계동,강원특별자치도,춘천시,퇴계동
석사동-1897,1897,강원특별자치도 춘천시 석사동,강원특별자치도,춘천시,석사동
후평동-4375,4375,강원특별자치도 춘천시 후평동,강원특별자치도,춘천시,후평동
동내면-1884,1884,강원특별자치도 춘천시 동내면,강원특별자치도,춘천시,동내면
동면-1877,1877,강원특별자치도 춘천시 동면,강원특별자치도,춘천시,동면
효자동-4374,4374,강원특별자치도 춘천시 효자동,강원특별자치도,춘천시,효자동
후평3동-1893,1893,강원특별자치도 춘천시 후평3동,강원특별자치도,춘천시,후평3동
온의동-4363,4363,강원특별자치도 춘천시 온의동,강원특별자치도,춘천시,온의동
우두동-4365,4365,강원특별자치도 춘천시 우두동,강원특별자치도,춘천시,우두동
후평1동-1891,1891,강원특별자치도 춘천시 후평1동,강원특별자치도,춘천시,후평1동
효자2동-1895,1895,강원특별자치도 춘천시 효자2동,강원특별자치도,춘천시,효자2동
교동-1886,1886,강원특별자치도 춘천시 교동,강원특별자치도,춘천시,교동
후평2동-1892,1892,강원특별자치도 춘천시 후평2동,강원특별자치도,춘천시,후평2동
강남동-1899,1899,강원특별자치도 춘천시 강남동,강원특별자치도,춘천시,강남동
신사우동-1900,1900,강원특별자치도 춘천시 신사우동,강원특별자치도,춘천시,신사우동
근화동-1889,1889,강원특별자치도 춘천시 근화동,강원특별자치도,춘천시,근화동
효자3동-1896,1896,강원특별자치도 춘천시 효자3동,강원특별자치도,춘천시,효자3동
효자1동-1894,1894,강원특별자치도 춘천시 효자1동,강원특별자치도,춘천시,효자1동
신북읍-1876,1876,강원특별자치도 춘천시 신북읍,강원특별자치도,춘천시,신북읍
소양로2가-4356,4356,강원특별자치도 춘천시 소양로2가,강원특별자치도,춘천시,소양로2가
칠전동-4373,4373,강원특별자치도 춘천시 칠전동,강원특별자치도,춘천시,칠전동
사농동-4353,4353,강원특별자치도 춘천시 사농동,강원특별자치도,춘천시,사농동
소양동-1890,1890,강원특별자치도 춘천시 소양동,강원특별자치도,춘천시,소양동
약사동-4361,4361,강원특별자치도 춘천시 약사동,강원특별자치도,춘천시,약사동
삼천동-4354,4354,강원특별자치도 춘천시 삼천동,강원특별자치도,춘천시,삼천동
남산면-1885,1885,강원특별자치도 춘천시 남산면,강원특별자치도,춘천시,남산면
서면-1881,1881,강원특별자치도 춘천시 서면,강원특별자치도,춘천시,서면
운교동-4366,4366,강원특별자치도 춘천시 운교동,강원특별자치도,춘천시,운교동
신동면-1879,1879,강원특별자치도 춘천시 신동면,강원특별자치도,춘천시,신동면
약사명동-1888,1888,강원특별자치도 춘천시 약사명동,강원특별자치도,춘천시,약사명동
요선동-4364,4364,강원특별자치도 춘천시 요선동,강원특별자치도,춘천시,요선동
조운동-1887,1887,강원특별자치도 춘천시 조운동,강원특별자치도,춘천시,조운동
중앙로2가-4371,4371,강원특별자치도 춘천시 중앙로2가,강원특별자치도,춘천시,중앙로2가
조양동-4367,4367,강원특별자치도 춘천시 조양동,강원특별자치도,춘천시,조양동
동산면-1878,1878,강원특별자치도 춘천시 동산면,강원특별자치도,춘천시,동산면
소양로1가-4355,4355,강원특별자치도 춘천시 소양로1가,강원특별자치도,춘천시,소양로1가
사북면-1882,1882,강원특별자치도 춘천시 사북면,강원특별자치도,춘천시,사북면
옥천동-4362,4362,강원특별자치도 춘천시 옥천동,강원특별자치도,춘천시,옥천동
중앙로1가-4370,4370,강원특별자치도 춘천시 중앙로1가,강원특별자치도,춘천시,중앙로1가
소양로4가-4358,4358,강원특별자치도 춘천시 소양로4가,강원특별자치도,춘천시,소양로4가
남면-1880,1880,강원특별자치도 춘천시 남면,강원특별자치도,춘천시,남면
죽림동-4368,4368,강원특별자치도 춘천시 죽림동,강원특별자치도,춘천시,죽림동
중앙로3가-4372,4372,강원특별자치도 춘천시 중앙로3가,강원특별자치도,춘천시,중앙로3가
봉의동-4352,4352,강원특별자치도 춘천시 봉의동,강원특별자치도,춘천시,봉의동
신동-4360,4360,강원특별자치도 춘천시 신동,강원특별자치도,춘천시,신동
북산면-1883,1883,강원특별자치도 춘천시 북산면,강원특별자치도,춘천시,북산면
낙원동-4351,4351,강원특별자치도 춘천시 낙원동,강원특별자치도,춘천시,낙원동
송암동-4359,4359,강원특별자치도 춘천시 송암동,강원특별자치도,춘천시,송암동
소양로3가-4357,4357,강원특별자치도 춘천시 소양로3가,강원특별자치도,춘천시,소양로3가
중도동-4369,4369,강원특별자치도 춘천시 중도동,강원특별자치도,춘천시,중도동
단구동-1916,1916,강원특별자치도 원주시 단구동,강원특별자치도,원주시,단구동
무실동-1925,1925,강원특별자치도 원주시 무실동,강원특별자치도,원주시,무실동
단계동-1919,1919,강원특별자치도 원주시 단계동,강원특별자치도,원주시,단계동
지정면-1905,1905,강원특별자치도 원주시 지정면,강원특별자치도,원주시,지정면
반곡관설동-1926,1926,강원특별자치도 원주시 반곡관설동,강원특별자치도,원주시,반곡관설동
반곡동-4346,4346,강원특별자치도 원주시 반곡동,강원특별자치도,원주시,반곡동
태장2동-1922,1922,강원특별자치도 원주시 태장2동,강원특별자치도,원주시,태장2동
우산동-1920,1920,강원특별자치도 원주시 우산동,강원특별자치도,원주시,우산동
문막읍-1902,1902,강원특별자치도 원주시 문막읍,강원특별자치도,원주시,문막읍
개운동-1913,1913,강원특별자치도 원주시 개운동,강원특별자치도,원주시,개운동
명륜2동-1915,1915,강원특별자치도 원주시 명륜2동,강원특별자치도,원주시,명륜2동
흥업면-1908,1908,강원특별자치도 원주시 흥업면,강원특별자치도,원주시,흥업면
명륜동-4345,4345,강원특별자치도 원주시 명륜동,강원특별자치도,원주시,명륜동
일산동-1917,1917,강원특별자치도 원주시 일산동,강원특별자치도,원주시,일산동
태장1동-1921,1921,강원특별자치도 원주시 태장1동,강원특별자치도,원주시,태장1동
태장동-4349,4349,강원특별자치도 원주시 태장동,강원특별자치도,원주시,태장동
행구동-1924,1924,강원특별자치도 원주시 행구동,강원특별자치도,원주시,행구동
소초면-1903,1903,강원특별자치도 원주시 소초면,강원특별자치도,원주시,소초면
관설동-4344,4344,강원특별자치도 원주시 관설동,강원특별자치도,원주시,관설동
봉산동-1923,1923,강원특별자치도 원주시 봉산동,강원특별자치도,원주시,봉산동
판부면-1909,1909,강원특별자치도 원주시 판부면,강원특별자치도,원주시,판부면
명륜1동-1914,1914,강원특별자치도 원주시 명륜1동,강원특별자치도,원주시,명륜1동
학성동-1918,1918,강원특별자치도 원주시 학성동,강원특별자치도,원주시,학성동
원동-4347,4347,강원특별자치도 원주시 원동,강원특별자치도,원주시,원동
중앙동-1911,1911,강원특별자치도 원주시 중앙동,강원특별자치도,원주시,중앙동
호저면-1904,1904,강원특별자치도 원주시 호저면,강원특별자치도,원주시,호저면
신림면-1910,1910,강원특별자치도 원주시 신림면,강원특별자치도,원주시,신림면
평원동-4350,4350,강원특별자치도 원주시 평원동,강원특별자치도,원주시,평원동
원인동-1912,1912,강원특별자치도 원주시 원인동,강원특별자치도,원주시,원인동
부론면-1906,1906,강원특별자치도 원주시 부론면,강원특별자치도,원주시,부론면
귀래면-1907,1907,강원특별자치도 원주시 귀래면,강원특별자치도,원주시,귀래면
인동-4348,4348,강원특별자치도 원주시 인동,강원특별자치도,원주시,인동
가현동-4343,4343,강원특별자치도 원주시 가현동,강원특별자치도,원주시,가현동
교동-4253,4253,강원특별자치도 강릉시 교동,강원특별자치도,강릉시,교동
입암동-4276,4276,강원특별자치도 강릉시 입암동,강원특별자치도,강릉시,입암동
교1동-1939,1939,강원특별자치도 강릉시 교1동,강원특별자치도,강릉시,교1동
홍제동-1936,1936,강원특별자치도 강릉시 홍제동,강원특별자치도,강릉시,홍제동
내곡동-1945,1945,강원특별자치도 강릉시 내곡동,강원특별자치도,강릉시,내곡동
주문진읍-1928,1928,강원특별자치도 강릉시 주문진읍,강원특별자치도,강릉시,주문진읍
포남동-4282,4282,강원특별자치도 강릉시 포남동,강원특별자치도,강릉시,포남동
노암동-4258,4258,강원특별자치도 강릉시 노암동,강원특별자치도,강릉시,노암동
포남1동-1941,1941,강원특별자치도 강릉시 포남1동,강원특별자치도,강릉시,포남1동
옥천동-1938,1938,강원특별자치도 강릉시 옥천동,강원특별자치도,강릉시,옥천동
포남2동-1942,1942,강원특별자치도 강릉시 포남2동,강원특별자치도,강릉시,포남2동
교2동-1940,1940,강원특별자치도 강릉시 교2동,강원특별자치도,강릉시,교2동
유천동-4274,4274,강원특별자치도 강릉시 유천동,강원특별자치도,강릉시,유천동
송정동-1944,1944,강원특별자치도 강릉시 송정동,강원특별자치도,강릉시,송정동
회산동-4284,4284,강원특별자치도 강릉시 회산동,강원특별자치도,강릉시,회산동
강남동-1946,1946,강원특별자치도 강릉시 강남동,강원특별자치도,강릉시,강남동
성덕동-1947,1947,강원특별자치도 강릉시 성덕동,강원특별자치도,강릉시,성덕동
사천면-1934,1934,강원특별자치도 강릉시 사천면,강원특별자치도,강릉시,사천면
연곡면-1935,1935,강원특별자치도 강릉시 연곡면,강원특별자치도,강릉시,연곡면
초당동-1943,1943,강원특별자치도 강릉시 초당동,강원특별자치도,강릉시,초당동
강동면-1932,1932,강원특별자치도 강릉시 강동면,강원특별자치도,강릉시,강동면
지변동-4280,4280,강원특별자치도 강릉시 지변동,강원특별자치도,강릉시,지변동
구정면-1931,1931,강원특별자치도 강릉시 구정면,강원특별자치도,강릉시,구정면
중앙동-1937,1937,강원특별자치도 강릉시 중앙동,강원특별자치도,강릉시,중앙동
성산면-1929,1929,강원특별자치도 강릉시 성산면,강원특별자치도,강릉시,성산면
견소동-4252,4252,강원특별자치도 강릉시 견소동,강원특별자치도,강릉시,견소동
경포동-1948,1948,강원특별자치도 강릉시 경포동,강원특별자치도,강릉시,경포동
임당동-4275,4275,강원특별자치도 강릉시 임당동,강원특별자치도,강릉시,임당동
옥계면-1933,1933,강원특별자치도 강릉시 옥계면,강원특별자치도,강릉시,옥계면
금학동-4254,4254,강원특별자치도 강릉시 금학동,강원특별자치도,강릉시,금학동
성남동-4265,4265,강원특별자치도 강릉시 성남동,강원특별자치도,강릉시,성남동
대전동-4260,4260,강원특별자치도 강릉시 대전동,강원특별자치도,강릉시,대전동
강문동-4251,4251,강원특별자치도 강릉시 강문동,강원특별자치도,강릉시,강문동
남문동-4256,4256,강원특별자치도 강릉시 남문동,강원특별자치도,강릉시,남문동
용강동-4269,4269,강원특별자치도 강릉시 용강동,강원특별자치도,강릉시,용강동
왕산면-1930,1930,강원특별자치도 강릉시 왕산면,강원특별자치도,강릉시,왕산면
안현동-4268,4268,강원특별자치도 강릉시 안현동,강원특별자치도,강릉시,안현동
저동-4278,4278,강원특별자치도 강릉시 저동,강원특별자치도,강릉시,저동
성내동-4266,4266,강원특별자치도 강릉시 성내동,강원특별자치도,강릉시,성내동
난곡동-4255,4255,강원특별자치도 강릉시 난곡동,강원특별자치도,강릉시,난곡동
남항진동-4257,4257,강원특별자치도 강릉시 남항진동,강원특별자치도,강릉시,남항진동
명주동-4262,4262,강원특별자치도 강릉시 명주동,강원특별자치도,강릉시,명주동
유산동-4273,4273,강원특별자치도 강릉시 유산동,강원특별자치도,강릉시,유산동
죽헌동-4279,4279,강원특별자치도 강릉시 죽헌동,강원특별자치도,강릉시,죽헌동
병산동-4264,4264,강원특별자치도 강릉시 병산동,강원특별자치도,강릉시,병산동
두산동-4261,4261,강원특별자치도 강릉시 두산동,강원특별자치도,강릉시,두산동
월호평동-4272,4272,강원특별자치도 강릉시 월호평동,강원특별자치도,강릉시,월호평동
담산동-4259,4259,강원특별자치도 강릉시 담산동,강원특별자치도,강릉시,담산동
박월동-4263,4263,강원특별자치도 강릉시 박월동,강원특별자치도,강릉시,박월동
청량동-4281,4281,강원특별자치도 강릉시 청량동,강원특별자치도,강릉시,청량동
학동-4283,4283,강원특별자치도 강릉시 학동,강원특별자치도,강릉시,학동
운산동-4270,4270,강원특별자치도 강릉시 운산동,강원특별자치도,강릉시,운산동
신석동-4267,4267,강원특별자치도 강릉시 신석동,강원특별자치도,강릉시,신석동
운정동-4271,4271,강원특별자치도 강릉시 운정동,강원특별자치도,강릉시,운정동
장현동-4277,4277,강원특별자치도 강릉시 장현동,강원특별자치도,강릉시,장현동
천곡동-1950,1950,강원특별자치도 동해시 천곡동,강원특별자치도,동해시,천곡동
북삼동-1952,1952,강원특별자치도 동해시 북삼동,강원특별자치도,동해시,북삼동
평릉동-4311,4311,강원특별자치도 동해시 평릉동,강원특별자치도,동해시,평릉동
이도동-4305,4305,강원특별자치도 동해시 이도동,강원특별자치도,동해시,이도동
발한동-1955,1955,강원특별자치도 동해시 발한동,강원특별자치도,동해시,발한동
동회동-4295,4295,강원특별자치도 동해시 동회동,강원특별자치도,동해시,동회동
효가동-4313,4313,강원특별자치도 동해시 효가동,강원특별자치도,동해시,효가동
부곡동-1953,1953,강원특별자치도 동해시 부곡동,강원특별자치도,동해시,부곡동
쇄운동-4299,4299,강원특별자치도 동해시 쇄운동,강원특별자치도,동해시,쇄운동
북평동-1957,1957,강원특별자치도 동해시 북평동,강원특별자치도,동해시,북평동
송정동-1951,1951,강원특별자치도 동해시 송정동,강원특별자치도,동해시,송정동
동호동-1954,1954,강원특별자치도 동해시 동호동,강원특별자치도,동해시,동호동
구미동-4286,4286,강원특별자치도 동해시 구미동,강원특별자치도,동해시,구미동
단봉동-4291,4291,강원특별자치도 동해시 단봉동,강원특별자치도,동해시,단봉동
용정동-4303,4303,강원특별자치도 동해시 용정동,강원특별자치도,동해시,용정동
이로동-4306,4306,강원특별자치도 동해시 이로동,강원특별자치도,동해시,이로동
묵호진동-4297,4297,강원특별자치도 동해시 묵호진동,강원특별자치도,동해시,묵호진동
구호동-4287,4287,강원특별자치도 동해시 구호동,강원특별자치도,동해시,구호동
묵호동-1956,1956,강원특별자치도 동해시 묵호동,강원특별자치도,동해시,묵호동
나안동-4289,4289,강원특별자치도 동해시 나안동,강원특별자치도,동해시,나안동
망상동-1958,1958,강원특별자치도 동해시 망상동,강원특별자치도,동해시,망상동
삼화동-1959,1959,강원특별자치도 동해시 삼화동,강원특별자치도,동해시,삼화동
대구동-4293,4293,강원특별자치도 동해시 대구동,강원특별자치도,동해시,대구동
추암동-4310,4310,강원특별자치도 동해시 추암동,강원특별자치도,동해시,추암동
지흥동-4308,4308,강원특별자치도 동해시 지흥동,강원특별자치도,동해시,지흥동
내동-4290,4290,강원특별자치도 동해시 내동,강원특별자치도,동해시,내동
어달동-4302,4302,강원특별자치도 동해시 어달동,강원특별자치도,동해시,어달동
지가동-4307,4307,강원특별자치도 동해시 지가동,강원특별자치도,동해시,지가동
대진동-4294,4294,강원특별자치도 동해시 대진동,강원특별자치도,동해시,대진동
만우동-4296,4296,강원특별자치도 동해시 만우동,강원특별자치도,동해시,만우동
호현동-4312,4312,강원특별자치도 동해시 호현동,강원특별자치도,동해시,호현동
신흥동-4300,4300,강원특별자치도 동해시 신흥동,강원특별자치도,동해시,신흥동
초구동-4309,4309,강원특별자치도 동해시 초구동,강원특별자치도,동해시,초구동
귀운동-4288,4288,강원특별자치도 동해시 귀운동,강원특별자치도,동해시,귀운동
심곡동-4301,4301,강원특별자치도 동해시 심곡동,강원특별자치도,동해시,심곡동
괴란동-4285,4285,강원특별자치도 동해시 괴란동,강원특별자치도,동해시,괴란동
비천동-4298,4298,강원특별자치도 동해시 비천동,강원특별자치도,동해시,비천동
이기동-4304,4304,강원특별자치도 동해시 이기동,강원특별자치도,동해시,이기동
달방동-4292,4292,강원특별자치도 동해시 달방동,강원특별자치도,동해시,달방동
황지동-1961,1961,강원특별자치도 태백시 황지동,강원특별자치도,태백시,황지동
상장동-1964,1964,강원특별자치도 태백시 상장동,강원특별자치도,태백시,상장동
황연동-1962,1962,강원특별자치도 태백시 황연동,강원특별자치도,태백시,황연동
장성동-1966,1966,강원특별자치도 태백시 장성동,강원특별자치도,태백시,장성동
삼수동-1963,1963,강원특별자치도 태백시 삼수동,강원특별자치도,태백시,삼수동
문곡소도동-1965,1965,강원특별자치도 태백시 문곡소도동,강원특별자치도,태백시,문곡소도동
철암동-1968,1968,강원특별자치도 태백시 철암동,강원특별자치도,태백시,철암동
화전동-4389,4389,강원특별자치도 태백시 화전동,강원특별자치도,태백시,화전동
문곡동-4378,4378,강원특별자치도 태백시 문곡동,강원특별자치도,태백시,문곡동
통동-4386,4386,강원특별자치도 태백시 통동,강원특별자치도,태백시,통동
소도동-4381,4381,강원특별자치도 태백시 소도동,강원특별자치도,태백시,소도동
구문소동-1967,1967,강원특별자치도 태백시 구문소동,강원특별자치도,태백시,구문소동
동점동-4377,4377,강원특별자치도 태백시 동점동,강원특별자치도,태백시,동점동
혈동-4388,4388,강원특별자치도 태백시 혈동,강원특별자치도,태백시,혈동
금천동-4376,4376,강원특별자치도 태백시 금천동,강원특별자치도,태백시,금천동
백산동-4379,4379,강원특별자치도 태백시 백산동,강원특별자치도,태백시,백산동
원동-4382,4382,강원특별자치도 태백시 원동,강원특별자치도,태백시,원동
창죽동-4385,4385,강원특별자치도 태백시 창죽동,강원특별자치도,태백시,창죽동
조탄동-4384,4384,강원특별자치도 태백시 조탄동,강원특별자치도,태백시,조탄동
하사미동-4387,4387,강원특별자치도 태백시 하사미동,강원특별자치도,태백시,하사미동
상사미동-4380,4380,강원특별자치도 태백시 상사미동,강원특별자치도,태백시,상사미동
적각동-4383,4383,강원특별자치도 태백시 적각동,강원특별자치도,태백시,적각동
조양동-1975,1975,강원특별자치도 속초시 조양동,강원특별자치도,속초시,조양동
교동-1973,1973,강원특별자치도 속초시 교동,강원특별자치도,속초시,교동
동명동-1971,1971,강원특별자치도 속초시 동명동,강원특별자치도,속초시,동명동
금호동-1972,1972,강원특별자치도 속초시 금호동,강원특별자치도,속초시,금호동
노학동-1974,1974,강원특별자치도 속초시 노학동,강원특별자치도,속초시,노학동
영랑동-1970,1970,강원특별자치도 속초시 영랑동,강원특별자치도,속초시,영랑동
중앙동-4341,4341,강원특별자치도 속초시 중앙동,강원특별자치도,속초시,중앙동
청호동-1976,1976,강원특별자치도 속초시 청호동,강원특별자치도,속초시,청호동
장사동-4340,4340,강원특별자치도 속초시 장사동,강원특별자치도,속초시,장사동
청학동-4342,4342,강원특별자치도 속초시 청학동,강원특별자치도,속초시,청학동
대포동-1977,1977,강원특별자치도 속초시 대포동,강원특별자치도,속초시,대포동
설악동-4339,4339,강원특별자치도 속초시 설악동,강원특별자치도,속초시,설악동
도문동-4338,4338,강원특별자치도 속초시 도문동,강원특별자치도,속초시,도문동
교동-1989,1989,강원특별자치도 삼척시 교동,강원특별자치도,삼척시,교동
정상동-4333,4333,강원특별자치도 삼척시 정상동,강원특별자치도,삼척시,정상동
남양동-1988,1988,강원특별자치도 삼척시 남양동,강원특별자치도,삼척시,남양동
도계읍-1979,1979,강원특별자치도 삼척시 도계읍,강원특별자치도,삼척시,도계읍
갈천동-4314,4314,강원특별자치도 삼척시 갈천동,강원특별자치도,삼척시,갈천동
근덕면-1982,1982,강원특별자치도 삼척시 근덕면,강원특별자치도,삼척시,근덕면
당저동-4317,4317,강원특별자치도 삼척시 당저동,강원특별자치도,삼척시,당저동
원덕읍-1980,1980,강원특별자치도 삼척시 원덕읍,강원특별자치도,삼척시,원덕읍
건지동-4315,4315,강원특별자치도 삼척시 건지동,강원특별자치도,삼척시,건지동
마달동-4320,4320,강원특별자치도 삼척시 마달동,강원특별자치도,삼척시,마달동
원당동-4328,4328,강원특별자치도 삼척시 원당동,강원특별자치도,삼척시,원당동
정라동-1990,1990,강원특별자치도 삼척시 정라동,강원특별자치도,삼척시,정라동
사직동-4322,4322,강원특별자치도 삼척시 사직동,강원특별자치도,삼척시,사직동
성내동-1991,1991,강원특별자치도 삼척시 성내동,강원특별자치도,삼척시,성내동
미로면-1985,1985,강원특별자치도 삼척시 미로면,강원특별자치도,삼척시,미로면
노곡면-1984,1984,강원특별자치도 삼척시 노곡면,강원특별자치도,삼척시,노곡면
하장면-1983,1983,강원특별자치도 삼척시 하장면,강원특별자치도,삼척시,하장면
적노동-4332,4332,강원특별자치도 삼척시 적노동,강원특별자치도,삼척시,적노동
정하동-4334,4334,강원특별자치도 삼척시 정하동,강원특별자치도,삼척시,정하동
신기면-1987,1987,강원특별자치도 삼척시 신기면,강원특별자치도,삼척시,신기면
가곡면-1986,1986,강원특별자치도 삼척시 가곡면,강원특별자치도,삼척시,가곡면
오분동-4325,4325,강원특별자치도 삼척시 오분동,강원특별자치도,삼척시,오분동
성남동-4323,4323,강원특별자치도 삼척시 성남동,강원특별자치도,삼척시,성남동
읍중동-4330,4330,강원특별자치도 삼척시 읍중동,강원특별자치도,삼척시,읍중동
증산동-4336,4336,강원특별자치도 삼척시 증산동,강원특별자치도,삼척시,증산동
등봉동-4319,4319,강원특별자치도 삼척시 등봉동,강원특별자치도,삼척시,등봉동
자원동-4331,4331,강원특별자치도 삼척시 자원동,강원특별자치도,삼척시,자원동
성북동-4324,4324,강원특별자치도 삼척시 성북동,강원특별자치도,삼척시,성북동
우지동-4327,4327,강원특별자치도 삼척시 우지동,강원특별자치도,삼척시,우지동
도경동-4318,4318,강원특별자치도 삼척시 도경동,강원특별자치도,삼척시,도경동
읍상동-4329,4329,강원특별자치도 삼척시 읍상동,강원특별자치도,삼척시,읍상동
조비동-4335,4335,강원특별자치도 삼척시 조비동,강원특별자치도,삼척시,조비동
마평동-4321,4321,강원특별자치도 삼척시 마평동,강원특별자치도,삼척시,마평동
오사동-4326,4326,강원특별자치도 삼척시 오사동,강원특별자치도,삼척시,오사동
근산동-4316,4316,강원특별자치도 삼척시 근산동,강원특별자치도,삼척시,근산동
평전동-4337,4337,강원특별자치도 삼척시 평전동,강원특별자치도,삼척시,평전동
홍천읍-1993,1993,강원특별자치도 홍천군 홍천읍,강원특별자치도,홍천군,홍천읍
남면-1999,1999,강원특별자치도 홍천군 남면,강원특별자치도,홍천군,남면
서면-2000,2000,강원특별자치도 홍천군 서면,강원특별자치도,홍천군,서면
북방면-2001,2001,강원특별자치도 홍천군 북방면,강원특별자치도,홍천군,북방면
화촌면-1994,1994,강원특별자치도 홍천군 화촌면,강원특별자치도,홍천군,화촌면
영귀미면-1998,1998,강원특별자치도 홍천군 영귀미면,강원특별자치도,홍천군,영귀미면
서석면-1997,1997,강원특별자치도 홍천군 서석면,강원특별자치도,홍천군,서석면
내면-2002,2002,강원특별자치도 홍천군 내면,강원특별자치도,홍천군,내면
내촌면-1996,1996,강원특별자치도 홍천군 내촌면,강원특별자치도,홍천군,내촌면
두촌면-1995,1995,강원특별자치도 홍천군 두촌면,강원특별자치도,홍천군,두촌면
횡성읍-2004,2004,강원특별자치도 횡성군 횡성읍,강원특별자치도,횡성군,횡성읍
둔내면-2007,2007,강원특별자치도 횡성군 둔내면,강원특별자치도,횡성군,둔내면
우천면-2005,2005,강원특별자치도 횡성군 우천면,강원특별자치도,횡성군,우천면
안흥면-2006,2006,강원특별자치도 횡성군 안흥면,강원특별자치도,횡성군,안흥면
공근면-2010,2010,강원특별자치도 횡성군 공근면,강원특별자치도,횡성군,공근면
갑천면-2008,2008,강원특별자치도 횡성군 갑천면,강원특별자치도,횡성군,갑천면
청일면-2009,2009,강원특별자치도 횡성군 청일면,강원특별자치도,횡성군,청일면
서원면-2011,2011,강원특별자치도 횡성군 서원면,강원특별자치도,횡성군,서원면
강림면-2012,2012,강원특별자치도 횡성군 강림면,강원특별자치도,횡성군,강림면
영월읍-2014,2014,강원특별자치도 영월군 영월읍,강원특별자치도,영월군,영월읍
주천면-2022,2022,강원특별자치도 영월군 주천면,강원특별자치도,영월군,주천면
한반도면-2020,2020,강원특별자치도 영월군 한반도면,강원특별자치도,영월군,한반도면
남면-2019,2019,강원특별자치도 영월군 남면,강원특별자치도,영월군,남면
북면-2018,2018,강원특별자치도 영월군 북면,강원특별자치도,영월군,북면
무릉도원면-4185,4185,강원특별자치도 영월군 무릉도원면,강원특별자치도,영월군,무릉도원면
김삿갓면-2017,2017,강원특별자치도 영월군 김삿갓면,강원특별자치도,영월군,김삿갓면
산솔면-2016,2016,강원특별자치도 영월군 산솔면,강원특별자치도,영월군,산솔면
상동읍-2015,2015,강원특별자치도 영월군 상동읍,강원특별자치도,영월군,상동읍
대관령면-2033,2033,강원특별자치도 평창군 대관령면,강원특별자치도,평창군,대관령면
진부면-2032,2032,강원특별자치도 평창군 진부면,강원특별자치도,평창군,진부면
평창읍-2025,2025,강원특별자치도 평창군 평창읍,강원특별자치도,평창군,평창읍
봉평면-2030,2030,강원특별자치도 평창군 봉평면,강원특별자치도,평창군,봉평면
대화면-2029,2029,강원특별자치도 평창군 대화면,강원특별자치도,평창군,대화면
용평면-2031,2031,강원특별자치도 평창군 용평면,강원특별자치도,평창군,용평면
방림면-2027,2027,강원특별자치도 평창군 방림면,강원특별자치도,평창군,방림면
미탄면-2026,2026,강원특별자치도 평창군 미탄면,강원특별자치도,평창군,미탄면
정선읍-2035,2035,강원특별자치도 정선군 정선읍,강원특별자치도,정선군,정선읍
사북읍-2037,2037,강원특별자치도 정선군 사북읍,강원특별자치도,정선군,사북읍
고한읍-2036,2036,강원특별자치도 정선군 고한읍,강원특별자치도,정선군,고한읍
남면-2040,2040,강원특별자치도 정선군 남면,강원특별자치도,정선군,남면
신동읍-2038,2038,강원특별자치도 정선군 신동읍,강원특별자치도,정선군,신동읍
북평면-2041,2041,강원특별자치도 정선군 북평면,강원특별자치도,정선군,북평면
임계면-2042,2042,강원특별자치도 정선군 임계면,강원특별자치도,정선군,임계면
여량면-2044,2044,강원특별자치도 정선군 여량면,강원특별자치도,정선군,여량면
화암면-2043,2043,강원특별자치도 정선군 화암면,강원특별자치도,정선군,화암면
동송읍-2049,2049,강원특별자치도 철원군 동송읍,강원특별자치도,철원군,동송읍
갈말읍-2048,2048,강원특별자치도 철원군 갈말읍,강원특별자치도,철원군,갈말읍
서면-2050,2050,강원특별자치도 철원군 서면,강원특별자치도,철원군,서면
철원읍-2046,2046,강원특별자치도 철원군 철원읍,강원특별자치도,철원군,철원읍
김화읍-2047,2047,강원특별자치도 철원군 김화읍,강원특별자치도,철원군,김화읍
근남면-2052,2052,강원특별자치도 철원군 근남면,강원특별자치도,철원군,근남면
근북면-2053,2053,강원특별자치도 철원군 근북면,강원특별자치도,철원군,근북면
원남면-2056,2056,강원특별자치도 철원군 원남면,강원특별자치도,철원군,원남면
원동면-2055,2055,강원특별자치도 철원군 원동면,강원특별자치도,철원군,원동면
근동면-2054,2054,강원특별자치도 철원군 근동면,강원특별자치도,철원군,근동면
임남면-2057,2057,강원특별자치도 철원군 임남면,강원특별자치도,철원군,임남면
화천읍-2059,2059,강원특별자치도 화천군 화천읍,강원특별자치도,화천군,화천읍
사내면-2063,2063,강원특별자치도 화천군 사내면,강원특별자치도,화천군,사내면
상서면-2062,2062,강원특별자치도 화천군 상서면,강원특별자치도,화천군,상서면
하남면-2061,2061,강원특별자치도 화천군 하남면,강원특별자치도,화천군,하남면
간동면-2060,2060,강원특별자치도 화천군 간동면,강원특별자치도,화천군,간동면
양구읍-2065,2065,강원특별자치도 양구군 양구읍,강원특별자치도,양구군,양구읍
국토정중앙면-2066,2066,강원특별자치도 양구군 국토정중앙면,강원특별자치도,양구군,국토정중앙면
동면-2067,2067,강원특별자치도 양구군 동면,강원특별자치도,양구군,동면
방산면-2068,2068,강원특별자치도 양구군 방산면,강원특별자치도,양구군,방산면
해안면-2069,2069,강원특별자치도 양구군 해안면,강원특별자치도,양구군,해안면
인제읍-2071,2071,강원특별자치도 인제군 인제읍,강원특별자치도,인제군,인제읍
북면-2074,2074,강원특별자치도 인제군 북면,강원특별자치도,인제군,북면
기린면-2075,2075,강원특별자치도 인제군 기린면,강원특별자치도,인제군,기린면
남면-2073,2073,강원특별자치도 인제군 남면,강원특별자치도,인제군,남면
서화면-2076,2076,강원특별자치도 인제군 서화면,강원특별자치도,인제군,서화면
상남면-2077,2077,강원특별자치도 인제군 상남면,강원특별자치도,인제군,상남면
고성읍-3717,3717,경상남도 고성군 고성읍,경상남도,고성군,고성읍
토성면-2083,2083,강원특별자치도 고성군 토성면,강원특별자치도,고성군,토성면
간성읍-2079,2079,강원특별자치도 고성군 간성읍,강원특별자치도,고성군,간성읍
거진읍-2080,2080,강원특별자치도 고성군 거진읍,강원특별자치도,고성군,거진읍
거류면-3730,3730,경상남도 고성군 거류면,경상남도,고성군,거류면
죽왕면-2082,2082,강원특별자치도 고성군 죽왕면,강원특별자치도,고성군,죽왕면
현내면-2081,2081,강원특별자치도 고성군 현내면,강원특별자치도,고성군,현내면
동해면-3729,3729,경상남도 고성군 동해면,경상남도,고성군,동해면
회화면-3727,3727,경상남도 고성군 회화면,경상남도,고성군,회화면
하이면-3720,3720,경상남도 고성군 하이면,경상남도,고성군,하이면
삼산면-3718,3718,경상남도 고성군 삼산면,경상남도,고성군,삼산면
마암면-3728,3728,경상남도 고성군 마암면,경상남도,고성군,마암면
대가면-3722,3722,경상남도 고성군 대가면,경상남도,고성군,대가면
하일면-3719,3719,경상남도 고성군 하일면,경상남도,고성군,하일면
상리면-3721,3721,경상남도 고성군 상리면,경상남도,고성군,상리면
영오면-3724,3724,경상남도 고성군 영오면,경상남도,고성군,영오면
구만면-3726,3726,경상남도 고성군 구만면,경상남도,고성군,구만면
개천면-3725,3725,경상남도 고성군 개천면,경상남도,고성군,개천면
영현면-3723,3723,경상남도 고성군 영현면,경상남도,고성군,영현면
수동면-2084,2084,강원특별자치도 고성군 수동면,강원특별자치도,고성군,수동면
양양읍-2086,2086,강원특별자치도 양양군 양양읍,강원특별자치도,양양군,양양읍
강현면-2091,2091,강원특별자치도 양양군 강현면,강원특별자치도,양양군,강현면
현남면-2090,2090,강원특별자치도 양양군 현남면,강원특별자치도,양양군,현남면
손양면-2088,2088,강원특별자치도 양양군 손양면,강원특별자치도,양양군,손양면
현북면-2089,2089,강원특별자치도 양양군 현북면,강원특별자치도,양양군,현북면
서면-2087,2087,강원특별자치도 양양군 서면,강원특별자치도,양양군,서면
오창읍-2134,2134,충청북도 청주시 청원구 오창읍,충청북도,청주시 청원구,오창읍
가경동-2127,2127,충청북도 청주시 흥덕구 가경동,충청북도,청주시 흥덕구,가경동
복대동-7201,7201,충청북도 청주시 흥덕구 복대동,충청북도,청주시 흥덕구,복대동
오송읍-2121,2121,충청북도 청주시 흥덕구 오송읍,충청북도,청주시 흥덕구,오송읍
용암동-7169,7169,충청북도 청주시 상당구 용암동,충청북도,청주시 상당구,용암동
분평동-2116,2116,충청북도 청주시 서원구 분평동,충청북도,청주시 서원구,분평동
율량.사천동-2139,2139,충청북도 청주시 청원구 율량.사천동,충청북도,청주시 청원구,율량.사천동
봉명동-7202,7202,충청북도 청주시 흥덕구 봉명동,충청북도,청주시 흥덕구,봉명동
복대1동-2125,2125,충청북도 청주시 흥덕구 복대1동,충청북도,청주시 흥덕구,복대1동
사창동-2113,2113,충청북도 청주시 서원구 사창동,충청북도,청주시 서원구,사창동
산남동-2115,2115,충청북도 청주시 서원구 산남동,충청북도,청주시 서원구,산남동
성화.개신.죽림동-2119,2119,충청북도 청주시 서원구 성화.개신.죽림동,충청북도,청주시 서원구,성화.개신.죽림동
모충동-2114,2114,충청북도 청주시 서원구 모충동,충청북도,청주시 서원구,모충동
율량동-7190,7190,충청북도 청주시 청원구 율량동,충청북도,청주시 청원구,율량동
용암1동-2106,2106,충청북도 청주시 상당구 용암1동,충청북도,청주시 상당구,용암1동
개신동-7176,7176,충청북도 청주시 서원구 개신동,충청북도,청주시 서원구,개신동
용암2동-2107,2107,충청북도 청주시 상당구 용암2동,충청북도,청주시 상당구,용암2동
비하동-7203,7203,충청북도 청주시 흥덕구 비하동,충청북도,청주시 흥덕구,비하동
우암동-2136,2136,충청북도 청주시 청원구 우암동,충청북도,청주시 청원구,우암동
내수읍-2133,2133,충청북도 청주시 청원구 내수읍,충청북도,청주시 청원구,내수읍
봉명1동-2128,2128,충청북도 청주시 흥덕구 봉명1동,충청북도,청주시 흥덕구,봉명1동
옥산면-2123,2123,충청북도 청주시 흥덕구 옥산면,충청북도,청주시 흥덕구,옥산면
복대2동-2126,2126,충청북도 청주시 흥덕구 복대2동,충청북도,청주시 흥덕구,복대2동
봉명2.송정동-2129,2129,충청북도 청주시 흥덕구 봉명2.송정동,충청북도,청주시 흥덕구,봉명2.송정동
수곡동-7180,7180,충청북도 청주시 서원구 수곡동,충청북도,청주시 서원구,수곡동
송절동-7208,7208,충청북도 청주시 흥덕구 송절동,충청북도,청주시 흥덕구,송절동
강내면-2122,2122,충청북도 청주시 흥덕구 강내면,충청북도,청주시 흥덕구,강내면
용정동-7170,7170,충청북도 청주시 상당구 용정동,충청북도,청주시 상당구,용정동
영운동-2103,2103,충청북도 청주시 상당구 영운동,충청북도,청주시 상당구,영운동
강서동-7196,7196,충청북도 청주시 흥덕구 강서동,충청북도,청주시 흥덕구,강서동
내덕동-7184,7184,충청북도 청주시 청원구 내덕동,충청북도,청주시 청원구,내덕동
수곡2동-2118,2118,충청북도 청주시 서원구 수곡2동,충청북도,청주시 서원구,수곡2동
사천동-7185,7185,충청북도 청주시 청원구 사천동,충청북도,청주시 청원구,사천동
남이면-2109,2109,충청북도 청주시 서원구 남이면,충청북도,청주시 서원구,남이면
사직동-7178,7178,충청북도 청주시 서원구 사직동,충청북도,청주시 서원구,사직동
내덕2동-2138,2138,충청북도 청주시 청원구 내덕2동,충청북도,청주시 청원구,내덕2동
성화동-7179,7179,충청북도 청주시 서원구 성화동,충청북도,청주시 서원구,성화동
주성동-7194,7194,충청북도 청주시 청원구 주성동,충청북도,청주시 청원구,주성동
운천.신봉동-2124,2124,충청북도 청주시 흥덕구 운천.신봉동,충청북도,청주시 흥덕구,운천.신봉동
사직2동-2112,2112,충청북도 청주시 서원구 사직2동,충청북도,청주시 서원구,사직2동
주중동-7195,7195,충청북도 청주시 청원구 주중동,충청북도,청주시 청원구,주중동
용담동-7168,7168,충청북도 청주시 상당구 용담동,충청북도,청주시 상당구,용담동
용담.명암.산성동-2105,2105,충청북도 청주시 상당구 용담.명암.산성동,충청북도,청주시 상당구,용담.명암.산성동
내덕1동-2137,2137,충청북도 청주시 청원구 내덕1동,충청북도,청주시 청원구,내덕1동
수곡1동-2117,2117,충청북도 청주시 서원구 수곡1동,충청북도,청주시 서원구,수곡1동
강서제1동-2130,2130,충청북도 청주시 흥덕구 강서제1동,충청북도,청주시 흥덕구,강서제1동
탑동-7174,7174,충청북도 청주시 상당구 탑동,충청북도,청주시 상당구,탑동
운천동-7217,7217,충청북도 청주시 흥덕구 운천동,충청북도,청주시 흥덕구,운천동
사직1동-2111,2111,충청북도 청주시 서원구 사직1동,충청북도,청주시 서원구,사직1동
신봉동-7212,7212,충청북도 청주시 흥덕구 신봉동,충청북도,청주시 흥덕구,신봉동
강서제2동-2131,2131,충청북도 청주시 흥덕구 강서제2동,충청북도,청주시 흥덕구,강서제2동
외북동-7216,7216,충청북도 청주시 흥덕구 외북동,충청북도,청주시 흥덕구,외북동
중앙동-2100,2100,충청북도 청주시 상당구 중앙동,충청북도,청주시 상당구,중앙동
북이면-2135,2135,충청북도 청주시 청원구 북이면,충청북도,청주시 청원구,북이면
탑대성동-2102,2102,충청북도 청주시 상당구 탑대성동,충청북도,청주시 상당구,탑대성동
성안동-2101,2101,충청북도 청주시 상당구 성안동,충청북도,청주시 상당구,성안동
수동-7166,7166,충청북도 청주시 상당구 수동,충청북도,청주시 상당구,수동
향정동-7222,7222,충청북도 청주시 흥덕구 향정동,충청북도,청주시 흥덕구,향정동
죽림동-7183,7183,충청북도 청주시 서원구 죽림동,충청북도,청주시 서원구,죽림동
운동동-7171,7171,충청북도 청주시 상당구 운동동,충청북도,청주시 상당구,운동동
송정동-7209,7209,충청북도 청주시 흥덕구 송정동,충청북도,청주시 흥덕구,송정동
현도면-2110,2110,충청북도 청주시 서원구 현도면,충청북도,청주시 서원구,현도면
미평동-7177,7177,충청북도 청주시 서원구 미평동,충청북도,청주시 서원구,미평동
문암동-7200,7200,충청북도 청주시 흥덕구 문암동,충청북도,청주시 흥덕구,문암동
오근장동-2140,2140,충청북도 청주시 청원구 오근장동,충청북도,청주시 청원구,오근장동
석교동-7165,7165,충청북도 청주시 상당구 석교동,충청북도,청주시 상당구,석교동
서문동-7163,7163,충청북도 청주시 상당구 서문동,충청북도,청주시 상당구,서문동
영동-7167,7167,충청북도 청주시 상당구 영동,충청북도,청주시 상당구,영동
서운동-7164,7164,충청북도 청주시 상당구 서운동,충청북도,청주시 상당구,서운동
장암동-7182,7182,충청북도 청주시 서원구 장암동,충청북도,청주시 서원구,장암동
지동동-7220,7220,충청북도 청주시 흥덕구 지동동,충청북도,청주시 흥덕구,지동동
상신동-7204,7204,충청북도 청주시 흥덕구 상신동,충청북도,청주시 흥덕구,상신동
석곡동-7206,7206,충청북도 청주시 흥덕구 석곡동,충청북도,청주시 흥덕구,석곡동
장성동-7181,7181,충청북도 청주시 서원구 장성동,충청북도,청주시 서원구,장성동
휴암동-7225,7225,충청북도 청주시 흥덕구 휴암동,충청북도,청주시 흥덕구,휴암동
서촌동-7205,7205,충청북도 청주시 흥덕구 서촌동,충청북도,청주시 흥덕구,서촌동
현암동-7223,7223,충청북도 청주시 흥덕구 현암동,충청북도,청주시 흥덕구,현암동
신성동-7213,7213,충청북도 청주시 흥덕구 신성동,충청북도,청주시 흥덕구,신성동
평촌동-7175,7175,충청북도 청주시 상당구 평촌동,충청북도,청주시 상당구,평촌동
지북동-7173,7173,충청북도 청주시 상당구 지북동,충청북도,청주시 상당구,지북동
외남동-7187,7187,충청북도 청주시 청원구 외남동,충청북도,청주시 청원구,외남동
월오동-7172,7172,충청북도 청주시 상당구 월오동,충청북도,청주시 상당구,월오동
신전동-7214,7214,충청북도 청주시 흥덕구 신전동,충청북도,청주시 흥덕구,신전동
오동동-7186,7186,충청북도 청주시 청원구 오동동,충청북도,청주시 청원구,오동동
정북동-7191,7191,충청북도 청주시 청원구 정북동,충청북도,청주시 청원구,정북동
원평동-7218,7218,충청북도 청주시 흥덕구 원평동,충청북도,청주시 흥덕구,원평동
정봉동-7219,7219,충청북도 청주시 흥덕구 정봉동,충청북도,청주시 흥덕구,정봉동
신대동-7211,7211,충청북도 청주시 흥덕구 신대동,충청북도,청주시 흥덕구,신대동
외하동-7189,7189,충청북도 청주시 청원구 외하동,충청북도,청주시 청원구,외하동
화계동-7224,7224,충청북도 청주시 흥덕구 화계동,충청북도,청주시 흥덕구,화계동
정상동-7192,7192,충청북도 청주시 청원구 정상동,충청북도,청주시 청원구,정상동
외평동-7188,7188,충청북도 청주시 청원구 외평동,충청북도,청주시 청원구,외평동
정하동-7193,7193,충청북도 청주시 청원구 정하동,충청북도,청주시 청원구,정하동
수의동-7210,7210,충청북도 청주시 흥덕구 수의동,충청북도,청주시 흥덕구,수의동
석소동-7207,7207,충청북도 청주시 흥덕구 석소동,충청북도,청주시 흥덕구,석소동
동막동-7199,7199,충청북도 청주시 흥덕구 동막동,충청북도,청주시 흥덕구,동막동
신촌동-7215,7215,충청북도 청주시 흥덕구 신촌동,충청북도,청주시 흥덕구,신촌동
내곡동-7198,7198,충청북도 청주시 흥덕구 내곡동,충청북도,청주시 흥덕구,내곡동
평동-7221,7221,충청북도 청주시 흥덕구 평동,충청북도,청주시 흥덕구,평동
남촌동-7197,7197,충청북도 청주시 흥덕구 남촌동,충청북도,청주시 흥덕구,남촌동
연수동-2165,2165,충청북도 충주시 연수동,충청북도,충주시,연수동
호암동-7245,7245,충청북도 충주시 호암동,충청북도,충주시,호암동
중앙탑면-2149,2149,충청북도 충주시 중앙탑면,충청북도,충주시,중앙탑면
용산동-2158,2158,충청북도 충주시 용산동,충청북도,충주시,용산동
대소원면-2145,2145,충청북도 충주시 대소원면,충청북도,충주시,대소원면
칠금.금릉동-2164,2164,충청북도 충주시 칠금.금릉동,충청북도,충주시,칠금.금릉동
교현.안림동-2156,2156,충청북도 충주시 교현.안림동,충청북도,충주시,교현.안림동
봉방동-2163,2163,충청북도 충주시 봉방동,충청북도,충주시,봉방동
교현동-7227,7227,충청북도 충주시 교현동,충청북도,충주시,교현동
문화동-2160,2160,충청북도 충주시 문화동,충청북도,충주시,문화동
교현2동-2157,2157,충청북도 충주시 교현2동,충청북도,충주시,교현2동
주덕읍-2142,2142,충청북도 충주시 주덕읍,충청북도,충주시,주덕읍
호암.직동-2161,2161,충청북도 충주시 호암.직동,충청북도,충주시,호암.직동
칠금동-7243,7243,충청북도 충주시 칠금동,충청북도,충주시,칠금동
지현동-2159,2159,충청북도 충주시 지현동,충청북도,충주시,지현동
목행.용탄동-2166,2166,충청북도 충주시 목행.용탄동,충청북도,충주시,목행.용탄동
목행동-7231,7231,충청북도 충주시 목행동,충청북도,충주시,목행동
금가면-2150,2150,충청북도 충주시 금가면,충청북도,충주시,금가면
단월동-7229,7229,충청북도 충주시 단월동,충청북도,충주시,단월동
금릉동-7228,7228,충청북도 충주시 금릉동,충청북도,충주시,금릉동
안림동-7235,7235,충청북도 충주시 안림동,충청북도,충주시,안림동
앙성면-2148,2148,충청북도 충주시 앙성면,충청북도,충주시,앙성면
동량면-2151,2151,충청북도 충주시 동량면,충청북도,충주시,동량면
충의동-7241,7241,충청북도 충주시 충의동,충청북도,충주시,충의동
성서동-7234,7234,충청북도 충주시 성서동,충청북도,충주시,성서동
신니면-2146,2146,충청북도 충주시 신니면,충청북도,충주시,신니면
성남동-7232,7232,충청북도 충주시 성남동,충청북도,충주시,성남동
수안보면-2144,2144,충청북도 충주시 수안보면,충청북도,충주시,수안보면
엄정면-2153,2153,충청북도 충주시 엄정면,충청북도,충주시,엄정면
성내.충인동-2155,2155,충청북도 충주시 성내.충인동,충청북도,충주시,성내.충인동
성내동-7233,7233,충청북도 충주시 성내동,충청북도,충주시,성내동
산척면-2152,2152,충청북도 충주시 산척면,충청북도,충주시,산척면
노은면-2147,2147,충청북도 충주시 노은면,충청북도,충주시,노은면
살미면-2143,2143,충청북도 충주시 살미면,충청북도,충주시,살미면
용탄동-7238,7238,충청북도 충주시 용탄동,충청북도,충주시,용탄동
달천동-2162,2162,충청북도 충주시 달천동,충청북도,충주시,달천동
소태면-2154,2154,충청북도 충주시 소태면,충청북도,충주시,소태면
충인동-7242,7242,충청북도 충주시 충인동,충청북도,충주시,충인동
용두동-7237,7237,충청북도 충주시 용두동,충청북도,충주시,용두동
용관동-7236,7236,충청북도 충주시 용관동,충청북도,충주시,용관동
풍동-7244,7244,충청북도 충주시 풍동,충청북도,충주시,풍동
가주동-7226,7226,충청북도 충주시 가주동,충청북도,충주시,가주동
종민동-7239,7239,충청북도 충주시 종민동,충청북도,충주시,종민동
직동-7240,7240,충청북도 충주시 직동,충청북도,충주시,직동
목벌동-7230,7230,충청북도 충주시 목벌동,충청북도,충주시,목벌동
장락동-7146,7146,충청북도 제천시 장락동,충청북도,제천시,장락동
청전동-2183,2183,충청북도 제천시 청전동,충청북도,제천시,청전동
하소동-7150,7150,충청북도 제천시 하소동,충청북도,제천시,하소동
강제동-7128,7128,충청북도 제천시 강제동,충청북도,제천시,강제동
신백동-2182,2182,충청북도 제천시 신백동,충청북도,제천시,신백동
화산동-2184,2184,충청북도 제천시 화산동,충청북도,제천시,화산동
고암동-7130,7130,충청북도 제천시 고암동,충청북도,제천시,고암동
봉양읍-2168,2168,충청북도 제천시 봉양읍,충청북도,제천시,봉양읍
신월동-7141,7141,충청북도 제천시 신월동,충청북도,제천시,신월동
영천동-7142,7142,충청북도 제천시 영천동,충청북도,제천시,영천동
용두동-2181,2181,충청북도 제천시 용두동,충청북도,제천시,용두동
의림지동-4162,4162,충청북도 제천시 의림지동,충청북도,제천시,의림지동
왕암동-7143,7143,충청북도 제천시 왕암동,충청북도,제천시,왕암동
의림동-7144,7144,충청북도 제천시 의림동,충청북도,제천시,의림동
송학면-2175,2175,충청북도 제천시 송학면,충청북도,제천시,송학면
중앙동-4161,4161,충청북도 제천시 중앙동,충청북도,제천시,중앙동
천남동-7149,7149,충청북도 제천시 천남동,충청북도,제천시,천남동
남현동-2179,2179,충청북도 제천시 남현동,충청북도,제천시,남현동
중앙로2가-7148,7148,충청북도 제천시 중앙로2가,충청북도,제천시,중앙로2가
남천동-7131,7131,충청북도 제천시 남천동,충청북도,제천시,남천동
서부동-7139,7139,충청북도 제천시 서부동,충청북도,제천시,서부동
동현동-7133,7133,충청북도 제천시 동현동,충청북도,제천시,동현동
교동-2176,2176,충청북도 제천시 교동,충청북도,제천시,교동
영서동-2180,2180,충청북도 제천시 영서동,충청북도,제천시,영서동
명동-7135,7135,충청북도 제천시 명동,충청북도,제천시,명동
백운면-2174,2174,충청북도 제천시 백운면,충청북도,제천시,백운면
모산동-7137,7137,충청북도 제천시 모산동,충청북도,제천시,모산동
중앙로1가-7147,7147,충청북도 제천시 중앙로1가,충청북도,제천시,중앙로1가
금성면-2169,2169,충청북도 제천시 금성면,충청북도,제천시,금성면
고명동-7129,7129,충청북도 제천시 고명동,충청북도,제천시,고명동
수산면-2171,2171,충청북도 제천시 수산면,충청북도,제천시,수산면
청풍면-2170,2170,충청북도 제천시 청풍면,충청북도,제천시,청풍면
덕산면-2172,2172,충청북도 제천시 덕산면,충청북도,제천시,덕산면
두학동-7134,7134,충청북도 제천시 두학동,충청북도,제천시,두학동
명지동-7136,7136,충청북도 제천시 명지동,충청북도,제천시,명지동
흑석동-7151,7151,충청북도 제천시 흑석동,충청북도,제천시,흑석동
한수면-2173,2173,충청북도 제천시 한수면,충청북도,제천시,한수면
산곡동-7138,7138,충청북도 제천시 산곡동,충청북도,제천시,산곡동
신동-7140,7140,충청북도 제천시 신동,충청북도,제천시,신동
대랑동-7132,7132,충청북도 제천시 대랑동,충청북도,제천시,대랑동
자작동-7145,7145,충청북도 제천시 자작동,충청북도,제천시,자작동
두정동-7119,7119,충청남도 천안시 서북구 두정동,충청남도,천안시 서북구,두정동
불당동-2292,2292,충청남도 천안시 서북구 불당동,충청남도,천안시 서북구,불당동
백석동-2291,2291,충청남도 천안시 서북구 백석동,충청남도,천안시 서북구,백석동
신방동-2278,2278,충청남도 천안시 동남구 신방동,충청남도,천안시 동남구,신방동
신부동-7109,7109,충청남도 천안시 동남구 신부동,충청남도,천안시 동남구,신부동
성정동-7122,7122,충청남도 천안시 서북구 성정동,충청남도,천안시 서북구,성정동
청당동-7117,7117,충청남도 천안시 동남구 청당동,충청남도,천안시 동남구,청당동
쌍용동-7124,7124,충청남도 천안시 서북구 쌍용동,충청남도,천안시 서북구,쌍용동
성성동-7121,7121,충청남도 천안시 서북구 성성동,충청남도,천안시 서북구,성성동
직산읍-2284,2284,충청남도 천안시 서북구 직산읍,충청남도,천안시 서북구,직산읍
쌍용2동-2289,2289,충청남도 천안시 서북구 쌍용2동,충청남도,천안시 서북구,쌍용2동
성환읍-2282,2282,충청남도 천안시 서북구 성환읍,충청남도,천안시 서북구,성환읍
성정2동-2287,2287,충청남도 천안시 서북구 성정2동,충청남도,천안시 서북구,성정2동
봉명동-2276,2276,충청남도 천안시 동남구 봉명동,충청남도,천안시 동남구,봉명동
목천읍-2264,2264,충청남도 천안시 동남구 목천읍,충청남도,천안시 동남구,목천읍
성거읍-2283,2283,충청남도 천안시 서북구 성거읍,충청남도,천안시 서북구,성거읍
용곡동-7114,7114,충청남도 천안시 동남구 용곡동,충청남도,천안시 동남구,용곡동
차암동-7127,7127,충청남도 천안시 서북구 차암동,충청남도,천안시 서북구,차암동
부성2동-2294,2294,충청남도 천안시 서북구 부성2동,충청남도,천안시 서북구,부성2동
안서동-7111,7111,충청남도 천안시 동남구 안서동,충청남도,천안시 동남구,안서동
성정1동-2286,2286,충청남도 천안시 서북구 성정1동,충청남도,천안시 서북구,성정1동
쌍용1동-2288,2288,충청남도 천안시 서북구 쌍용1동,충청남도,천안시 서북구,쌍용1동
쌍용3동-2290,2290,충청남도 천안시 서북구 쌍용3동,충청남도,천안시 서북구,쌍용3동
청수동-7118,7118,충청남도 천안시 동남구 청수동,충청남도,천안시 동남구,청수동
신안동-2280,2280,충청남도 천안시 동남구 신안동,충청남도,천안시 동남구,신안동
풍세면-2265,2265,충청남도 천안시 동남구 풍세면,충청남도,천안시 동남구,풍세면
구성동-7102,7102,충청남도 천안시 동남구 구성동,충청남도,천안시 동남구,구성동
입장면-2285,2285,충청남도 천안시 서북구 입장면,충청남도,천안시 서북구,입장면
다가동-7103,7103,충청남도 천안시 동남구 다가동,충청남도,천안시 동남구,다가동
청룡동-2279,2279,충청남도 천안시 동남구 청룡동,충청남도,천안시 동남구,청룡동
원성동-7115,7115,충청남도 천안시 동남구 원성동,충청남도,천안시 동남구,원성동
부성1동-2293,2293,충청남도 천안시 서북구 부성1동,충청남도,천안시 서북구,부성1동
병천면-2270,2270,충청남도 천안시 동남구 병천면,충청남도,천안시 동남구,병천면
원성2동-2275,2275,충청남도 천안시 동남구 원성2동,충청남도,천안시 동남구,원성2동
문화동-7105,7105,충청남도 천안시 동남구 문화동,충청남도,천안시 동남구,문화동
쌍용동-7110,7110,충청남도 천안시 동남구 쌍용동,충청남도,천안시 동남구,쌍용동
오룡동-7113,7113,충청남도 천안시 동남구 오룡동,충청남도,천안시 동남구,오룡동
와촌동-7126,7126,충청남도 천안시 서북구 와촌동,충청남도,천안시 서북구,와촌동
일봉동-2277,2277,충청남도 천안시 동남구 일봉동,충청남도,천안시 동남구,일봉동
원성1동-2274,2274,충청남도 천안시 동남구 원성1동,충청남도,천안시 동남구,원성1동
신당동-7123,7123,충청남도 천안시 서북구 신당동,충청남도,천안시 서북구,신당동
부대동-7120,7120,충청남도 천안시 서북구 부대동,충청남도,천안시 서북구,부대동
성황동-7108,7108,충청남도 천안시 동남구 성황동,충청남도,천안시 동남구,성황동
성남면-2268,2268,충청남도 천안시 동남구 성남면,충청남도,천안시 동남구,성남면
북면-2267,2267,충청남도 천안시 동남구 북면,충청남도,천안시 동남구,북면
광덕면-2266,2266,충청남도 천안시 동남구 광덕면,충청남도,천안시 동남구,광덕면
삼룡동-7107,7107,충청남도 천안시 동남구 삼룡동,충청남도,천안시 동남구,삼룡동
대흥동-7104,7104,충청남도 천안시 동남구 대흥동,충청남도,천안시 동남구,대흥동
문성동-2273,2273,충청남도 천안시 동남구 문성동,충청남도,천안시 동남구,문성동
중앙동-2272,2272,충청남도 천안시 동남구 중앙동,충청남도,천안시 동남구,중앙동
영성동-7112,7112,충청남도 천안시 동남구 영성동,충청남도,천안시 동남구,영성동
유량동-7116,7116,충청남도 천안시 동남구 유량동,충청남도,천안시 동남구,유량동
수신면-2269,2269,충청남도 천안시 동남구 수신면,충청남도,천안시 동남구,수신면
사직동-7106,7106,충청남도 천안시 동남구 사직동,충청남도,천안시 동남구,사직동
업성동-7125,7125,충청남도 천안시 서북구 업성동,충청남도,천안시 서북구,업성동
동면-2271,2271,충청남도 천안시 동남구 동면,충청남도,천안시 동남구,동면
구룡동-7101,7101,충청남도 천안시 동남구 구룡동,충청남도,천안시 동남구,구룡동
신관동-2310,2310,충청남도 공주시 신관동,충청남도,공주시,신관동
금흥동-7022,7022,충청남도 공주시 금흥동,충청남도,공주시,금흥동
월송동-2311,2311,충청남도 공주시 월송동,충청남도,공주시,월송동
옥룡동-2309,2309,충청남도 공주시 옥룡동,충청남도,공주시,옥룡동
금학동-2308,2308,충청남도 공주시 금학동,충청남도,공주시,금학동
유구읍-2296,2296,충청남도 공주시 유구읍,충청남도,공주시,유구읍
의당면-2301,2301,충청남도 공주시 의당면,충청남도,공주시,의당면
반포면-2300,2300,충청남도 공주시 반포면,충청남도,공주시,반포면
웅진동-2307,2307,충청남도 공주시 웅진동,충청남도,공주시,웅진동
계룡면-2299,2299,충청남도 공주시 계룡면,충청남도,공주시,계룡면
우성면-2303,2303,충청남도 공주시 우성면,충청남도,공주시,우성면
정안면-2302,2302,충청남도 공주시 정안면,충청남도,공주시,정안면
교동-7020,7020,충청남도 공주시 교동,충청남도,공주시,교동
중동-7038,7038,충청남도 공주시 중동,충청남도,공주시,중동
산성동-7028,7028,충청남도 공주시 산성동,충청남도,공주시,산성동
봉황동-7027,7027,충청남도 공주시 봉황동,충청남도,공주시,봉황동
이인면-2297,2297,충청남도 공주시 이인면,충청남도,공주시,이인면
금성동-7021,7021,충청남도 공주시 금성동,충청남도,공주시,금성동
중학동-2306,2306,충청남도 공주시 중학동,충청남도,공주시,중학동
탄천면-2298,2298,충청남도 공주시 탄천면,충청남도,공주시,탄천면
사곡면-2304,2304,충청남도 공주시 사곡면,충청남도,공주시,사곡면
신풍면-2305,2305,충청남도 공주시 신풍면,충청남도,공주시,신풍면
반죽동-7025,7025,충청남도 공주시 반죽동,충청남도,공주시,반죽동
쌍신동-7034,7034,충청남도 공주시 쌍신동,충청남도,공주시,쌍신동
송선동-7032,7032,충청남도 공주시 송선동,충청남도,공주시,송선동
소학동-7031,7031,충청남도 공주시 소학동,충청남도,공주시,소학동
검상동-7019,7019,충청남도 공주시 검상동,충청남도,공주시,검상동
월미동-7036,7036,충청남도 공주시 월미동,충청남도,공주시,월미동
봉정동-7026,7026,충청남도 공주시 봉정동,충청남도,공주시,봉정동
신기동-7033,7033,충청남도 공주시 신기동,충청남도,공주시,신기동
상왕동-7029,7029,충청남도 공주시 상왕동,충청남도,공주시,상왕동
동현동-7023,7023,충청남도 공주시 동현동,충청남도,공주시,동현동
오곡동-7035,7035,충청남도 공주시 오곡동,충청남도,공주시,오곡동
태봉동-7039,7039,충청남도 공주시 태봉동,충청남도,공주시,태봉동
석장리동-7030,7030,충청남도 공주시 석장리동,충청남도,공주시,석장리동
주미동-7037,7037,충청남도 공주시 주미동,충청남도,공주시,주미동
무릉동-7024,7024,충청남도 공주시 무릉동,충청남도,공주시,무릉동
동대동-7064,7064,충청남도 보령시 동대동,충청남도,보령시,동대동
명천동-7065,7065,충청남도 보령시 명천동,충청남도,보령시,명천동
대천4동-2329,2329,충청남도 보령시 대천4동,충청남도,보령시,대천4동
대천1동-2326,2326,충청남도 보령시 대천1동,충청남도,보령시,대천1동
대천3동-2328,2328,충청남도 보령시 대천3동,충청남도,보령시,대천3동
대천동-7063,7063,충청남도 보령시 대천동,충청남도,보령시,대천동
죽정동-7068,7068,충청남도 보령시 죽정동,충청남도,보령시,죽정동
대천2동-2327,2327,충청남도 보령시 대천2동,충청남도,보령시,대천2동
주교면-2325,2325,충청남도 보령시 주교면,충청남도,보령시,주교면
웅천읍-2313,2313,충청남도 보령시 웅천읍,충청남도,보령시,웅천읍
대천5동-2330,2330,충청남도 보령시 대천5동,충청남도,보령시,대천5동
남포면-2321,2321,충청남도 보령시 남포면,충청남도,보령시,남포면
신흑동-7066,7066,충청남도 보령시 신흑동,충청남도,보령시,신흑동
궁촌동-7060,7060,충청남도 보령시 궁촌동,충청남도,보령시,궁촌동
청라면-2320,2320,충청남도 보령시 청라면,충청남도,보령시,청라면
오천면-2315,2315,충청남도 보령시 오천면,충청남도,보령시,오천면
주포면-2314,2314,충청남도 보령시 주포면,충청남도,보령시,주포면
천북면-2318,2318,충청남도 보령시 천북면,충청남도,보령시,천북면
성주면-2324,2324,충청남도 보령시 성주면,충청남도,보령시,성주면
청소면-2319,2319,충청남도 보령시 청소면,충청남도,보령시,청소면
주산면-2322,2322,충청남도 보령시 주산면,충청남도,보령시,주산면
미산면-2323,2323,충청남도 보령시 미산면,충청남도,보령시,미산면
내항동-7062,7062,충청남도 보령시 내항동,충청남도,보령시,내항동
남곡동-7061,7061,충청남도 보령시 남곡동,충청남도,보령시,남곡동
요암동-7067,7067,충청남도 보령시 요암동,충청남도,보령시,요암동
화산동-7069,7069,충청남도 보령시 화산동,충청남도,보령시,화산동
배방읍-2333,2333,충청남도 아산시 배방읍,충청남도,아산시,배방읍
탕정면-2335,2335,충청남도 아산시 탕정면,충청남도,아산시,탕정면
둔포면-2337,2337,충청남도 아산시 둔포면,충청남도,아산시,둔포면
신창면-2342,2342,충청남도 아산시 신창면,충청남도,아산시,신창면
모종동-7086,7086,충청남도 아산시 모종동,충청남도,아산시,모종동
음봉면-2336,2336,충청남도 아산시 음봉면,충청남도,아산시,음봉면
용화동-7094,7094,충청남도 아산시 용화동,충청남도,아산시,용화동
풍기동-7100,7100,충청남도 아산시 풍기동,충청남도,아산시,풍기동
온천동-7093,7093,충청남도 아산시 온천동,충청남도,아산시,온천동
권곡동-7082,7082,충청남도 아산시 권곡동,충청남도,아산시,권곡동
온양3동-2345,2345,충청남도 아산시 온양3동,충청남도,아산시,온양3동
온양1동-2343,2343,충청남도 아산시 온양1동,충청남도,아산시,온양1동
온양2동-2344,2344,충청남도 아산시 온양2동,충청남도,아산시,온양2동
온양5동-2347,2347,충청남도 아산시 온양5동,충청남도,아산시,온양5동
방축동-7087,7087,충청남도 아산시 방축동,충청남도,아산시,방축동
인주면-2339,2339,충청남도 아산시 인주면,충청남도,아산시,인주면
염치읍-2332,2332,충청남도 아산시 염치읍,충청남도,아산시,염치읍
온양6동-2348,2348,충청남도 아산시 온양6동,충청남도,아산시,온양6동
영인면-2338,2338,충청남도 아산시 영인면,충청남도,아산시,영인면
실옥동-7092,7092,충청남도 아산시 실옥동,충청남도,아산시,실옥동
온양4동-2346,2346,충청남도 아산시 온양4동,충청남도,아산시,온양4동
배미동-7088,7088,충청남도 아산시 배미동,충청남도,아산시,배미동
도고면-2341,2341,충청남도 아산시 도고면,충청남도,아산시,도고면
득산동-7085,7085,충청남도 아산시 득산동,충청남도,아산시,득산동
좌부동-7098,7098,충청남도 아산시 좌부동,충청남도,아산시,좌부동
장존동-7096,7096,충청남도 아산시 장존동,충청남도,아산시,장존동
선장면-2340,2340,충청남도 아산시 선장면,충청남도,아산시,선장면
송악면-2334,2334,충청남도 아산시 송악면,충청남도,아산시,송악면
법곡동-7089,7089,충청남도 아산시 법곡동,충청남도,아산시,법곡동
신인동-7091,7091,충청남도 아산시 신인동,충청남도,아산시,신인동
신동-7090,7090,충청남도 아산시 신동,충청남도,아산시,신동
읍내동-7095,7095,충청남도 아산시 읍내동,충청남도,아산시,읍내동
초사동-7099,7099,충청남도 아산시 초사동,충청남도,아산시,초사동
남동-7084,7084,충청남도 아산시 남동,충청남도,아산시,남동
점양동-7097,7097,충청남도 아산시 점양동,충청남도,아산시,점양동
기산동-7083,7083,충청남도 아산시 기산동,충청남도,아산시,기산동
예천동-7075,7075,충청남도 서산시 예천동,충청남도,서산시,예천동
성연면-2355,2355,충청남도 서산시 성연면,충청남도,서산시,성연면
읍내동-7078,7078,충청남도 서산시 읍내동,충청남도,서산시,읍내동
동문동-7072,7072,충청남도 서산시 동문동,충청남도,서산시,동문동
석림동-7073,7073,충청남도 서산시 석림동,충청남도,서산시,석림동
대산읍-2350,2350,충청남도 서산시 대산읍,충청남도,서산시,대산읍
동문2동-2362,2362,충청남도 서산시 동문2동,충청남도,서산시,동문2동
석남동-2364,2364,충청남도 서산시 석남동,충청남도,서산시,석남동
동문1동-2361,2361,충청남도 서산시 동문1동,충청남도,서산시,동문1동
지곡면-2354,2354,충청남도 서산시 지곡면,충청남도,서산시,지곡면
해미면-2358,2358,충청남도 서산시 해미면,충청남도,서산시,해미면
음암면-2356,2356,충청남도 서산시 음암면,충청남도,서산시,음암면
인지면-2351,2351,충청남도 서산시 인지면,충청남도,서산시,인지면
부춘동-2360,2360,충청남도 서산시 부춘동,충청남도,서산시,부춘동
운산면-2357,2357,충청남도 서산시 운산면,충청남도,서산시,운산면
고북면-2359,2359,충청남도 서산시 고북면,충청남도,서산시,고북면
부석면-2352,2352,충청남도 서산시 부석면,충청남도,서산시,부석면
죽성동-7081,7081,충청남도 서산시 죽성동,충청남도,서산시,죽성동
수석동-2363,2363,충청남도 서산시 수석동,충청남도,서산시,수석동
팔봉면-2353,2353,충청남도 서산시 팔봉면,충청남도,서산시,팔봉면
갈산동-7070,7070,충청남도 서산시 갈산동,충청남도,서산시,갈산동
잠홍동-7079,7079,충청남도 서산시 잠홍동,충청남도,서산시,잠홍동
양대동-7074,7074,충청남도 서산시 양대동,충청남도,서산시,양대동
오남동-7076,7076,충청남도 서산시 오남동,충청남도,서산시,오남동
온석동-7077,7077,충청남도 서산시 온석동,충청남도,서산시,온석동
장동-7080,7080,충청남도 서산시 장동,충청남도,서산시,장동
덕지천동-7071,7071,충청남도 서산시 덕지천동,충청남도,서산시,덕지천동
취암동-2379,2379,충청남도 논산시 취암동,충청남도,논산시,취암동
내동-7042,7042,충청남도 논산시 내동,충청남도,논산시,내동
연무읍-2367,2367,충청남도 논산시 연무읍,충청남도,논산시,연무읍
강경읍-2366,2366,충청남도 논산시 강경읍,충청남도,논산시,강경읍
부창동-2380,2380,충청남도 논산시 부창동,충청남도,논산시,부창동
강산동-7040,7040,충청남도 논산시 강산동,충청남도,논산시,강산동
대교동-7043,7043,충청남도 논산시 대교동,충청남도,논산시,대교동
연산면-2373,2373,충청남도 논산시 연산면,충청남도,논산시,연산면
은진면-2377,2377,충청남도 논산시 은진면,충청남도,논산시,은진면
양촌면-2375,2375,충청남도 논산시 양촌면,충청남도,논산시,양촌면
화지동-7048,7048,충청남도 논산시 화지동,충청남도,논산시,화지동
반월동-7046,7046,충청남도 논산시 반월동,충청남도,논산시,반월동
부적면-2372,2372,충청남도 논산시 부적면,충청남도,논산시,부적면
성동면-2368,2368,충청남도 논산시 성동면,충청남도,논산시,성동면
광석면-2369,2369,충청남도 논산시 광석면,충청남도,논산시,광석면
상월면-2371,2371,충청남도 논산시 상월면,충청남도,논산시,상월면
가야곡면-2376,2376,충청남도 논산시 가야곡면,충청남도,논산시,가야곡면
노성면-2370,2370,충청남도 논산시 노성면,충청남도,논산시,노성면
채운면-2378,2378,충청남도 논산시 채운면,충청남도,논산시,채운면
벌곡면-2374,2374,충청남도 논산시 벌곡면,충청남도,논산시,벌곡면
관촉동-7041,7041,충청남도 논산시 관촉동,충청남도,논산시,관촉동
지산동-7047,7047,충청남도 논산시 지산동,충청남도,논산시,지산동
등화동-7045,7045,충청남도 논산시 등화동,충청남도,논산시,등화동
덕지동-7044,7044,충청남도 논산시 덕지동,충청남도,논산시,덕지동
엄사면-2383,2383,충청남도 계룡시 엄사면,충청남도,계룡시,엄사면
금암동-2385,2385,충청남도 계룡시 금암동,충청남도,계룡시,금암동
두마면-2382,2382,충청남도 계룡시 두마면,충청남도,계룡시,두마면
신도안면-2384,2384,충청남도 계룡시 신도안면,충청남도,계룡시,신도안면
송악읍-2388,2388,충청남도 당진시 송악읍,충청남도,당진시,송악읍
읍내동-7057,7057,충청남도 당진시 읍내동,충청남도,당진시,읍내동
수청동-7052,7052,충청남도 당진시 수청동,충청남도,당진시,수청동
송산면-2397,2397,충청남도 당진시 송산면,충청남도,당진시,송산면
신평면-2396,2396,충청남도 당진시 신평면,충청남도,당진시,신평면
당진1동-2398,2398,충청남도 당진시 당진1동,충청남도,당진시,당진1동
채운동-7058,7058,충청남도 당진시 채운동,충청남도,당진시,채운동
합덕읍-2387,2387,충청남도 당진시 합덕읍,충청남도,당진시,합덕읍
원당동-7056,7056,충청남도 당진시 원당동,충청남도,당진시,원당동
석문면-2390,2390,충청남도 당진시 석문면,충청남도,당진시,석문면
당진3동-2400,2400,충청남도 당진시 당진3동,충청남도,당진시,당진3동
대덕동-7050,7050,충청남도 당진시 대덕동,충청남도,당진시,대덕동
당진2동-2399,2399,충청남도 당진시 당진2동,충청남도,당진시,당진2동
순성면-2394,2394,충청남도 당진시 순성면,충청남도,당진시,순성면
시곡동-7053,7053,충청남도 당진시 시곡동,충청남도,당진시,시곡동
고대면-2389,2389,충청남도 당진시 고대면,충청남도,당진시,고대면
정미면-2392,2392,충청남도 당진시 정미면,충청남도,당진시,정미면
우강면-2395,2395,충청남도 당진시 우강면,충청남도,당진시,우강면
면천면-2393,2393,충청남도 당진시 면천면,충청남도,당진시,면천면
우두동-7055,7055,충청남도 당진시 우두동,충청남도,당진시,우두동
대호지면-2391,2391,충청남도 당진시 대호지면,충청남도,당진시,대호지면
행정동-7059,7059,충청남도 당진시 행정동,충청남도,당진시,행정동
용연동-7054,7054,충청남도 당진시 용연동,충청남도,당진시,용연동
사기소동-7051,7051,충청남도 당진시 사기소동,충청남도,당진시,사기소동
구룡동-7049,7049,충청남도 당진시 구룡동,충청남도,당진시,구룡동
금산읍-2402,2402,충청남도 금산군 금산읍,충청남도,금산군,금산읍
추부면-2411,2411,충청남도 금산군 추부면,충청남도,금산군,추부면
복수면-2410,2410,충청남도 금산군 복수면,충청남도,금산군,복수면
금성면-2403,2403,충청남도 금산군 금성면,충청남도,금산군,금성면
진산면-2409,2409,충청남도 금산군 진산면,충청남도,금산군,진산면
제원면-2404,2404,충청남도 금산군 제원면,충청남도,금산군,제원면
군북면-2406,2406,충청남도 금산군 군북면,충청남도,금산군,군북면
남일면-2407,2407,충청남도 금산군 남일면,충청남도,금산군,남일면
부리면-2405,2405,충청남도 금산군 부리면,충청남도,금산군,부리면
남이면-2408,2408,충청남도 금산군 남이면,충청남도,금산군,남이면
부여읍-2413,2413,충청남도 부여군 부여읍,충청남도,부여군,부여읍
규암면-2414,2414,충청남도 부여군 규암면,충청남도,부여군,규암면
석성면-2427,2427,충청남도 부여군 석성면,충청남도,부여군,석성면
은산면-2415,2415,충청남도 부여군 은산면,충청남도,부여군,은산면
홍산면-2419,2419,충청남도 부여군 홍산면,충청남도,부여군,홍산면
임천면-2424,2424,충청남도 부여군 임천면,충청남도,부여군,임천면
장암면-2425,2425,충청남도 부여군 장암면,충청남도,부여군,장암면
세도면-2426,2426,충청남도 부여군 세도면,충청남도,부여군,세도면
구룡면-2418,2418,충청남도 부여군 구룡면,충청남도,부여군,구룡면
외산면-2416,2416,충청남도 부여군 외산면,충청남도,부여군,외산면
초촌면-2428,2428,충청남도 부여군 초촌면,충청남도,부여군,초촌면
내산면-2417,2417,충청남도 부여군 내산면,충청남도,부여군,내산면
남면-2421,2421,충청남도 부여군 남면,충청남도,부여군,남면
옥산면-2420,2420,충청남도 부여군 옥산면,충청남도,부여군,옥산면
양화면-2423,2423,충청남도 부여군 양화면,충청남도,부여군,양화면
충화면-2422,2422,충청남도 부여군 충화면,충청남도,부여군,충화면
서천읍-2431,2431,충청남도 서천군 서천읍,충청남도,서천군,서천읍
장항읍-2430,2430,충청남도 서천군 장항읍,충청남도,서천군,장항읍
마서면-2432,2432,충청남도 서천군 마서면,충청남도,서천군,마서면
서면-2442,2442,충청남도 서천군 서면,충청남도,서천군,서면
비인면-2441,2441,충청남도 서천군 비인면,충청남도,서천군,비인면
종천면-2440,2440,충청남도 서천군 종천면,충청남도,서천군,종천면
한산면-2435,2435,충청남도 서천군 한산면,충청남도,서천군,한산면
화양면-2433,2433,충청남도 서천군 화양면,충청남도,서천군,화양면
판교면-2439,2439,충청남도 서천군 판교면,충청남도,서천군,판교면
기산면-2434,2434,충청남도 서천군 기산면,충청남도,서천군,기산면
마산면-2436,2436,충청남도 서천군 마산면,충청남도,서천군,마산면
문산면-2438,2438,충청남도 서천군 문산면,충청남도,서천군,문산면
시초면-2437,2437,충청남도 서천군 시초면,충청남도,서천군,시초면
청양읍-2444,2444,충청남도 청양군 청양읍,충청남도,청양군,청양읍
정산면-2447,2447,충청남도 청양군 정산면,충청남도,청양군,정산면
대치면-2446,2446,충청남도 청양군 대치면,충청남도,청양군,대치면
비봉면-2453,2453,충청남도 청양군 비봉면,충청남도,청양군,비봉면
남양면-2451,2451,충청남도 청양군 남양면,충청남도,청양군,남양면
화성면-2452,2452,충청남도 청양군 화성면,충청남도,청양군,화성면
운곡면-2445,2445,충청남도 청양군 운곡면,충청남도,청양군,운곡면
장평면-2450,2450,충청남도 청양군 장평면,충청남도,청양군,장평면
청남면-2449,2449,충청남도 청양군 청남면,충청남도,청양군,청남면
목면-2448,2448,충청남도 청양군 목면,충청남도,청양군,목면
홍성읍-2455,2455,충청남도 홍성군 홍성읍,충청남도,홍성군,홍성읍
홍북읍-2457,2457,충청남도 홍성군 홍북읍,충청남도,홍성군,홍북읍
광천읍-2456,2456,충청남도 홍성군 광천읍,충청남도,홍성군,광천읍
구항면-2465,2465,충청남도 홍성군 구항면,충청남도,홍성군,구항면
금마면-2458,2458,충청남도 홍성군 금마면,충청남도,홍성군,금마면
갈산면-2464,2464,충청남도 홍성군 갈산면,충청남도,홍성군,갈산면
홍동면-2459,2459,충청남도 홍성군 홍동면,충청남도,홍성군,홍동면
서부면-2463,2463,충청남도 홍성군 서부면,충청남도,홍성군,서부면
장곡면-2460,2460,충청남도 홍성군 장곡면,충청남도,홍성군,장곡면
은하면-2461,2461,충청남도 홍성군 은하면,충청남도,홍성군,은하면
결성면-2462,2462,충청남도 홍성군 결성면,충청남도,홍성군,결성면
예산읍-2467,2467,충청남도 예산군 예산읍,충청남도,예산군,예산읍
삽교읍-2468,2468,충청남도 예산군 삽교읍,충청남도,예산군,삽교읍
덕산면-2474,2474,충청남도 예산군 덕산면,충청남도,예산군,덕산면
고덕면-2476,2476,충청남도 예산군 고덕면,충청남도,예산군,고덕면
오가면-2478,2478,충청남도 예산군 오가면,충청남도,예산군,오가면
신암면-2477,2477,충청남도 예산군 신암면,충청남도,예산군,신암면
응봉면-2473,2473,충청남도 예산군 응봉면,충청남도,예산군,응봉면
광시면-2471,2471,충청남도 예산군 광시면,충청남도,예산군,광시면
신양면-2470,2470,충청남도 예산군 신양면,충청남도,예산군,신양면
대술면-2469,2469,충청남도 예산군 대술면,충청남도,예산군,대술면
봉산면-2475,2475,충청남도 예산군 봉산면,충청남도,예산군,봉산면
대흥면-2472,2472,충청남도 예산군 대흥면,충청남도,예산군,대흥면
태안읍-2480,2480,충청남도 태안군 태안읍,충청남도,태안군,태안읍
안면읍-2481,2481,충청남도 태안군 안면읍,충청남도,태안군,안면읍
남면-2483,2483,충청남도 태안군 남면,충청남도,태안군,남면
근흥면-2484,2484,충청남도 태안군 근흥면,충청남도,태안군,근흥면
소원면-2485,2485,충청남도 태안군 소원면,충청남도,태안군,소원면
원북면-2486,2486,충청남도 태안군 원북면,충청남도,태안군,원북면
고남면-2482,2482,충청남도 태안군 고남면,충청남도,태안군,고남면
이원면-2487,2487,충청남도 태안군 이원면,충청남도,태안군,이원면
괴산읍-2231,2231,충청북도 괴산군 괴산읍,충청북도,괴산군,괴산읍
청천면-2237,2237,충청북도 괴산군 청천면,충청북도,괴산군,청천면
칠성면-2235,2235,충청북도 괴산군 칠성면,충청북도,괴산군,칠성면
청안면-2238,2238,충청북도 괴산군 청안면,충청북도,괴산군,청안면
사리면-2239,2239,충청북도 괴산군 사리면,충청북도,괴산군,사리면
불정면-2241,2241,충청북도 괴산군 불정면,충청북도,괴산군,불정면
소수면-2240,2240,충청북도 괴산군 소수면,충청북도,괴산군,소수면
문광면-2236,2236,충청북도 괴산군 문광면,충청북도,괴산군,문광면
연풍면-2234,2234,충청북도 괴산군 연풍면,충청북도,괴산군,연풍면
감물면-2232,2232,충청북도 괴산군 감물면,충청북도,괴산군,감물면
장연면-2233,2233,충청북도 괴산군 장연면,충청북도,괴산군,장연면
단양읍-2253,2253,충청북도 단양군 단양읍,충청북도,단양군,단양읍
매포읍-2254,2254,충청북도 단양군 매포읍,충청북도,단양군,매포읍
영춘면-2257,2257,충청북도 단양군 영춘면,충청북도,단양군,영춘면
대강면-2255,2255,충청북도 단양군 대강면,충청북도,단양군,대강면
가곡면-2256,2256,충청북도 단양군 가곡면,충청북도,단양군,가곡면
어상천면-2258,2258,충청북도 단양군 어상천면,충청북도,단양군,어상천면
적성면-2259,2259,충청북도 단양군 적성면,충청북도,단양군,적성면
단성면-2260,2260,충청북도 단양군 단성면,충청북도,단양군,단성면
보은읍-2186,2186,충청북도 보은군 보은읍,충청북도,보은군,보은읍
삼승면-2191,2191,충청북도 보은군 삼승면,충청북도,보은군,삼승면
마로면-2189,2189,충청북도 보은군 마로면,충청북도,보은군,마로면
수한면-2192,2192,충청북도 보은군 수한면,충청북도,보은군,수한면
속리산면-2187,2187,충청북도 보은군 속리산면,충청북도,보은군,속리산면
장안면-2188,2188,충청북도 보은군 장안면,충청북도,보은군,장안면
내북면-2195,2195,충청북도 보은군 내북면,충청북도,보은군,내북면
산외면-2196,2196,충청북도 보은군 산외면,충청북도,보은군,산외면
탄부면-2190,2190,충청북도 보은군 탄부면,충청북도,보은군,탄부면
회인면-2194,2194,충청북도 보은군 회인면,충청북도,보은군,회인면
회남면-2193,2193,충청북도 보은군 회남면,충청북도,보은군,회남면
영동읍-2208,2208,충청북도 영동군 영동읍,충청북도,영동군,영동읍
황간면-2210,2210,충청북도 영동군 황간면,충청북도,영동군,황간면
용산면-2209,2209,충청북도 영동군 용산면,충청북도,영동군,용산면
양강면-2214,2214,충청북도 영동군 양강면,충청북도,영동군,양강면
심천면-2218,2218,충청북도 영동군 심천면,충청북도,영동군,심천면
학산면-2216,2216,충청북도 영동군 학산면,충청북도,영동군,학산면
추풍령면-2211,2211,충청북도 영동군 추풍령면,충청북도,영동군,추풍령면
상촌면-2213,2213,충청북도 영동군 상촌면,충청북도,영동군,상촌면
매곡면-2212,2212,충청북도 영동군 매곡면,충청북도,영동군,매곡면
양산면-2217,2217,충청북도 영동군 양산면,충청북도,영동군,양산면
용화면-2215,2215,충청북도 영동군 용화면,충청북도,영동군,용화면
옥천읍-2198,2198,충청북도 옥천군 옥천읍,충청북도,옥천군,옥천읍
이원면-2204,2204,충청북도 옥천군 이원면,충청북도,옥천군,이원면
동이면-2199,2199,충청북도 옥천군 동이면,충청북도,옥천군,동이면
군북면-2206,2206,충청북도 옥천군 군북면,충청북도,옥천군,군북면
청산면-2203,2203,충청북도 옥천군 청산면,충청북도,옥천군,청산면
군서면-2205,2205,충청북도 옥천군 군서면,충청북도,옥천군,군서면
청성면-2202,2202,충청북도 옥천군 청성면,충청북도,옥천군,청성면
안내면-2201,2201,충청북도 옥천군 안내면,충청북도,옥천군,안내면
안남면-2200,2200,충청북도 옥천군 안남면,충청북도,옥천군,안남면
금왕읍-2244,2244,충청북도 음성군 금왕읍,충청북도,음성군,금왕읍
대소면-2248,2248,충청북도 음성군 대소면,충청북도,음성군,대소면
맹동면-2247,2247,충청북도 음성군 맹동면,충청북도,음성군,맹동면
음성읍-2243,2243,충청북도 음성군 음성읍,충청북도,음성군,음성읍
감곡면-2251,2251,충청북도 음성군 감곡면,충청북도,음성군,감곡면
삼성면-2249,2249,충청북도 음성군 삼성면,충청북도,음성군,삼성면
생극면-2250,2250,충청북도 음성군 생극면,충청북도,음성군,생극면
원남면-2246,2246,충청북도 음성군 원남면,충청북도,음성군,원남면
소이면-2245,2245,충청북도 음성군 소이면,충청북도,음성군,소이면
진천읍-2223,2223,충청북도 진천군 진천읍,충청북도,진천군,진천읍
덕산읍-2224,2224,충청북도 진천군 덕산읍,충청북도,진천군,덕산읍
광혜원면-2229,2229,충청북도 진천군 광혜원면,충청북도,진천군,광혜원면
이월면-2228,2228,충청북도 진천군 이월면,충청북도,진천군,이월면
문백면-2226,2226,충청북도 진천군 문백면,충청북도,진천군,문백면
초평면-2225,2225,충청북도 진천군 초평면,충청북도,진천군,초평면
백곡면-2227,2227,충청북도 진천군 백곡면,충청북도,진천군,백곡면
증평읍-2220,2220,충청북도 증평군 증평읍,충청북도,증평군,증평읍
도안면-2221,2221,충청북도 증평군 도안면,충청북도,증평군,도안면
서신동-2499,2499,전북특별자치도 전주시 완산구 서신동,전북특별자치도,전주시 완산구,서신동
송천동2가-6878,6878,전북특별자치도 전주시 덕진구 송천동2가,전북특별자치도,전주시 덕진구,송천동2가
효자동3가-6941,6941,전북특별자치도 전주시 완산구 효자동3가,전북특별자치도,전주시 완산구,효자동3가
효자동2가-6940,6940,전북특별자치도 전주시 완산구 효자동2가,전북특별자치도,전주시 완산구,효자동2가
인후동1가-6885,6885,전북특별자치도 전주시 덕진구 인후동1가,전북특별자치도,전주시 덕진구,인후동1가
평화동2가-6934,6934,전북특별자치도 전주시 완산구 평화동2가,전북특별자치도,전주시 완산구,평화동2가
송천동1가-6877,6877,전북특별자치도 전주시 덕진구 송천동1가,전북특별자치도,전주시 덕진구,송천동1가
효자3동-2507,2507,전북특별자치도 전주시 완산구 효자3동,전북특별자치도,전주시 완산구,효자3동
중화산동2가-6931,6931,전북특별자치도 전주시 완산구 중화산동2가,전북특별자치도,전주시 완산구,중화산동2가
삼천동1가-6911,6911,전북특별자치도 전주시 완산구 삼천동1가,전북특별자치도,전주시 완산구,삼천동1가
혁신동-4236,4236,전북특별자치도 전주시 덕진구 혁신동,전북특별자치도,전주시 덕진구,혁신동
효자동1가-6939,6939,전북특별자치도 전주시 완산구 효자동1가,전북특별자치도,전주시 완산구,효자동1가
송천1동-2521,2521,전북특별자치도 전주시 덕진구 송천1동,전북특별자치도,전주시 덕진구,송천1동
송천2동-2522,2522,전북특별자치도 전주시 덕진구 송천2동,전북특별자치도,전주시 덕진구,송천2동
인후1동-2511,2511,전북특별자치도 전주시 덕진구 인후1동,전북특별자치도,전주시 덕진구,인후1동
진북동-2510,2510,전북특별자치도 전주시 덕진구 진북동,전북특별자치도,전주시 덕진구,진북동
평화2동-2501,2501,전북특별자치도 전주시 완산구 평화2동,전북특별자치도,전주시 완산구,평화2동
효자2동-2506,2506,전북특별자치도 전주시 완산구 효자2동,전북특별자치도,전주시 완산구,효자2동
중화산2동-2498,2498,전북특별자치도 전주시 완산구 중화산2동,전북특별자치도,전주시 완산구,중화산2동
효자4동-2508,2508,전북특별자치도 전주시 완산구 효자4동,전북특별자치도,전주시 완산구,효자4동
삼천1동-2502,2502,전북특별자치도 전주시 완산구 삼천1동,전북특별자치도,전주시 완산구,삼천1동
인후3동-2513,2513,전북특별자치도 전주시 덕진구 인후3동,전북특별자치도,전주시 덕진구,인후3동
효자1동-2505,2505,전북특별자치도 전주시 완산구 효자1동,전북특별자치도,전주시 완산구,효자1동
평화동1가-6933,6933,전북특별자치도 전주시 완산구 평화동1가,전북특별자치도,전주시 완산구,평화동1가
우아동3가-6883,6883,전북특별자치도 전주시 덕진구 우아동3가,전북특별자치도,전주시 덕진구,우아동3가
호성동1가-6895,6895,전북특별자치도 전주시 덕진구 호성동1가,전북특별자치도,전주시 덕진구,호성동1가
중화산1동-2497,2497,전북특별자치도 전주시 완산구 중화산1동,전북특별자치도,전주시 완산구,중화산1동
우아동2가-6882,6882,전북특별자치도 전주시 덕진구 우아동2가,전북특별자치도,전주시 덕진구,우아동2가
반월동-6874,6874,전북특별자치도 전주시 덕진구 반월동,전북특별자치도,전주시 덕진구,반월동
인후동2가-6886,6886,전북특별자치도 전주시 덕진구 인후동2가,전북특별자치도,전주시 덕진구,인후동2가
호성동-2520,2520,전북특별자치도 전주시 덕진구 호성동,전북특별자치도,전주시 덕진구,호성동
삼천3동-2504,2504,전북특별자치도 전주시 완산구 삼천3동,전북특별자치도,전주시 완산구,삼천3동
태평동-6932,6932,전북특별자치도 전주시 완산구 태평동,전북특별자치도,전주시 완산구,태평동
여의동-6879,6879,전북특별자치도 전주시 덕진구 여의동,전북특별자치도,전주시 덕진구,여의동
우아2동-2519,2519,전북특별자치도 전주시 덕진구 우아2동,전북특별자치도,전주시 덕진구,우아2동
여의동2가-2524,2524,전북특별자치도 전주시 덕진구 여의동2가,전북특별자치도,전주시 덕진구,여의동2가
중화산동1가-6930,6930,전북특별자치도 전주시 완산구 중화산동1가,전북특별자치도,전주시 완산구,중화산동1가
서서학동-2496,2496,전북특별자치도 전주시 완산구 서서학동,전북특별자치도,전주시 완산구,서서학동
효자5동-4250,4250,전북특별자치도 전주시 완산구 효자5동,전북특별자치도,전주시 완산구,효자5동
인후2동-2512,2512,전북특별자치도 전주시 덕진구 인후2동,전북특별자치도,전주시 덕진구,인후2동
장동-6887,6887,전북특별자치도 전주시 덕진구 장동,전북특별자치도,전주시 덕진구,장동
우아1동-2518,2518,전북특별자치도 전주시 덕진구 우아1동,전북특별자치도,전주시 덕진구,우아1동
팔복동-2517,2517,전북특별자치도 전주시 덕진구 팔복동,전북특별자치도,전주시 덕진구,팔복동
중노송동-6924,6924,전북특별자치도 전주시 완산구 중노송동,전북특별자치도,전주시 완산구,중노송동
평화1동-2500,2500,전북특별자치도 전주시 완산구 평화1동,전북특별자치도,전주시 완산구,평화1동
서노송동-6916,6916,전북특별자치도 전주시 완산구 서노송동,전북특별자치도,전주시 완산구,서노송동
삼천2동-2503,2503,전북특별자치도 전주시 완산구 삼천2동,전북특별자치도,전주시 완산구,삼천2동
동서학동-2495,2495,전북특별자치도 전주시 완산구 동서학동,전북특별자치도,전주시 완산구,동서학동
중동-6890,6890,전북특별자치도 전주시 덕진구 중동,전북특별자치도,전주시 덕진구,중동
중앙동-2491,2491,전북특별자치도 전주시 완산구 중앙동,전북특별자치도,전주시 완산구,중앙동
노송동-2493,2493,전북특별자치도 전주시 완산구 노송동,전북특별자치도,전주시 완산구,노송동
조촌동-2523,2523,전북특별자치도 전주시 덕진구 조촌동,전북특별자치도,전주시 덕진구,조촌동
팔복동2가-6892,6892,전북특별자치도 전주시 덕진구 팔복동2가,전북특별자치도,전주시 덕진구,팔복동2가
고사동-6902,6902,전북특별자치도 전주시 완산구 고사동,전북특별자치도,전주시 완산구,고사동
우아동1가-6881,6881,전북특별자치도 전주시 덕진구 우아동1가,전북특별자치도,전주시 덕진구,우아동1가
삼천동2가-6912,6912,전북특별자치도 전주시 완산구 삼천동2가,전북특별자치도,전주시 완산구,삼천동2가
서완산동2가-6918,6918,전북특별자치도 전주시 완산구 서완산동2가,전북특별자치도,전주시 완산구,서완산동2가
팔복동1가-6891,6891,전북특별자치도 전주시 덕진구 팔복동1가,전북특별자치도,전주시 덕진구,팔복동1가
호성동2가-6896,6896,전북특별자치도 전주시 덕진구 호성동2가,전북특별자치도,전주시 덕진구,호성동2가
삼천동3가-6913,6913,전북특별자치도 전주시 완산구 삼천동3가,전북특별자치도,전주시 완산구,삼천동3가
중인동-6929,6929,전북특별자치도 전주시 완산구 중인동,전북특별자치도,전주시 완산구,중인동
남노송동-6904,6904,전북특별자치도 전주시 완산구 남노송동,전북특별자치도,전주시 완산구,남노송동
평화동3가-6935,6935,전북특별자치도 전주시 완산구 평화동3가,전북특별자치도,전주시 완산구,평화동3가
산정동-6875,6875,전북특별자치도 전주시 덕진구 산정동,전북특별자치도,전주시 덕진구,산정동
완산동-2494,2494,전북특별자치도 전주시 완산구 완산동,전북특별자치도,전주시 완산구,완산동
풍남동-2492,2492,전북특별자치도 전주시 완산구 풍남동,전북특별자치도,전주시 완산구,풍남동
팔복동3가-6893,6893,전북특별자치도 전주시 덕진구 팔복동3가,전북특별자치도,전주시 덕진구,팔복동3가
경원동3가-6901,6901,전북특별자치도 전주시 완산구 경원동3가,전북특별자치도,전주시 완산구,경원동3가
대성동-6909,6909,전북특별자치도 전주시 완산구 대성동,전북특별자치도,전주시 완산구,대성동
동완산동-6910,6910,전북특별자치도 전주시 완산구 동완산동,전북특별자치도,전주시 완산구,동완산동
교동-6903,6903,전북특별자치도 전주시 완산구 교동,전북특별자치도,전주시 완산구,교동
전동-6922,6922,전북특별자치도 전주시 완산구 전동,전북특별자치도,전주시 완산구,전동
다가동3가-6907,6907,전북특별자치도 전주시 완산구 다가동3가,전북특별자치도,전주시 완산구,다가동3가
호성동3가-6897,6897,전북특별자치도 전주시 덕진구 호성동3가,전북특별자치도,전주시 덕진구,호성동3가
서완산동1가-6917,6917,전북특별자치도 전주시 완산구 서완산동1가,전북특별자치도,전주시 완산구,서완산동1가
전미동1가-6888,6888,전북특별자치도 전주시 덕진구 전미동1가,전북특별자치도,전주시 덕진구,전미동1가
경원동1가-6899,6899,전북특별자치도 전주시 완산구 경원동1가,전북특별자치도,전주시 완산구,경원동1가
풍남동3가-6938,6938,전북특별자치도 전주시 완산구 풍남동3가,전북특별자치도,전주시 완산구,풍남동3가
색장동-6915,6915,전북특별자치도 전주시 완산구 색장동,전북특별자치도,전주시 완산구,색장동
다가동4가-6908,6908,전북특별자치도 전주시 완산구 다가동4가,전북특별자치도,전주시 완산구,다가동4가
팔복동4가-6894,6894,전북특별자치도 전주시 덕진구 팔복동4가,전북특별자치도,전주시 덕진구,팔복동4가
다가동2가-6906,6906,전북특별자치도 전주시 완산구 다가동2가,전북특별자치도,전주시 완산구,다가동2가
중앙동4가-6928,6928,전북특별자치도 전주시 완산구 중앙동4가,전북특별자치도,전주시 완산구,중앙동4가
전미동2가-6889,6889,전북특별자치도 전주시 덕진구 전미동2가,전북특별자치도,전주시 덕진구,전미동2가
용정동-6880,6880,전북특별자치도 전주시 덕진구 용정동,전북특별자치도,전주시 덕진구,용정동
경원동2가-6900,6900,전북특별자치도 전주시 완산구 경원동2가,전북특별자치도,전주시 완산구,경원동2가
다가동1가-6905,6905,전북특별자치도 전주시 완산구 다가동1가,전북특별자치도,전주시 완산구,다가동1가
중앙동1가-6925,6925,전북특별자치도 전주시 완산구 중앙동1가,전북특별자치도,전주시 완산구,중앙동1가
용복동-6920,6920,전북특별자치도 전주시 완산구 용복동,전북특별자치도,전주시 완산구,용복동
화전동-6898,6898,전북특별자치도 전주시 덕진구 화전동,전북특별자치도,전주시 덕진구,화전동
성덕동-6876,6876,전북특별자치도 전주시 덕진구 성덕동,전북특별자치도,전주시 덕진구,성덕동
중앙동3가-6927,6927,전북특별자치도 전주시 완산구 중앙동3가,전북특별자치도,전주시 완산구,중앙동3가
상림동-6914,6914,전북특별자치도 전주시 완산구 상림동,전북특별자치도,전주시 완산구,상림동
전동3가-6923,6923,전북특별자치도 전주시 완산구 전동3가,전북특별자치도,전주시 완산구,전동3가
중앙동2가-6926,6926,전북특별자치도 전주시 완산구 중앙동2가,전북특별자치도,전주시 완산구,중앙동2가
풍남동1가-6936,6936,전북특별자치도 전주시 완산구 풍남동1가,전북특별자치도,전주시 완산구,풍남동1가
석구동-6919,6919,전북특별자치도 전주시 완산구 석구동,전북특별자치도,전주시 완산구,석구동
원동-6884,6884,전북특별자치도 전주시 덕진구 원동,전북특별자치도,전주시 덕진구,원동
원당동-6921,6921,전북특별자치도 전주시 완산구 원당동,전북특별자치도,전주시 완산구,원당동
풍남동2가-6937,6937,전북특별자치도 전주시 완산구 풍남동2가,전북특별자치도,전주시 완산구,풍남동2가
수송동-2548,2548,전북특별자치도 군산시 수송동,전북특별자치도,군산시,수송동
조촌동-2544,2544,전북특별자치도 군산시 조촌동,전북특별자치도,군산시,조촌동
나운동-6756,6756,전북특별자치도 군산시 나운동,전북특별자치도,군산시,나운동
소룡동-2552,2552,전북특별자치도 군산시 소룡동,전북특별자치도,군산시,소룡동
미장동-6766,6766,전북특별자치도 군산시 미장동,전북특별자치도,군산시,미장동
미룡동-6764,6764,전북특별자치도 군산시 미룡동,전북특별자치도,군산시,미룡동
나운2동-2550,2550,전북특별자치도 군산시 나운2동,전북특별자치도,군산시,나운2동
지곡동-6789,6789,전북특별자치도 군산시 지곡동,전북특별자치도,군산시,지곡동
나운3동-2551,2551,전북특별자치도 군산시 나운3동,전북특별자치도,군산시,나운3동
나운1동-2549,2549,전북특별자치도 군산시 나운1동,전북특별자치도,군산시,나운1동
산북동-6769,6769,전북특별자치도 군산시 산북동,전북특별자치도,군산시,산북동
경암동-2545,2545,전북특별자치도 군산시 경암동,전북특별자치도,군산시,경암동
오식도동-6781,6781,전북특별자치도 군산시 오식도동,전북특별자치도,군산시,오식도동
대명동-6759,6759,전북특별자치도 군산시 대명동,전북특별자치도,군산시,대명동
내흥동-6758,6758,전북특별자치도 군산시 내흥동,전북특별자치도,군산시,내흥동
구암동-2546,2546,전북특별자치도 군산시 구암동,전북특별자치도,군산시,구암동
문화동-6763,6763,전북특별자치도 군산시 문화동,전북특별자치도,군산시,문화동
옥산면-2528,2528,전북특별자치도 군산시 옥산면,전북특별자치도,군산시,옥산면
경장동-6752,6752,전북특별자치도 군산시 경장동,전북특별자치도,군산시,경장동
동흥남동-6760,6760,전북특별자치도 군산시 동흥남동,전북특별자치도,군산시,동흥남동
삼학동-2541,2541,전북특별자치도 군산시 삼학동,전북특별자치도,군산시,삼학동
서흥남동-6770,6770,전북특별자치도 군산시 서흥남동,전북특별자치도,군산시,서흥남동
대야면-2532,2532,전북특별자치도 군산시 대야면,전북특별자치도,군산시,대야면
흥남동-2543,2543,전북특별자치도 군산시 흥남동,전북특별자치도,군산시,흥남동
미성동-2553,2553,전북특별자치도 군산시 미성동,전북특별자치도,군산시,미성동
장재동-6783,6783,전북특별자치도 군산시 장재동,전북특별자치도,군산시,장재동
성산면-2534,2534,전북특별자치도 군산시 성산면,전북특별자치도,군산시,성산면
월명동-2539,2539,전북특별자치도 군산시 월명동,전북특별자치도,군산시,월명동
옥서면-2537,2537,전북특별자치도 군산시 옥서면,전북특별자치도,군산시,옥서면
사정동-6768,6768,전북특별자치도 군산시 사정동,전북특별자치도,군산시,사정동
옥구읍-2527,2527,전북특별자치도 군산시 옥구읍,전북특별자치도,군산시,옥구읍
개정면-2533,2533,전북특별자치도 군산시 개정면,전북특별자치도,군산시,개정면
임피면-2530,2530,전북특별자치도 군산시 임피면,전북특별자치도,군산시,임피면
회현면-2529,2529,전북특별자치도 군산시 회현면,전북특별자치도,군산시,회현면
서수면-2531,2531,전북특별자치도 군산시 서수면,전북특별자치도,군산시,서수면
창성동-6790,6790,전북특별자치도 군산시 창성동,전북특별자치도,군산시,창성동
나포면-2535,2535,전북특별자치도 군산시 나포면,전북특별자치도,군산시,나포면
금광동-6753,6753,전북특별자치도 군산시 금광동,전북특별자치도,군산시,금광동
개정동-2547,2547,전북특별자치도 군산시 개정동,전북특별자치도,군산시,개정동
미원동-6765,6765,전북특별자치도 군산시 미원동,전북특별자치도,군산시,미원동
해망동-6792,6792,전북특별자치도 군산시 해망동,전북특별자치도,군산시,해망동
신풍동-2540,2540,전북특별자치도 군산시 신풍동,전북특별자치도,군산시,신풍동
해신동-2538,2538,전북특별자치도 군산시 해신동,전북특별자치도,군산시,해신동
장미동-6782,6782,전북특별자치도 군산시 장미동,전북특별자치도,군산시,장미동
중앙동-2542,2542,전북특별자치도 군산시 중앙동,전북특별자치도,군산시,중앙동
명산동-6762,6762,전북특별자치도 군산시 명산동,전북특별자치도,군산시,명산동
금동-6754,6754,전북특별자치도 군산시 금동,전북특별자치도,군산시,금동
비응도동-6767,6767,전북특별자치도 군산시 비응도동,전북특별자치도,군산시,비응도동
오룡동-6780,6780,전북특별자치도 군산시 오룡동,전북특별자치도,군산시,오룡동
중앙로1가-6786,6786,전북특별자치도 군산시 중앙로1가,전북특별자치도,군산시,중앙로1가
옥도면-2536,2536,전북특별자치도 군산시 옥도면,전북특별자치도,군산시,옥도면
송풍동-6773,6773,전북특별자치도 군산시 송풍동,전북특별자치도,군산시,송풍동
중앙로3가-6788,6788,전북특별자치도 군산시 중앙로3가,전북특별자치도,군산시,중앙로3가
중동-6785,6785,전북특별자치도 군산시 중동,전북특별자치도,군산시,중동
영화동-6779,6779,전북특별자치도 군산시 영화동,전북특별자치도,군산시,영화동
신영동-6775,6775,전북특별자치도 군산시 신영동,전북특별자치도,군산시,신영동
금암동-6755,6755,전북특별자치도 군산시 금암동,전북특별자치도,군산시,금암동
신창동-6776,6776,전북특별자치도 군산시 신창동,전북특별자치도,군산시,신창동
중앙로2가-6787,6787,전북특별자치도 군산시 중앙로2가,전북특별자치도,군산시,중앙로2가
신관동-6774,6774,전북특별자치도 군산시 신관동,전북특별자치도,군산시,신관동
내초동-6757,6757,전북특별자치도 군산시 내초동,전북특별자치도,군산시,내초동
개복동-6750,6750,전북특별자치도 군산시 개복동,전북특별자치도,군산시,개복동
선양동-6771,6771,전북특별자치도 군산시 선양동,전북특별자치도,군산시,선양동
평화동-6791,6791,전북특별자치도 군산시 평화동,전북특별자치도,군산시,평화동
신흥동-6777,6777,전북특별자치도 군산시 신흥동,전북특별자치도,군산시,신흥동
영동-6778,6778,전북특별자치도 군산시 영동,전북특별자치도,군산시,영동
둔율동-6761,6761,전북특별자치도 군산시 둔율동,전북특별자치도,군산시,둔율동
개사동-6751,6751,전북특별자치도 군산시 개사동,전북특별자치도,군산시,개사동
죽성동-6784,6784,전북특별자치도 군산시 죽성동,전북특별자치도,군산시,죽성동
송창동-6772,6772,전북특별자치도 군산시 송창동,전북특별자치도,군산시,송창동
어양동-2580,2580,전북특별자치도 익산시 어양동,전북특별자치도,익산시,어양동
부송동-6843,6843,전북특별자치도 익산시 부송동,전북특별자치도,익산시,부송동
영등동-6849,6849,전북특별자치도 익산시 영등동,전북특별자치도,익산시,영등동
신동-2581,2581,전북특별자치도 익산시 신동,전북특별자치도,익산시,신동
모현동-2576,2576,전북특별자치도 익산시 모현동,전북특별자치도,익산시,모현동
동산동-2573,2573,전북특별자치도 익산시 동산동,전북특별자치도,익산시,동산동
모현동1가-6840,6840,전북특별자치도 익산시 모현동1가,전북특별자치도,익산시,모현동1가
마동-2574,2574,전북특별자치도 익산시 마동,전북특별자치도,익산시,마동
영등1동-2578,2578,전북특별자치도 익산시 영등1동,전북특별자치도,익산시,영등1동
남중동-2575,2575,전북특별자치도 익산시 남중동,전북특별자치도,익산시,남중동
영등2동-2579,2579,전북특별자치도 익산시 영등2동,전북특별자치도,익산시,영등2동
송학동-2577,2577,전북특별자치도 익산시 송학동,전북특별자치도,익산시,송학동
모현동2가-6841,6841,전북특별자치도 익산시 모현동2가,전북특별자치도,익산시,모현동2가
삼성동-2583,2583,전북특별자치도 익산시 삼성동,전북특별자치도,익산시,삼성동
팔봉동-2582,2582,전북특별자치도 익산시 팔봉동,전북특별자치도,익산시,팔봉동
황등면-2557,2557,전북특별자치도 익산시 황등면,전북특별자치도,익산시,황등면
오산면-2556,2556,전북특별자치도 익산시 오산면,전북특별자치도,익산시,오산면
함열읍-2555,2555,전북특별자치도 익산시 함열읍,전북특별자치도,익산시,함열읍
금마면-2565,2565,전북특별자치도 익산시 금마면,전북특별자치도,익산시,금마면
평화동-2571,2571,전북특별자치도 익산시 평화동,전북특별자치도,익산시,평화동
왕궁면-2566,2566,전북특별자치도 익산시 왕궁면,전북특별자치도,익산시,왕궁면
신용동-6847,6847,전북특별자치도 익산시 신용동,전북특별자치도,익산시,신용동
춘포면-2567,2567,전북특별자치도 익산시 춘포면,전북특별자치도,익산시,춘포면
인화동-2572,2572,전북특별자치도 익산시 인화동,전북특별자치도,익산시,인화동
주현동-6857,6857,전북특별자치도 익산시 주현동,전북특별자치도,익산시,주현동
금강동-6837,6837,전북특별자치도 익산시 금강동,전북특별자치도,익산시,금강동
신흥동-6848,6848,전북특별자치도 익산시 신흥동,전북특별자치도,익산시,신흥동
중앙동-2570,2570,전북특별자치도 익산시 중앙동,전북특별자치도,익산시,중앙동
삼기면-2568,2568,전북특별자치도 익산시 삼기면,전북특별자치도,익산시,삼기면
인화동1가-6853,6853,전북특별자치도 익산시 인화동1가,전북특별자치도,익산시,인화동1가
목천동-6842,6842,전북특별자치도 익산시 목천동,전북특별자치도,익산시,목천동
여산면-2564,2564,전북특별자치도 익산시 여산면,전북특별자치도,익산시,여산면
낭산면-2562,2562,전북특별자치도 익산시 낭산면,전북특별자치도,익산시,낭산면
창인동1가-6861,6861,전북특별자치도 익산시 창인동1가,전북특별자치도,익산시,창인동1가
망성면-2563,2563,전북특별자치도 익산시 망성면,전북특별자치도,익산시,망성면
함라면-2558,2558,전북특별자치도 익산시 함라면,전북특별자치도,익산시,함라면
용제동-6850,6850,전북특별자치도 익산시 용제동,전북특별자치도,익산시,용제동
갈산동-6836,6836,전북특별자치도 익산시 갈산동,전북특별자치도,익산시,갈산동
인화동2가-6854,6854,전북특별자치도 익산시 인화동2가,전북특별자치도,익산시,인화동2가
용안면-2561,2561,전북특별자치도 익산시 용안면,전북특별자치도,익산시,용안면
창인동2가-6862,6862,전북특별자치도 익산시 창인동2가,전북특별자치도,익산시,창인동2가
석암동-6844,6844,전북특별자치도 익산시 석암동,전북특별자치도,익산시,석암동
성당면-2560,2560,전북특별자치도 익산시 성당면,전북특별자치도,익산시,성당면
중앙동1가-6858,6858,전북특별자치도 익산시 중앙동1가,전북특별자치도,익산시,중앙동1가
용동면-2569,2569,전북특별자치도 익산시 용동면,전북특별자치도,익산시,용동면
덕기동-6838,6838,전북특별자치도 익산시 덕기동,전북특별자치도,익산시,덕기동
웅포면-2559,2559,전북특별자치도 익산시 웅포면,전북특별자치도,익산시,웅포면
중앙동2가-6859,6859,전북특별자치도 익산시 중앙동2가,전북특별자치도,익산시,중앙동2가
현영동-6863,6863,전북특별자치도 익산시 현영동,전북특별자치도,익산시,현영동
중앙동3가-6860,6860,전북특별자치도 익산시 중앙동3가,전북특별자치도,익산시,중앙동3가
석탄동-6846,6846,전북특별자치도 익산시 석탄동,전북특별자치도,익산시,석탄동
임상동-6855,6855,전북특별자치도 익산시 임상동,전북특별자치도,익산시,임상동
석왕동-6845,6845,전북특별자치도 익산시 석왕동,전북특별자치도,익산시,석왕동
만석동-6839,6839,전북특별자치도 익산시 만석동,전북특별자치도,익산시,만석동
월성동-6851,6851,전북특별자치도 익산시 월성동,전북특별자치도,익산시,월성동
은기동-6852,6852,전북특별자치도 익산시 은기동,전북특별자치도,익산시,은기동
정족동-6856,6856,전북특별자치도 익산시 정족동,전북특별자치도,익산시,정족동
수성동-2601,2601,전북특별자치도 정읍시 수성동,전북특별자치도,정읍시,수성동
상동-6951,6951,전북특별자치도 정읍시 상동,전북특별자치도,정읍시,상동
시기동-2604,2604,전북특별자치도 정읍시 시기동,전북특별자치도,정읍시,시기동
연지동-2606,2606,전북특별자치도 정읍시 연지동,전북특별자치도,정읍시,연지동
내장상동-2603,2603,전북특별자치도 정읍시 내장상동,전북특별자치도,정읍시,내장상동
초산동-2605,2605,전북특별자치도 정읍시 초산동,전북특별자치도,정읍시,초산동
북면-2587,2587,전북특별자치도 정읍시 북면,전북특별자치도,정읍시,북면
농소동-2607,2607,전북특별자치도 정읍시 농소동,전북특별자치도,정읍시,농소동
신태인읍-2586,2586,전북특별자치도 정읍시 신태인읍,전북특별자치도,정읍시,신태인읍
태인면-2595,2595,전북특별자치도 정읍시 태인면,전북특별자치도,정읍시,태인면
장명동-2602,2602,전북특별자치도 정읍시 장명동,전북특별자치도,정읍시,장명동
입암면-2588,2588,전북특별자치도 정읍시 입암면,전북특별자치도,정읍시,입암면
구룡동-6945,6945,전북특별자치도 정읍시 구룡동,전북특별자치도,정읍시,구룡동
고부면-2590,2590,전북특별자치도 정읍시 고부면,전북특별자치도,정읍시,고부면
정우면-2594,2594,전북특별자치도 정읍시 정우면,전북특별자치도,정읍시,정우면
소성면-2589,2589,전북특별자치도 정읍시 소성면,전북특별자치도,정읍시,소성면
하북동-6962,6962,전북특별자치도 정읍시 하북동,전북특별자치도,정읍시,하북동
감곡면-2596,2596,전북특별자치도 정읍시 감곡면,전북특별자치도,정읍시,감곡면
상교동-2608,2608,전북특별자치도 정읍시 상교동,전북특별자치도,정읍시,상교동
신정동-6955,6955,전북특별자치도 정읍시 신정동,전북특별자치도,정읍시,신정동
상평동-6952,6952,전북특별자치도 정읍시 상평동,전북특별자치도,정읍시,상평동
칠보면-2598,2598,전북특별자치도 정읍시 칠보면,전북특별자치도,정읍시,칠보면
덕천면-2592,2592,전북특별자치도 정읍시 덕천면,전북특별자치도,정읍시,덕천면
이평면-2593,2593,전북특별자치도 정읍시 이평면,전북특별자치도,정읍시,이평면
영원면-2591,2591,전북특별자치도 정읍시 영원면,전북특별자치도,정읍시,영원면
공평동-6942,6942,전북특별자치도 정읍시 공평동,전북특별자치도,정읍시,공평동
금붕동-6946,6946,전북특별자치도 정읍시 금붕동,전북특별자치도,정읍시,금붕동
산외면-2600,2600,전북특별자치도 정읍시 산외면,전북특별자치도,정읍시,산외면
용계동-6958,6958,전북특별자치도 정읍시 용계동,전북특별자치도,정읍시,용계동
옹동면-2597,2597,전북특별자치도 정읍시 옹동면,전북특별자치도,정읍시,옹동면
교암동-6944,6944,전북특별자치도 정읍시 교암동,전북특별자치도,정읍시,교암동
산내면-2599,2599,전북특별자치도 정읍시 산내면,전북특별자치도,정읍시,산내면
하모동-6961,6961,전북특별자치도 정읍시 하모동,전북특별자치도,정읍시,하모동
망제동-6948,6948,전북특별자치도 정읍시 망제동,전북특별자치도,정읍시,망제동
내장동-6947,6947,전북특별자치도 정읍시 내장동,전북특별자치도,정읍시,내장동
송산동-6953,6953,전북특별자치도 정읍시 송산동,전북특별자치도,정읍시,송산동
과교동-6943,6943,전북특별자치도 정읍시 과교동,전북특별자치도,정읍시,과교동
영파동-6957,6957,전북특별자치도 정읍시 영파동,전북특별자치도,정읍시,영파동
부전동-6949,6949,전북특별자치도 정읍시 부전동,전북특별자치도,정읍시,부전동
흑암동-6963,6963,전북특별자치도 정읍시 흑암동,전북특별자치도,정읍시,흑암동
신월동-6954,6954,전북특별자치도 정읍시 신월동,전북특별자치도,정읍시,신월동
쌍암동-6956,6956,전북특별자치도 정읍시 쌍암동,전북특별자치도,정읍시,쌍암동
용산동-6959,6959,전북특별자치도 정읍시 용산동,전북특별자치도,정읍시,용산동
삼산동-6950,6950,전북특별자치도 정읍시 삼산동,전북특별자치도,정읍시,삼산동
진산동-6960,6960,전북특별자치도 정읍시 진산동,전북특별자치도,정읍시,진산동
도통동-2632,2632,전북특별자치도 남원시 도통동,전북특별자치도,남원시,도통동
월락동-6831,6831,전북특별자치도 남원시 월락동,전북특별자치도,남원시,월락동
향교동-2631,2631,전북특별자치도 남원시 향교동,전북특별자치도,남원시,향교동
노암동-2628,2628,전북특별자치도 남원시 노암동,전북특별자치도,남원시,노암동
금동-2629,2629,전북특별자치도 남원시 금동,전북특별자치도,남원시,금동
동충동-2626,2626,전북특별자치도 남원시 동충동,전북특별자치도,남원시,동충동
왕정동-2630,2630,전북특별자치도 남원시 왕정동,전북특별자치도,남원시,왕정동
조산동-6832,6832,전북특별자치도 남원시 조산동,전북특별자치도,남원시,조산동
죽항동-2627,2627,전북특별자치도 남원시 죽항동,전북특별자치도,남원시,죽항동
하정동-6834,6834,전북특별자치도 남원시 하정동,전북특별자치도,남원시,하정동
운봉읍-2610,2610,전북특별자치도 남원시 운봉읍,전북특별자치도,남원시,운봉읍
인월면-2625,2625,전북특별자치도 남원시 인월면,전북특별자치도,남원시,인월면
신정동-6826,6826,전북특별자치도 남원시 신정동,전북특별자치도,남원시,신정동
주천면-2611,2611,전북특별자치도 남원시 주천면,전북특별자치도,남원시,주천면
이백면-2622,2622,전북특별자치도 남원시 이백면,전북특별자치도,남원시,이백면
고죽동-6821,6821,전북특별자치도 남원시 고죽동,전북특별자치도,남원시,고죽동
산내면-2624,2624,전북특별자치도 남원시 산내면,전북특별자치도,남원시,산내면
송동면-2613,2613,전북특별자치도 남원시 송동면,전북특별자치도,남원시,송동면
금지면-2615,2615,전북특별자치도 남원시 금지면,전북특별자치도,남원시,금지면
주생면-2614,2614,전북특별자치도 남원시 주생면,전북특별자치도,남원시,주생면
쌍교동-6828,6828,전북특별자치도 남원시 쌍교동,전북특별자치도,남원시,쌍교동
아영면-2623,2623,전북특별자치도 남원시 아영면,전북특별자치도,남원시,아영면
대산면-2617,2617,전북특별자치도 남원시 대산면,전북특별자치도,남원시,대산면
산동면-2621,2621,전북특별자치도 남원시 산동면,전북특별자치도,남원시,산동면
사매면-2618,2618,전북특별자치도 남원시 사매면,전북특별자치도,남원시,사매면
광치동-6822,6822,전북특별자치도 남원시 광치동,전북특별자치도,남원시,광치동
보절면-2620,2620,전북특별자치도 남원시 보절면,전북특별자치도,남원시,보절면
대강면-2616,2616,전북특별자치도 남원시 대강면,전북특별자치도,남원시,대강면
수지면-2612,2612,전북특별자치도 남원시 수지면,전북특별자치도,남원시,수지면
어현동-6829,6829,전북특별자치도 남원시 어현동,전북특별자치도,남원시,어현동
식정동-6825,6825,전북특별자치도 남원시 식정동,전북특별자치도,남원시,식정동
내척동-6823,6823,전북특별자치도 남원시 내척동,전북특별자치도,남원시,내척동
신촌동-6827,6827,전북특별자치도 남원시 신촌동,전북특별자치도,남원시,신촌동
용정동-6830,6830,전북특별자치도 남원시 용정동,전북특별자치도,남원시,용정동
덕과면-2619,2619,전북특별자치도 남원시 덕과면,전북특별자치도,남원시,덕과면
화정동-6835,6835,전북특별자치도 남원시 화정동,전북특별자치도,남원시,화정동
천거동-6833,6833,전북특별자치도 남원시 천거동,전북특별자치도,남원시,천거동
갈치동-6820,6820,전북특별자치도 남원시 갈치동,전북특별자치도,남원시,갈치동
산곡동-6824,6824,전북특별자치도 남원시 산곡동,전북특별자치도,남원시,산곡동
신풍동-2650,2650,전북특별자치도 김제시 신풍동,전북특별자치도,김제시,신풍동
검산동-2651,2651,전북특별자치도 김제시 검산동,전북특별자치도,김제시,검산동
요촌동-2649,2649,전북특별자치도 김제시 요촌동,전북특별자치도,김제시,요촌동
금구면-2644,2644,전북특별자치도 김제시 금구면,전북특별자치도,김제시,금구면
백산면-2636,2636,전북특별자치도 김제시 백산면,전북특별자치도,김제시,백산면
백구면-2638,2638,전북특별자치도 김제시 백구면,전북특별자치도,김제시,백구면
서암동-6801,6801,전북특별자치도 김제시 서암동,전북특별자치도,김제시,서암동
금산면-2647,2647,전북특별자치도 김제시 금산면,전북특별자치도,김제시,금산면
하동-6817,6817,전북특별자치도 김제시 하동,전북특별자치도,김제시,하동
교월동-2652,2652,전북특별자치도 김제시 교월동,전북특별자치도,김제시,교월동
옥산동-6810,6810,전북특별자치도 김제시 옥산동,전북특별자치도,김제시,옥산동
용지면-2637,2637,전북특별자치도 김제시 용지면,전북특별자치도,김제시,용지면
만경읍-2634,2634,전북특별자치도 김제시 만경읍,전북특별자치도,김제시,만경읍
공덕면-2640,2640,전북특별자치도 김제시 공덕면,전북특별자치도,김제시,공덕면
교동-6794,6794,전북특별자치도 김제시 교동,전북특별자치도,김제시,교동
황산면-2646,2646,전북특별자치도 김제시 황산면,전북특별자치도,김제시,황산면
죽산면-2635,2635,전북특별자치도 김제시 죽산면,전북특별자치도,김제시,죽산면
봉남면-2645,2645,전북특별자치도 김제시 봉남면,전북특별자치도,김제시,봉남면
청하면-2641,2641,전북특별자치도 김제시 청하면,전북특별자치도,김제시,청하면
순동-6803,6803,전북특별자치도 김제시 순동,전북특별자치도,김제시,순동
부량면-2639,2639,전북특별자치도 김제시 부량면,전북특별자치도,김제시,부량면
성덕면-2642,2642,전북특별자치도 김제시 성덕면,전북특별자치도,김제시,성덕면
흥사동-6819,6819,전북특별자치도 김제시 흥사동,전북특별자치도,김제시,흥사동
진봉면-2643,2643,전북특별자치도 김제시 진봉면,전북특별자치도,김제시,진봉면
광활면-2648,2648,전북특별자치도 김제시 광활면,전북특별자치도,김제시,광활면
오정동-6809,6809,전북특별자치도 김제시 오정동,전북특별자치도,김제시,오정동
입석동-6814,6814,전북특별자치도 김제시 입석동,전북특별자치도,김제시,입석동
연정동-6808,6808,전북특별자치도 김제시 연정동,전북특별자치도,김제시,연정동
백학동-6798,6798,전북특별자치도 김제시 백학동,전북특별자치도,김제시,백학동
상동동-6800,6800,전북특별자치도 김제시 상동동,전북특별자치도,김제시,상동동
황산동-6818,6818,전북특별자치도 김제시 황산동,전북특별자치도,김제시,황산동
월성동-6813,6813,전북특별자치도 김제시 월성동,전북특별자치도,김제시,월성동
신곡동-6804,6804,전북특별자치도 김제시 신곡동,전북특별자치도,김제시,신곡동
용동-6811,6811,전북특별자치도 김제시 용동,전북특별자치도,김제시,용동
명덕동-6797,6797,전북특별자치도 김제시 명덕동,전북특별자치도,김제시,명덕동
복죽동-6799,6799,전북특별자치도 김제시 복죽동,전북특별자치도,김제시,복죽동
갈공동-6793,6793,전북특별자치도 김제시 갈공동,전북특별자치도,김제시,갈공동
난봉동-6795,6795,전북특별자치도 김제시 난봉동,전북특별자치도,김제시,난봉동
장화동-6815,6815,전북특별자치도 김제시 장화동,전북특별자치도,김제시,장화동
신덕동-6805,6805,전북특별자치도 김제시 신덕동,전북특별자치도,김제시,신덕동
양전동-6807,6807,전북특별자치도 김제시 양전동,전북특별자치도,김제시,양전동
도장동-6796,6796,전북특별자치도 김제시 도장동,전북특별자치도,김제시,도장동
제월동-6816,6816,전북특별자치도 김제시 제월동,전북특별자치도,김제시,제월동
서정동-6802,6802,전북특별자치도 김제시 서정동,전북특별자치도,김제시,서정동
월봉동-6812,6812,전북특별자치도 김제시 월봉동,전북특별자치도,김제시,월봉동
신월동-6806,6806,전북특별자치도 김제시 신월동,전북특별자치도,김제시,신월동
옥암동-2770,2770,전라남도 목포시 옥암동,전라남도,목포시,옥암동
상동-2766,2766,전라남도 목포시 상동,전라남도,목포시,상동
용해동-2764,2764,전라남도 목포시 용해동,전라남도,목포시,용해동
하당동-2767,2767,전라남도 목포시 하당동,전라남도,목포시,하당동
산정동-2753,2753,전라남도 목포시 산정동,전라남도,목포시,산정동
석현동-4235,4235,전라남도 목포시 석현동,전라남도,목포시,석현동
부주동-2772,2772,전라남도 목포시 부주동,전라남도,목포시,부주동
신흥동-2768,2768,전라남도 목포시 신흥동,전라남도,목포시,신흥동
북항동-2763,2763,전라남도 목포시 북항동,전라남도,목포시,북항동
연산동-2754,2754,전라남도 목포시 연산동,전라남도,목포시,연산동
원산동-2755,2755,전라남도 목포시 원산동,전라남도,목포시,원산동
이로동-2765,2765,전라남도 목포시 이로동,전라남도,목포시,이로동
부흥동-2771,2771,전라남도 목포시 부흥동,전라남도,목포시,부흥동
용당동-6661,6661,전라남도 목포시 용당동,전라남도,목포시,용당동
용당1동-2750,2750,전라남도 목포시 용당1동,전라남도,목포시,용당1동
삼학동-2759,2759,전라남도 목포시 삼학동,전라남도,목포시,삼학동
용당2동-2751,2751,전라남도 목포시 용당2동,전라남도,목포시,용당2동
대성동-2756,2756,전라남도 목포시 대성동,전라남도,목포시,대성동
연동-2752,2752,전라남도 목포시 연동,전라남도,목포시,연동
죽교동-2762,2762,전라남도 목포시 죽교동,전라남도,목포시,죽교동
대양동-6641,6641,전라남도 목포시 대양동,전라남도,목포시,대양동
목원동-2757,2757,전라남도 목포시 목원동,전라남도,목포시,목원동
삼향동-2769,2769,전라남도 목포시 삼향동,전라남도,목포시,삼향동
호남동-6682,6682,전라남도 목포시 호남동,전라남도,목포시,호남동
동명동-2758,2758,전라남도 목포시 동명동,전라남도,목포시,동명동
달동-6639,6639,전라남도 목포시 달동,전라남도,목포시,달동
금화동-6637,6637,전라남도 목포시 금화동,전라남도,목포시,금화동
남교동-6638,6638,전라남도 목포시 남교동,전라남도,목포시,남교동
양동-6657,6657,전라남도 목포시 양동,전라남도,목포시,양동
북교동-6651,6651,전라남도 목포시 북교동,전라남도,목포시,북교동
죽동-6664,6664,전라남도 목포시 죽동,전라남도,목포시,죽동
서산동-6654,6654,전라남도 목포시 서산동,전라남도,목포시,서산동
해안동4가-6679,6679,전라남도 목포시 해안동4가,전라남도,목포시,해안동4가
유달동-2761,2761,전라남도 목포시 유달동,전라남도,목포시,유달동
항동-6675,6675,전라남도 목포시 항동,전라남도,목포시,항동
무안동-6646,6646,전라남도 목포시 무안동,전라남도,목포시,무안동
해안동1가-6676,6676,전라남도 목포시 해안동1가,전라남도,목포시,해안동1가
명륜동-6645,6645,전라남도 목포시 명륜동,전라남도,목포시,명륜동
대안동-6640,6640,전라남도 목포시 대안동,전라남도,목포시,대안동
경동1가-6630,6630,전라남도 목포시 경동1가,전라남도,목포시,경동1가
행복동1가-6680,6680,전라남도 목포시 행복동1가,전라남도,목포시,행복동1가
만호동-2760,2760,전라남도 목포시 만호동,전라남도,목포시,만호동
온금동-6660,6660,전라남도 목포시 온금동,전라남도,목포시,온금동
창평동-6670,6670,전라남도 목포시 창평동,전라남도,목포시,창평동
상락동2가-6653,6653,전라남도 목포시 상락동2가,전라남도,목포시,상락동2가
유동-6662,6662,전라남도 목포시 유동,전라남도,목포시,유동
금동1가-6635,6635,전라남도 목포시 금동1가,전라남도,목포시,금동1가
광동2가-6633,6633,전라남도 목포시 광동2가,전라남도,목포시,광동2가
해안동3가-6678,6678,전라남도 목포시 해안동3가,전라남도,목포시,해안동3가
측후동-6674,6674,전라남도 목포시 측후동,전라남도,목포시,측후동
중앙동3가-6669,6669,전라남도 목포시 중앙동3가,전라남도,목포시,중앙동3가
대의동2가-6643,6643,전라남도 목포시 대의동2가,전라남도,목포시,대의동2가
광동3가-6634,6634,전라남도 목포시 광동3가,전라남도,목포시,광동3가
중동2가-6666,6666,전라남도 목포시 중동2가,전라남도,목포시,중동2가
상락동1가-6652,6652,전라남도 목포시 상락동1가,전라남도,목포시,상락동1가
행복동2가-6681,6681,전라남도 목포시 행복동2가,전라남도,목포시,행복동2가
중앙동2가-6668,6668,전라남도 목포시 중앙동2가,전라남도,목포시,중앙동2가
광동1가-6632,6632,전라남도 목포시 광동1가,전라남도,목포시,광동1가
중동1가-6665,6665,전라남도 목포시 중동1가,전라남도,목포시,중동1가
해안동2가-6677,6677,전라남도 목포시 해안동2가,전라남도,목포시,해안동2가
축복동2가-6672,6672,전라남도 목포시 축복동2가,전라남도,목포시,축복동2가
영해동2가-6659,6659,전라남도 목포시 영해동2가,전라남도,목포시,영해동2가
율도동-6663,6663,전라남도 목포시 율도동,전라남도,목포시,율도동
보광동3가-6649,6649,전라남도 목포시 보광동3가,전라남도,목포시,보광동3가
축복동3가-6673,6673,전라남도 목포시 축복동3가,전라남도,목포시,축복동3가
축복동1가-6671,6671,전라남도 목포시 축복동1가,전라남도,목포시,축복동1가
대의동3가-6644,6644,전라남도 목포시 대의동3가,전라남도,목포시,대의동3가
대의동1가-6642,6642,전라남도 목포시 대의동1가,전라남도,목포시,대의동1가
보광동1가-6647,6647,전라남도 목포시 보광동1가,전라남도,목포시,보광동1가
중앙동1가-6667,6667,전라남도 목포시 중앙동1가,전라남도,목포시,중앙동1가
복만동-6650,6650,전라남도 목포시 복만동,전라남도,목포시,복만동
경동2가-6631,6631,전라남도 목포시 경동2가,전라남도,목포시,경동2가
보광동2가-6648,6648,전라남도 목포시 보광동2가,전라남도,목포시,보광동2가
금동2가-6636,6636,전라남도 목포시 금동2가,전라남도,목포시,금동2가
수강동2가-6656,6656,전라남도 목포시 수강동2가,전라남도,목포시,수강동2가
영해동1가-6658,6658,전라남도 목포시 영해동1가,전라남도,목포시,영해동1가
수강동1가-6655,6655,전라남도 목포시 수강동1가,전라남도,목포시,수강동1가
웅천동-6737,6737,전라남도 여수시 웅천동,전라남도,여수시,웅천동
학동-6744,6744,전라남도 여수시 학동,전라남도,여수시,학동
문수동-2794,2794,전라남도 여수시 문수동,전라남도,여수시,문수동
여서동-2793,2793,전라남도 여수시 여서동,전라남도,여수시,여서동
소라면-2777,2777,전라남도 여수시 소라면,전라남도,여수시,소라면
신기동-6730,6730,전라남도 여수시 신기동,전라남도,여수시,신기동
미평동-2795,2795,전라남도 여수시 미평동,전라남도,여수시,미평동
화장동-6748,6748,전라남도 여수시 화장동,전라남도,여수시,화장동
선원동-6727,6727,전라남도 여수시 선원동,전라남도,여수시,선원동
소호동-6728,6728,전라남도 여수시 소호동,전라남도,여수시,소호동
국동-2791,2791,전라남도 여수시 국동,전라남도,여수시,국동
둔덕동-2796,2796,전라남도 여수시 둔덕동,전라남도,여수시,둔덕동
돌산읍-2774,2774,전라남도 여수시 돌산읍,전라남도,여수시,돌산읍
덕충동-6719,6719,전라남도 여수시 덕충동,전라남도,여수시,덕충동
안산동-6733,6733,전라남도 여수시 안산동,전라남도,여수시,안산동
봉계동-6723,6723,전라남도 여수시 봉계동,전라남도,여수시,봉계동
쌍봉동-2798,2798,전라남도 여수시 쌍봉동,전라남도,여수시,쌍봉동
시전동-2799,2799,전라남도 여수시 시전동,전라남도,여수시,시전동
신월동-6732,6732,전라남도 여수시 신월동,전라남도,여수시,신월동
율촌면-2778,2778,전라남도 여수시 율촌면,전라남도,여수시,율촌면
봉산동-6724,6724,전라남도 여수시 봉산동,전라남도,여수시,봉산동
화양면-2779,2779,전라남도 여수시 화양면,전라남도,여수시,화양면
여천동-2800,2800,전라남도 여수시 여천동,전라남도,여수시,여천동
오림동-6735,6735,전라남도 여수시 오림동,전라남도,여수시,오림동
교동-6715,6715,전라남도 여수시 교동,전라남도,여수시,교동
월호동-2792,2792,전라남도 여수시 월호동,전라남도,여수시,월호동
고소동-6711,6711,전라남도 여수시 고소동,전라남도,여수시,고소동
중앙동-2786,2786,전라남도 여수시 중앙동,전라남도,여수시,중앙동
관문동-6713,6713,전라남도 여수시 관문동,전라남도,여수시,관문동
광무동-6714,6714,전라남도 여수시 광무동,전라남도,여수시,광무동
삼일동-2802,2802,전라남도 여수시 삼일동,전라남도,여수시,삼일동
서교동-6726,6726,전라남도 여수시 서교동,전라남도,여수시,서교동
공화동-6712,6712,전라남도 여수시 공화동,전라남도,여수시,공화동
연등동-6734,6734,전라남도 여수시 연등동,전라남도,여수시,연등동
주삼동-2801,2801,전라남도 여수시 주삼동,전라남도,여수시,주삼동
대교동-2790,2790,전라남도 여수시 대교동,전라남도,여수시,대교동
봉강동-6722,6722,전라남도 여수시 봉강동,전라남도,여수시,봉강동
화치동-6749,6749,전라남도 여수시 화치동,전라남도,여수시,화치동
충무동-2787,2787,전라남도 여수시 충무동,전라남도,여수시,충무동
광림동-2788,2788,전라남도 여수시 광림동,전라남도,여수시,광림동
중흥동-6742,6742,전라남도 여수시 중흥동,전라남도,여수시,중흥동
만덕동-2797,2797,전라남도 여수시 만덕동,전라남도,여수시,만덕동
종화동-6741,6741,전라남도 여수시 종화동,전라남도,여수시,종화동
수정동-6729,6729,전라남도 여수시 수정동,전라남도,여수시,수정동
한려동-2785,2785,전라남도 여수시 한려동,전라남도,여수시,한려동
동문동-2784,2784,전라남도 여수시 동문동,전라남도,여수시,동문동
남산동-6718,6718,전라남도 여수시 남산동,전라남도,여수시,남산동
서강동-2789,2789,전라남도 여수시 서강동,전라남도,여수시,서강동
월하동-6739,6739,전라남도 여수시 월하동,전라남도,여수시,월하동
군자동-6716,6716,전라남도 여수시 군자동,전라남도,여수시,군자동
상암동-6725,6725,전라남도 여수시 상암동,전라남도,여수시,상암동
동산동-6720,6720,전라남도 여수시 동산동,전라남도,여수시,동산동
평여동-6743,6743,전라남도 여수시 평여동,전라남도,여수시,평여동
묘도동-2803,2803,전라남도 여수시 묘도동,전라남도,여수시,묘도동
만흥동-6721,6721,전라남도 여수시 만흥동,전라남도,여수시,만흥동
화정면-2781,2781,전라남도 여수시 화정면,전라남도,여수시,화정면
남면-2780,2780,전라남도 여수시 남면,전라남도,여수시,남면
해산동-6746,6746,전라남도 여수시 해산동,전라남도,여수시,해산동
경호동-6710,6710,전라남도 여수시 경호동,전라남도,여수시,경호동
오천동-6736,6736,전라남도 여수시 오천동,전라남도,여수시,오천동
호명동-6747,6747,전라남도 여수시 호명동,전라남도,여수시,호명동
적량동-6740,6740,전라남도 여수시 적량동,전라남도,여수시,적량동
학용동-6745,6745,전라남도 여수시 학용동,전라남도,여수시,학용동
낙포동-6717,6717,전라남도 여수시 낙포동,전라남도,여수시,낙포동
삼산면-2783,2783,전라남도 여수시 삼산면,전라남도,여수시,삼산면
월내동-6738,6738,전라남도 여수시 월내동,전라남도,여수시,월내동
신덕동-6731,6731,전라남도 여수시 신덕동,전라남도,여수시,신덕동
해룡면-2806,2806,전라남도 순천시 해룡면,전라남도,순천시,해룡면
조례동-6707,6707,전라남도 순천시 조례동,전라남도,순천시,조례동
연향동-6698,6698,전라남도 순천시 연향동,전라남도,순천시,연향동
왕조2동-2829,2829,전라남도 순천시 왕조2동,전라남도,순천시,왕조2동
왕조1동-2828,2828,전라남도 순천시 왕조1동,전라남도,순천시,왕조1동
용당동-6704,6704,전라남도 순천시 용당동,전라남도,순천시,용당동
서면-2808,2808,전라남도 순천시 서면,전라남도,순천시,서면
오천동-6700,6700,전라남도 순천시 오천동,전라남도,순천시,오천동
풍덕동-2822,2822,전라남도 순천시 풍덕동,전라남도,순천시,풍덕동
덕연동-2821,2821,전라남도 순천시 덕연동,전라남도,순천시,덕연동
매곡동-2818,2818,전라남도 순천시 매곡동,전라남도,순천시,매곡동
왕지동-6703,6703,전라남도 순천시 왕지동,전라남도,순천시,왕지동
가곡동-6683,6683,전라남도 순천시 가곡동,전라남도,순천시,가곡동
조곡동-2820,2820,전라남도 순천시 조곡동,전라남도,순천시,조곡동
삼산동-2819,2819,전라남도 순천시 삼산동,전라남도,순천시,삼산동
장천동-2825,2825,전라남도 순천시 장천동,전라남도,순천시,장천동
덕암동-6690,6690,전라남도 순천시 덕암동,전라남도,순천시,덕암동
덕월동-6691,6691,전라남도 순천시 덕월동,전라남도,순천시,덕월동
석현동-6695,6695,전라남도 순천시 석현동,전라남도,순천시,석현동
남제동-2823,2823,전라남도 순천시 남제동,전라남도,순천시,남제동
생목동-6694,6694,전라남도 순천시 생목동,전라남도,순천시,생목동
남정동-6687,6687,전라남도 순천시 남정동,전라남도,순천시,남정동
도사동-2827,2827,전라남도 순천시 도사동,전라남도,순천시,도사동
별량면-2815,2815,전라남도 순천시 별량면,전라남도,순천시,별량면
중앙동-2826,2826,전라남도 순천시 중앙동,전라남도,순천시,중앙동
저전동-2824,2824,전라남도 순천시 저전동,전라남도,순천시,저전동
동외동-6692,6692,전라남도 순천시 동외동,전라남도,순천시,동외동
인제동-6706,6706,전라남도 순천시 인제동,전라남도,순천시,인제동
상사면-2816,2816,전라남도 순천시 상사면,전라남도,순천시,상사면
승주읍-2805,2805,전라남도 순천시 승주읍,전라남도,순천시,승주읍
낙안면-2814,2814,전라남도 순천시 낙안면,전라남도,순천시,낙안면
주암면-2811,2811,전라남도 순천시 주암면,전라남도,순천시,주암면
황전면-2809,2809,전라남도 순천시 황전면,전라남도,순천시,황전면
향동-2817,2817,전라남도 순천시 향동,전라남도,순천시,향동
옥천동-6701,6701,전라남도 순천시 옥천동,전라남도,순천시,옥천동
남내동-6686,6686,전라남도 순천시 남내동,전라남도,순천시,남내동
행동-6708,6708,전라남도 순천시 행동,전라남도,순천시,행동
인월동-6705,6705,전라남도 순천시 인월동,전라남도,순천시,인월동
대대동-6688,6688,전라남도 순천시 대대동,전라남도,순천시,대대동
월등면-2810,2810,전라남도 순천시 월등면,전라남도,순천시,월등면
대룡동-6689,6689,전라남도 순천시 대룡동,전라남도,순천시,대룡동
영동-6699,6699,전라남도 순천시 영동,전라남도,순천시,영동
송광면-2812,2812,전라남도 순천시 송광면,전라남도,순천시,송광면
교량동-6684,6684,전라남도 순천시 교량동,전라남도,순천시,교량동
금곡동-6685,6685,전라남도 순천시 금곡동,전라남도,순천시,금곡동
외서면-2813,2813,전라남도 순천시 외서면,전라남도,순천시,외서면
홍내동-6709,6709,전라남도 순천시 홍내동,전라남도,순천시,홍내동
안풍동-6696,6696,전라남도 순천시 안풍동,전라남도,순천시,안풍동
야흥동-6697,6697,전라남도 순천시 야흥동,전라남도,순천시,야흥동
와룡동-6702,6702,전라남도 순천시 와룡동,전라남도,순천시,와룡동
삼거동-6693,6693,전라남도 순천시 삼거동,전라남도,순천시,삼거동
빛가람동-2850,2850,전라남도 나주시 빛가람동,전라남도,나주시,빛가람동
송월동-2844,2844,전라남도 나주시 송월동,전라남도,나주시,송월동
남평읍-2831,2831,전라남도 나주시 남평읍,전라남도,나주시,남평읍
대호동-6610,6610,전라남도 나주시 대호동,전라남도,나주시,대호동
금천면-2840,2840,전라남도 나주시 금천면,전라남도,나주시,금천면
이창동-2849,2849,전라남도 나주시 이창동,전라남도,나주시,이창동
성북동-2847,2847,전라남도 나주시 성북동,전라남도,나주시,성북동
산포면-2841,2841,전라남도 나주시 산포면,전라남도,나주시,산포면
노안면-2839,2839,전라남도 나주시 노안면,전라남도,나주시,노안면
삼영동-6616,6616,전라남도 나주시 삼영동,전라남도,나주시,삼영동
봉황면-2843,2843,전라남도 나주시 봉황면,전라남도,나주시,봉황면
다시면-2837,2837,전라남도 나주시 다시면,전라남도,나주시,다시면
금남동-2846,2846,전라남도 나주시 금남동,전라남도,나주시,금남동
왕곡면-2833,2833,전라남도 나주시 왕곡면,전라남도,나주시,왕곡면
세지면-2832,2832,전라남도 나주시 세지면,전라남도,나주시,세지면
용산동-6622,6622,전라남도 나주시 용산동,전라남도,나주시,용산동
중앙동-6625,6625,전라남도 나주시 중앙동,전라남도,나주시,중앙동
남내동-6607,6607,전라남도 나주시 남내동,전라남도,나주시,남내동
영강동-2845,2845,전라남도 나주시 영강동,전라남도,나주시,영강동
남외동-6608,6608,전라남도 나주시 남외동,전라남도,나주시,남외동
금계동-6605,6605,전라남도 나주시 금계동,전라남도,나주시,금계동
죽림동-6624,6624,전라남도 나주시 죽림동,전라남도,나주시,죽림동
공산면-2835,2835,전라남도 나주시 공산면,전라남도,나주시,공산면
동강면-2836,2836,전라남도 나주시 동강면,전라남도,나주시,동강면
금성동-6606,6606,전라남도 나주시 금성동,전라남도,나주시,금성동
영산동-2848,2848,전라남도 나주시 영산동,전라남도,나주시,영산동
문평면-2838,2838,전라남도 나주시 문평면,전라남도,나주시,문평면
다도면-2842,2842,전라남도 나주시 다도면,전라남도,나주시,다도면
토계동-6628,6628,전라남도 나주시 토계동,전라남도,나주시,토계동
동수동-6611,6611,전라남도 나주시 동수동,전라남도,나주시,동수동
반남면-2834,2834,전라남도 나주시 반남면,전라남도,나주시,반남면
교동-6604,6604,전라남도 나주시 교동,전라남도,나주시,교동
운곡동-6623,6623,전라남도 나주시 운곡동,전라남도,나주시,운곡동
과원동-6602,6602,전라남도 나주시 과원동,전라남도,나주시,과원동
청동-6627,6627,전라남도 나주시 청동,전라남도,나주시,청동
경현동-6601,6601,전라남도 나주시 경현동,전라남도,나주시,경현동
대기동-6609,6609,전라남도 나주시 대기동,전라남도,나주시,대기동
서내동-6617,6617,전라남도 나주시 서내동,전라남도,나주시,서내동
부덕동-6613,6613,전라남도 나주시 부덕동,전라남도,나주시,부덕동
산정동-6614,6614,전라남도 나주시 산정동,전라남도,나주시,산정동
평산동-6629,6629,전라남도 나주시 평산동,전라남도,나주시,평산동
송촌동-6619,6619,전라남도 나주시 송촌동,전라남도,나주시,송촌동
관정동-6603,6603,전라남도 나주시 관정동,전라남도,나주시,관정동
삼도동-6615,6615,전라남도 나주시 삼도동,전라남도,나주시,삼도동
석현동-6618,6618,전라남도 나주시 석현동,전라남도,나주시,석현동
보산동-6612,6612,전라남도 나주시 보산동,전라남도,나주시,보산동
오량동-6621,6621,전라남도 나주시 오량동,전라남도,나주시,오량동
안창동-6620,6620,전라남도 나주시 안창동,전라남도,나주시,안창동
진포동-6626,6626,전라남도 나주시 진포동,전라남도,나주시,진포동
광양읍-2852,2852,전라남도 광양시 광양읍,전라남도,광양시,광양읍
중마동-2860,2860,전라남도 광양시 중마동,전라남도,광양시,중마동
중동-6598,6598,전라남도 광양시 중동,전라남도,광양시,중동
금호동-2862,2862,전라남도 광양시 금호동,전라남도,광양시,금호동
광영동-2861,2861,전라남도 광양시 광영동,전라남도,광양시,광영동
마동-6595,6595,전라남도 광양시 마동,전라남도,광양시,마동
성황동-6596,6596,전라남도 광양시 성황동,전라남도,광양시,성황동
황금동-6599,6599,전라남도 광양시 황금동,전라남도,광양시,황금동
옥곡면-2855,2855,전라남도 광양시 옥곡면,전라남도,광양시,옥곡면
골약동-2859,2859,전라남도 광양시 골약동,전라남도,광양시,골약동
태인동-2863,2863,전라남도 광양시 태인동,전라남도,광양시,태인동
옥룡면-2854,2854,전라남도 광양시 옥룡면,전라남도,광양시,옥룡면
진월면-2857,2857,전라남도 광양시 진월면,전라남도,광양시,진월면
봉강면-2853,2853,전라남도 광양시 봉강면,전라남도,광양시,봉강면
진상면-2856,2856,전라남도 광양시 진상면,전라남도,광양시,진상면
도이동-6594,6594,전라남도 광양시 도이동,전라남도,광양시,도이동
다압면-2858,2858,전라남도 광양시 다압면,전라남도,광양시,다압면
황길동-6600,6600,전라남도 광양시 황길동,전라남도,광양시,황길동
고창읍-2720,2720,전북특별자치도 고창군 고창읍,전북특별자치도,고창군,고창읍
흥덕면-2730,2730,전북특별자치도 고창군 흥덕면,전북특별자치도,고창군,흥덕면
대산면-2728,2728,전북특별자치도 고창군 대산면,전북특별자치도,고창군,대산면
아산면-2722,2722,전북특별자치도 고창군 아산면,전북특별자치도,고창군,아산면
심원면-2729,2729,전북특별자치도 고창군 심원면,전북특별자치도,고창군,심원면
무장면-2723,2723,전북특별자치도 고창군 무장면,전북특별자치도,고창군,무장면
부안면-2733,2733,전북특별자치도 고창군 부안면,전북특별자치도,고창군,부안면
고수면-2721,2721,전북특별자치도 고창군 고수면,전북특별자치도,고창군,고수면
상하면-2725,2725,전북특별자치도 고창군 상하면,전북특별자치도,고창군,상하면
해리면-2726,2726,전북특별자치도 고창군 해리면,전북특별자치도,고창군,해리면
공음면-2724,2724,전북특별자치도 고창군 공음면,전북특별자치도,고창군,공음면
신림면-2732,2732,전북특별자치도 고창군 신림면,전북특별자치도,고창군,신림면
성내면-2731,2731,전북특별자치도 고창군 성내면,전북특별자치도,고창군,성내면
성송면-2727,2727,전북특별자치도 고창군 성송면,전북특별자치도,고창군,성송면
부안읍-2735,2735,전북특별자치도 부안군 부안읍,전북특별자치도,부안군,부안읍
변산면-2741,2741,전북특별자치도 부안군 변산면,전북특별자치도,부안군,변산면
행안면-2738,2738,전북특별자치도 부안군 행안면,전북특별자치도,부안군,행안면
줄포면-2746,2746,전북특별자치도 부안군 줄포면,전북특별자치도,부안군,줄포면
진서면-2742,2742,전북특별자치도 부안군 진서면,전북특별자치도,부안군,진서면
보안면-2740,2740,전북특별자치도 부안군 보안면,전북특별자치도,부안군,보안면
동진면-2737,2737,전북특별자치도 부안군 동진면,전북특별자치도,부안군,동진면
백산면-2743,2743,전북특별자치도 부안군 백산면,전북특별자치도,부안군,백산면
계화면-2739,2739,전북특별자치도 부안군 계화면,전북특별자치도,부안군,계화면
상서면-2744,2744,전북특별자치도 부안군 상서면,전북특별자치도,부안군,상서면
주산면-2736,2736,전북특별자치도 부안군 주산면,전북특별자치도,부안군,주산면
하서면-2745,2745,전북특별자치도 부안군 하서면,전북특별자치도,부안군,하서면
위도면-2747,2747,전북특별자치도 부안군 위도면,전북특별자치도,부안군,위도면
봉동읍-2655,2655,전북특별자치도 완주군 봉동읍,전북특별자치도,완주군,봉동읍
삼례읍-2654,2654,전북특별자치도 완주군 삼례읍,전북특별자치도,완주군,삼례읍
이서면-2658,2658,전북특별자치도 완주군 이서면,전북특별자치도,완주군,이서면
용진읍-3991,3991,전북특별자치도 완주군 용진읍,전북특별자치도,완주군,용진읍
구이면-2660,2660,전북특별자치도 완주군 구이면,전북특별자치도,완주군,구이면
소양면-2659,2659,전북특별자치도 완주군 소양면,전북특별자치도,완주군,소양면
상관면-2657,2657,전북특별자치도 완주군 상관면,전북특별자치도,완주군,상관면
고산면-2661,2661,전북특별자치도 완주군 고산면,전북특별자치도,완주군,고산면
비봉면-2662,2662,전북특별자치도 완주군 비봉면,전북특별자치도,완주군,비봉면
화산면-2664,2664,전북특별자치도 완주군 화산면,전북특별자치도,완주군,화산면
운주면-2663,2663,전북특별자치도 완주군 운주면,전북특별자치도,완주군,운주면
동상면-2665,2665,전북특별자치도 완주군 동상면,전북특별자치도,완주군,동상면
경천면-2666,2666,전북특별자치도 완주군 경천면,전북특별자치도,완주군,경천면
임실읍-2695,2695,전북특별자치도 임실군 임실읍,전북특별자치도,임실군,임실읍
오수면-2700,2700,전북특별자치도 임실군 오수면,전북특별자치도,임실군,오수면
관촌면-2703,2703,전북특별자치도 임실군 관촌면,전북특별자치도,임실군,관촌면
신평면-2698,2698,전북특별자치도 임실군 신평면,전북특별자치도,임실군,신평면
강진면-2704,2704,전북특별자치도 임실군 강진면,전북특별자치도,임실군,강진면
운암면-2697,2697,전북특별자치도 임실군 운암면,전북특별자치도,임실군,운암면
성수면-2699,2699,전북특별자치도 임실군 성수면,전북특별자치도,임실군,성수면
신덕면-2701,2701,전북특별자치도 임실군 신덕면,전북특별자치도,임실군,신덕면
지사면-2706,2706,전북특별자치도 임실군 지사면,전북특별자치도,임실군,지사면
청웅면-2696,2696,전북특별자치도 임실군 청웅면,전북특별자치도,임실군,청웅면
덕치면-2705,2705,전북특별자치도 임실군 덕치면,전북특별자치도,임실군,덕치면
삼계면-2702,2702,전북특별자치도 임실군 삼계면,전북특별자치도,임실군,삼계면
장수읍-2687,2687,전북특별자치도 장수군 장수읍,전북특별자치도,장수군,장수읍
장계면-2690,2690,전북특별자치도 장수군 장계면,전북특별자치도,장수군,장계면
계남면-2692,2692,전북특별자치도 장수군 계남면,전북특별자치도,장수군,계남면
번암면-2689,2689,전북특별자치도 장수군 번암면,전북특별자치도,장수군,번암면
천천면-2691,2691,전북특별자치도 장수군 천천면,전북특별자치도,장수군,천천면
산서면-2688,2688,전북특별자치도 장수군 산서면,전북특별자치도,장수군,산서면
계북면-2693,2693,전북특별자치도 장수군 계북면,전북특별자치도,장수군,계북면
진안읍-2668,2668,전북특별자치도 진안군 진안읍,전북특별자치도,진안군,진안읍
부귀면-2676,2676,전북특별자치도 진안군 부귀면,전북특별자치도,진안군,부귀면
마령면-2675,2675,전북특별자치도 진안군 마령면,전북특별자치도,진안군,마령면
백운면-2673,2673,전북특별자치도 진안군 백운면,전북특별자치도,진안군,백운면
성수면-2674,2674,전북특별자치도 진안군 성수면,전북특별자치도,진안군,성수면
동향면-2671,2671,전북특별자치도 진안군 동향면,전북특별자치도,진안군,동향면
주천면-2678,2678,전북특별자치도 진안군 주천면,전북특별자치도,진안군,주천면
안천면-2670,2670,전북특별자치도 진안군 안천면,전북특별자치도,진안군,안천면
용담면-2669,2669,전북특별자치도 진안군 용담면,전북특별자치도,진안군,용담면
정천면-2677,2677,전북특별자치도 진안군 정천면,전북특별자치도,진안군,정천면
상전면-2672,2672,전북특별자치도 진안군 상전면,전북특별자치도,진안군,상전면
무주읍-2680,2680,전북특별자치도 무주군 무주읍,전북특별자치도,무주군,무주읍
설천면-2682,2682,전북특별자치도 무주군 설천면,전북특별자치도,무주군,설천면
안성면-2684,2684,전북특별자치도 무주군 안성면,전북특별자치도,무주군,안성면
무풍면-2681,2681,전북특별자치도 무주군 무풍면,전북특별자치도,무주군,무풍면
적상면-2683,2683,전북특별자치도 무주군 적상면,전북특별자치도,무주군,적상면
부남면-2685,2685,전북특별자치도 무주군 부남면,전북특별자치도,무주군,부남면
순창읍-2708,2708,전북특별자치도 순창군 순창읍,전북특별자치도,순창군,순창읍
복흥면-2715,2715,전북특별자치도 순창군 복흥면,전북특별자치도,순창군,복흥면
쌍치면-2714,2714,전북특별자치도 순창군 쌍치면,전북특별자치도,순창군,쌍치면
구림면-2718,2718,전북특별자치도 순창군 구림면,전북특별자치도,순창군,구림면
동계면-2710,2710,전북특별자치도 순창군 동계면,전북특별자치도,순창군,동계면
금과면-2712,2712,전북특별자치도 순창군 금과면,전북특별자치도,순창군,금과면
풍산면-2711,2711,전북특별자치도 순창군 풍산면,전북특별자치도,순창군,풍산면
팔덕면-2713,2713,전북특별자치도 순창군 팔덕면,전북특별자치도,순창군,팔덕면
인계면-2709,2709,전북특별자치도 순창군 인계면,전북특별자치도,순창군,인계면
유등면-2717,2717,전북특별자치도 순창군 유등면,전북특별자치도,순창군,유등면
적성면-2716,2716,전북특별자치도 순창군 적성면,전북특별자치도,순창군,적성면
담양읍-2865,2865,전라남도 담양군 담양읍,전라남도,담양군,담양읍
수북면-2875,2875,전라남도 담양군 수북면,전라남도,담양군,수북면
대전면-2876,2876,전라남도 담양군 대전면,전라남도,담양군,대전면
창평면-2869,2869,전라남도 담양군 창평면,전라남도,담양군,창평면
금성면-2872,2872,전라남도 담양군 금성면,전라남도,담양군,금성면
고서면-2867,2867,전라남도 담양군 고서면,전라남도,담양군,고서면
봉산면-2866,2866,전라남도 담양군 봉산면,전라남도,담양군,봉산면
무정면-2871,2871,전라남도 담양군 무정면,전라남도,담양군,무정면
월산면-2874,2874,전라남도 담양군 월산면,전라남도,담양군,월산면
용면-2873,2873,전라남도 담양군 용면,전라남도,담양군,용면
대덕면-2870,2870,전라남도 담양군 대덕면,전라남도,담양군,대덕면
가사문학면-2868,2868,전라남도 담양군 가사문학면,전라남도,담양군,가사문학면
곡성읍-2878,2878,전라남도 곡성군 곡성읍,전라남도,곡성군,곡성읍
옥과면-2885,2885,전라남도 곡성군 옥과면,전라남도,곡성군,옥과면
입면-2886,2886,전라남도 곡성군 입면,전라남도,곡성군,입면
석곡면-2881,2881,전라남도 곡성군 석곡면,전라남도,곡성군,석곡면
오곡면-2879,2879,전라남도 곡성군 오곡면,전라남도,곡성군,오곡면
겸면-2887,2887,전라남도 곡성군 겸면,전라남도,곡성군,겸면
죽곡면-2883,2883,전라남도 곡성군 죽곡면,전라남도,곡성군,죽곡면
삼기면-2880,2880,전라남도 곡성군 삼기면,전라남도,곡성군,삼기면
오산면-2888,2888,전라남도 곡성군 오산면,전라남도,곡성군,오산면
고달면-2884,2884,전라남도 곡성군 고달면,전라남도,곡성군,고달면
목사동면-2882,2882,전라남도 곡성군 목사동면,전라남도,곡성군,목사동면
구례읍-2890,2890,전라남도 구례군 구례읍,전라남도,구례군,구례읍
산동면-2897,2897,전라남도 구례군 산동면,전라남도,구례군,산동면
마산면-2894,2894,전라남도 구례군 마산면,전라남도,구례군,마산면
토지면-2893,2893,전라남도 구례군 토지면,전라남도,구례군,토지면
광의면-2895,2895,전라남도 구례군 광의면,전라남도,구례군,광의면
용방면-2896,2896,전라남도 구례군 용방면,전라남도,구례군,용방면
간전면-2892,2892,전라남도 구례군 간전면,전라남도,구례군,간전면
문척면-2891,2891,전라남도 구례군 문척면,전라남도,구례군,문척면
고흥읍-2899,2899,전라남도 고흥군 고흥읍,전라남도,고흥군,고흥읍
도양읍-2900,2900,전라남도 고흥군 도양읍,전라남도,고흥군,도양읍
포두면-2907,2907,전라남도 고흥군 포두면,전라남도,고흥군,포두면
도화면-2906,2906,전라남도 고흥군 도화면,전라남도,고흥군,도화면
금산면-2905,2905,전라남도 고흥군 금산면,전라남도,고흥군,금산면
동강면-2912,2912,전라남도 고흥군 동강면,전라남도,고흥군,동강면
과역면-2910,2910,전라남도 고흥군 과역면,전라남도,고흥군,과역면
풍양면-2903,2903,전라남도 고흥군 풍양면,전라남도,고흥군,풍양면
도덕면-2904,2904,전라남도 고흥군 도덕면,전라남도,고흥군,도덕면
두원면-2914,2914,전라남도 고흥군 두원면,전라남도,고흥군,두원면
점암면-2909,2909,전라남도 고흥군 점암면,전라남도,고흥군,점암면
남양면-2911,2911,전라남도 고흥군 남양면,전라남도,고흥군,남양면
봉래면-2908,2908,전라남도 고흥군 봉래면,전라남도,고흥군,봉래면
대서면-2913,2913,전라남도 고흥군 대서면,전라남도,고흥군,대서면
동일면-2916,2916,전라남도 고흥군 동일면,전라남도,고흥군,동일면
영남면-2915,2915,전라남도 고흥군 영남면,전라남도,고흥군,영남면
보성읍-2918,2918,전라남도 보성군 보성읍,전라남도,보성군,보성읍
벌교읍-2919,2919,전라남도 보성군 벌교읍,전라남도,보성군,벌교읍
득량면-2927,2927,전라남도 보성군 득량면,전라남도,보성군,득량면
조성면-2926,2926,전라남도 보성군 조성면,전라남도,보성군,조성면
회천면-2929,2929,전라남도 보성군 회천면,전라남도,보성군,회천면
미력면-2921,2921,전라남도 보성군 미력면,전라남도,보성군,미력면
복내면-2924,2924,전라남도 보성군 복내면,전라남도,보성군,복내면
노동면-2920,2920,전라남도 보성군 노동면,전라남도,보성군,노동면
겸백면-2922,2922,전라남도 보성군 겸백면,전라남도,보성군,겸백면
웅치면-2930,2930,전라남도 보성군 웅치면,전라남도,보성군,웅치면
문덕면-2925,2925,전라남도 보성군 문덕면,전라남도,보성군,문덕면
율어면-2923,2923,전라남도 보성군 율어면,전라남도,보성군,율어면
화순읍-2932,2932,전라남도 화순군 화순읍,전라남도,화순군,화순읍
도곡면-2939,2939,전라남도 화순군 도곡면,전라남도,화순군,도곡면
능주면-2938,2938,전라남도 화순군 능주면,전라남도,화순군,능주면
동면-2945,2945,전라남도 화순군 동면,전라남도,화순군,동면
이양면-2937,2937,전라남도 화순군 이양면,전라남도,화순군,이양면
사평면-2944,2944,전라남도 화순군 사평면,전라남도,화순군,사평면
춘양면-2935,2935,전라남도 화순군 춘양면,전라남도,화순군,춘양면
한천면-2933,2933,전라남도 화순군 한천면,전라남도,화순군,한천면
이서면-2941,2941,전라남도 화순군 이서면,전라남도,화순군,이서면
동복면-2943,2943,전라남도 화순군 동복면,전라남도,화순군,동복면
청풍면-2936,2936,전라남도 화순군 청풍면,전라남도,화순군,청풍면
도암면-2940,2940,전라남도 화순군 도암면,전라남도,화순군,도암면
백아면-2942,2942,전라남도 화순군 백아면,전라남도,화순군,백아면
장흥읍-2947,2947,전라남도 장흥군 장흥읍,전라남도,장흥군,장흥읍
관산읍-2948,2948,전라남도 장흥군 관산읍,전라남도,장흥군,관산읍
대덕읍-2949,2949,전라남도 장흥군 대덕읍,전라남도,장흥군,대덕읍
안양면-2951,2951,전라남도 장흥군 안양면,전라남도,장흥군,안양면
용산면-2950,2950,전라남도 장흥군 용산면,전라남도,장흥군,용산면
회진면-2956,2956,전라남도 장흥군 회진면,전라남도,장흥군,회진면
장평면-2953,2953,전라남도 장흥군 장평면,전라남도,장흥군,장평면
부산면-2955,2955,전라남도 장흥군 부산면,전라남도,장흥군,부산면
장동면-2952,2952,전라남도 장흥군 장동면,전라남도,장흥군,장동면
유치면-2954,2954,전라남도 장흥군 유치면,전라남도,장흥군,유치면
강진읍-2958,2958,전라남도 강진군 강진읍,전라남도,강진군,강진읍
군동면-2959,2959,전라남도 강진군 군동면,전라남도,강진군,군동면
성전면-2964,2964,전라남도 강진군 성전면,전라남도,강진군,성전면
도암면-2962,2962,전라남도 강진군 도암면,전라남도,강진군,도암면
칠량면-2960,2960,전라남도 강진군 칠량면,전라남도,강진군,칠량면
마량면-2968,2968,전라남도 강진군 마량면,전라남도,강진군,마량면
신전면-2963,2963,전라남도 강진군 신전면,전라남도,강진군,신전면
작천면-2965,2965,전라남도 강진군 작천면,전라남도,강진군,작천면
병영면-2966,2966,전라남도 강진군 병영면,전라남도,강진군,병영면
대구면-2961,2961,전라남도 강진군 대구면,전라남도,강진군,대구면
옴천면-2967,2967,전라남도 강진군 옴천면,전라남도,강진군,옴천면
해남읍-2970,2970,전라남도 해남군 해남읍,전라남도,해남군,해남읍
송지면-2974,2974,전라남도 해남군 송지면,전라남도,해남군,송지면
황산면-2980,2980,전라남도 해남군 황산면,전라남도,해남군,황산면
화원면-2983,2983,전라남도 해남군 화원면,전라남도,해남군,화원면
문내면-2982,2982,전라남도 해남군 문내면,전라남도,해남군,문내면
옥천면-2977,2977,전라남도 해남군 옥천면,전라남도,해남군,옥천면
산이면-2981,2981,전라남도 해남군 산이면,전라남도,해남군,산이면
삼산면-2971,2971,전라남도 해남군 삼산면,전라남도,해남군,삼산면
북평면-2975,2975,전라남도 해남군 북평면,전라남도,해남군,북평면
현산면-2973,2973,전라남도 해남군 현산면,전라남도,해남군,현산면
화산면-2972,2972,전라남도 해남군 화산면,전라남도,해남군,화산면
마산면-2979,2979,전라남도 해남군 마산면,전라남도,해남군,마산면
북일면-2976,2976,전라남도 해남군 북일면,전라남도,해남군,북일면
계곡면-2978,2978,전라남도 해남군 계곡면,전라남도,해남군,계곡면
삼호읍-2986,2986,전라남도 영암군 삼호읍,전라남도,영암군,삼호읍
영암읍-2985,2985,전라남도 영암군 영암읍,전라남도,영암군,영암읍
학산면-2995,2995,전라남도 영암군 학산면,전라남도,영암군,학산면
신북면-2990,2990,전라남도 영암군 신북면,전라남도,영암군,신북면
군서면-2993,2993,전라남도 영암군 군서면,전라남도,영암군,군서면
시종면-2991,2991,전라남도 영암군 시종면,전라남도,영암군,시종면
미암면-2996,2996,전라남도 영암군 미암면,전라남도,영암군,미암면
도포면-2992,2992,전라남도 영암군 도포면,전라남도,영암군,도포면
금정면-2989,2989,전라남도 영암군 금정면,전라남도,영암군,금정면
덕진면-2988,2988,전라남도 영암군 덕진면,전라남도,영암군,덕진면
서호면-2994,2994,전라남도 영암군 서호면,전라남도,영암군,서호면
삼향읍-3000,3000,전라남도 무안군 삼향읍,전라남도,무안군,삼향읍
일로읍-2999,2999,전라남도 무안군 일로읍,전라남도,무안군,일로읍
무안읍-2998,2998,전라남도 무안군 무안읍,전라남도,무안군,무안읍
청계면-3003,3003,전라남도 무안군 청계면,전라남도,무안군,청계면
현경면-3004,3004,전라남도 무안군 현경면,전라남도,무안군,현경면
해제면-3006,3006,전라남도 무안군 해제면,전라남도,무안군,해제면
몽탄면-3002,3002,전라남도 무안군 몽탄면,전라남도,무안군,몽탄면
운남면-3007,3007,전라남도 무안군 운남면,전라남도,무안군,운남면
망운면-3005,3005,전라남도 무안군 망운면,전라남도,무안군,망운면
함평읍-3009,3009,전라남도 함평군 함평읍,전라남도,함평군,함평읍
학교면-3012,3012,전라남도 함평군 학교면,전라남도,함평군,학교면
월야면-3017,3017,전라남도 함평군 월야면,전라남도,함평군,월야면
대동면-3014,3014,전라남도 함평군 대동면,전라남도,함평군,대동면
해보면-3016,3016,전라남도 함평군 해보면,전라남도,함평군,해보면
손불면-3010,3010,전라남도 함평군 손불면,전라남도,함평군,손불면
나산면-3015,3015,전라남도 함평군 나산면,전라남도,함평군,나산면
엄다면-3013,3013,전라남도 함평군 엄다면,전라남도,함평군,엄다면
신광면-3011,3011,전라남도 함평군 신광면,전라남도,함평군,신광면
영광읍-3019,3019,전라남도 영광군 영광읍,전라남도,영광군,영광읍
홍농읍-3021,3021,전라남도 영광군 홍농읍,전라남도,영광군,홍농읍
법성면-3028,3028,전라남도 영광군 법성면,전라남도,영광군,법성면
백수읍-3020,3020,전라남도 영광군 백수읍,전라남도,영광군,백수읍
염산면-3027,3027,전라남도 영광군 염산면,전라남도,영광군,염산면
군서면-3025,3025,전라남도 영광군 군서면,전라남도,영광군,군서면
대마면-3022,3022,전라남도 영광군 대마면,전라남도,영광군,대마면
군남면-3026,3026,전라남도 영광군 군남면,전라남도,영광군,군남면
묘량면-3023,3023,전라남도 영광군 묘량면,전라남도,영광군,묘량면
불갑면-3024,3024,전라남도 영광군 불갑면,전라남도,영광군,불갑면
낙월면-3029,3029,전라남도 영광군 낙월면,전라남도,영광군,낙월면
장성읍-3032,3032,전라남도 장성군 장성읍,전라남도,장성군,장성읍
삼계면-3037,3037,전라남도 장성군 삼계면,전라남도,장성군,삼계면
황룡면-3038,3038,전라남도 장성군 황룡면,전라남도,장성군,황룡면
남면-3034,3034,전라남도 장성군 남면,전라남도,장성군,남면
진원면-3033,3033,전라남도 장성군 진원면,전라남도,장성군,진원면
삼서면-3036,3036,전라남도 장성군 삼서면,전라남도,장성군,삼서면
동화면-3035,3035,전라남도 장성군 동화면,전라남도,장성군,동화면
북이면-3041,3041,전라남도 장성군 북이면,전라남도,장성군,북이면
북하면-3042,3042,전라남도 장성군 북하면,전라남도,장성군,북하면
서삼면-3039,3039,전라남도 장성군 서삼면,전라남도,장성군,서삼면
북일면-3040,3040,전라남도 장성군 북일면,전라남도,장성군,북일면
완도읍-3044,3044,전라남도 완도군 완도읍,전라남도,완도군,완도읍
고금면-3050,3050,전라남도 완도군 고금면,전라남도,완도군,고금면
노화읍-3046,3046,전라남도 완도군 노화읍,전라남도,완도군,노화읍
신지면-3049,3049,전라남도 완도군 신지면,전라남도,완도군,신지면
군외면-3048,3048,전라남도 완도군 군외면,전라남도,완도군,군외면
약산면-3051,3051,전라남도 완도군 약산면,전라남도,완도군,약산면
금일읍-3045,3045,전라남도 완도군 금일읍,전라남도,완도군,금일읍
소안면-3054,3054,전라남도 완도군 소안면,전라남도,완도군,소안면
보길면-3056,3056,전라남도 완도군 보길면,전라남도,완도군,보길면
청산면-3052,3052,전라남도 완도군 청산면,전라남도,완도군,청산면
금당면-3055,3055,전라남도 완도군 금당면,전라남도,완도군,금당면
생일면-3057,3057,전라남도 완도군 생일면,전라남도,완도군,생일면
진도읍-3059,3059,전라남도 진도군 진도읍,전라남도,진도군,진도읍
의신면-3062,3062,전라남도 진도군 의신면,전라남도,진도군,의신면
고군면-3061,3061,전라남도 진도군 고군면,전라남도,진도군,고군면
군내면-3060,3060,전라남도 진도군 군내면,전라남도,진도군,군내면
임회면-3063,3063,전라남도 진도군 임회면,전라남도,진도군,임회면
지산면-3064,3064,전라남도 진도군 지산면,전라남도,진도군,지산면
조도면-3065,3065,전라남도 진도군 조도면,전라남도,진도군,조도면
압해읍-3071,3071,전라남도 신안군 압해읍,전라남도,신안군,압해읍
지도읍-3069,3069,전라남도 신안군 지도읍,전라남도,신안군,지도읍
도초면-3079,3079,전라남도 신안군 도초면,전라남도,신안군,도초면
임자면-3076,3076,전라남도 신안군 임자면,전라남도,신안군,임자면
자은면-3077,3077,전라남도 신안군 자은면,전라남도,신안군,자은면
비금면-3078,3078,전라남도 신안군 비금면,전라남도,신안군,비금면
흑산면-3081,3081,전라남도 신안군 흑산면,전라남도,신안군,흑산면
안좌면-3089,3089,전라남도 신안군 안좌면,전라남도,신안군,안좌면
암태면-3092,3092,전라남도 신안군 암태면,전라남도,신안군,암태면
증도면-3074,3074,전라남도 신안군 증도면,전라남도,신안군,증도면
팔금면-3091,3091,전라남도 신안군 팔금면,전라남도,신안군,팔금면
장산면-3088,3088,전라남도 신안군 장산면,전라남도,신안군,장산면
신의면-3087,3087,전라남도 신안군 신의면,전라남도,신안군,신의면
하의면-3086,3086,전라남도 신안군 하의면,전라남도,신안군,하의면
오천읍-3098,3098,경상북도 포항시 남구 오천읍,경상북도,포항시 남구,오천읍
흥해읍-3111,3111,경상북도 포항시 북구 흥해읍,경상북도,포항시 북구,흥해읍
양덕동-5382,5382,경상북도 포항시 북구 양덕동,경상북도,포항시 북구,양덕동
장성동-5386,5386,경상북도 포항시 북구 장성동,경상북도,포항시 북구,장성동
죽도동-3121,3121,경상북도 포항시 북구 죽도동,경상북도,포항시 북구,죽도동
연일읍-3097,3097,경상북도 포항시 남구 연일읍,경상북도,포항시 남구,연일읍
장량동-3125,3125,경상북도 포항시 북구 장량동,경상북도,포항시 북구,장량동
두호동-3124,3124,경상북도 포항시 북구 두호동,경상북도,포항시 북구,두호동
용흥동-3122,3122,경상북도 포항시 북구 용흥동,경상북도,포항시 북구,용흥동
해도동-3104,3104,경상북도 포항시 남구 해도동,경상북도,포항시 남구,해도동
지곡동-5369,5369,경상북도 포항시 남구 지곡동,경상북도,포항시 남구,지곡동
대잠동-5360,5360,경상북도 포항시 남구 대잠동,경상북도,포항시 남구,대잠동
대도동-5359,5359,경상북도 포항시 남구 대도동,경상북도,포항시 남구,대도동
대이동-3109,3109,경상북도 포항시 남구 대이동,경상북도,포항시 남구,대이동
효자동-5371,5371,경상북도 포항시 남구 효자동,경상북도,포항시 남구,효자동
우창동-3123,3123,경상북도 포항시 북구 우창동,경상북도,포항시 북구,우창동
창포동-5387,5387,경상북도 포항시 북구 창포동,경상북도,포항시 북구,창포동
송도동-3105,3105,경상북도 포항시 남구 송도동,경상북도,포항시 남구,송도동
상도동-5362,5362,경상북도 포항시 남구 상도동,경상북도,포항시 남구,상도동
상대동-3103,3103,경상북도 포항시 남구 상대동,경상북도,포항시 남구,상대동
양학동-3120,3120,경상북도 포항시 북구 양학동,경상북도,포항시 북구,양학동
우현동-5385,5385,경상북도 포항시 북구 우현동,경상북도,포항시 북구,우현동
효곡동-3108,3108,경상북도 포항시 남구 효곡동,경상북도,포항시 남구,효곡동
동해면-3100,3100,경상북도 포항시 남구 동해면,경상북도,포항시 남구,동해면
환호동-5391,5391,경상북도 포항시 북구 환호동,경상북도,포항시 북구,환호동
이동-5365,5365,경상북도 포항시 남구 이동,경상북도,포항시 남구,이동
청림동-3106,3106,경상북도 포항시 남구 청림동,경상북도,포항시 남구,청림동
득량동-5379,5379,경상북도 포항시 북구 득량동,경상북도,포항시 북구,득량동
학산동-5388,5388,경상북도 포항시 북구 학산동,경상북도,포항시 북구,학산동
대송면-3099,3099,경상북도 포항시 남구 대송면,경상북도,포항시 남구,대송면
구룡포읍-3096,3096,경상북도 포항시 남구 구룡포읍,경상북도,포항시 남구,구룡포읍
항구동-5390,5390,경상북도 포항시 북구 항구동,경상북도,포항시 북구,항구동
제철동-3107,3107,경상북도 포항시 남구 제철동,경상북도,포항시 남구,제철동
학잠동-5389,5389,경상북도 포항시 북구 학잠동,경상북도,포항시 북구,학잠동
대신동-5373,5373,경상북도 포항시 북구 대신동,경상북도,포항시 북구,대신동
기계면-3115,3115,경상북도 포항시 북구 기계면,경상북도,포항시 북구,기계면
청하면-3113,3113,경상북도 포항시 북구 청하면,경상북도,포항시 북구,청하면
환여동-3126,3126,경상북도 포항시 북구 환여동,경상북도,포항시 북구,환여동
인덕동-5366,5366,경상북도 포항시 남구 인덕동,경상북도,포항시 남구,인덕동
동빈1가-5377,5377,경상북도 포항시 북구 동빈1가,경상북도,포항시 북구,동빈1가
장기면-3101,3101,경상북도 포항시 남구 장기면,경상북도,포항시 남구,장기면
신광면-3112,3112,경상북도 포항시 북구 신광면,경상북도,포항시 북구,신광면
덕수동-5376,5376,경상북도 포항시 북구 덕수동,경상북도,포항시 북구,덕수동
중앙동-3119,3119,경상북도 포항시 북구 중앙동,경상북도,포항시 북구,중앙동
일월동-5367,5367,경상북도 포항시 남구 일월동,경상북도,포항시 남구,일월동
대흥동-5374,5374,경상북도 포항시 북구 대흥동,경상북도,포항시 북구,대흥동
송라면-3114,3114,경상북도 포항시 북구 송라면,경상북도,포항시 북구,송라면
덕산동-5375,5375,경상북도 포항시 북구 덕산동,경상북도,포항시 북구,덕산동
장흥동-5368,5368,경상북도 포항시 남구 장흥동,경상북도,포항시 남구,장흥동
동촌동-5361,5361,경상북도 포항시 남구 동촌동,경상북도,포항시 남구,동촌동
상원동-5380,5380,경상북도 포항시 북구 상원동,경상북도,포항시 북구,상원동
죽장면-3116,3116,경상북도 포항시 북구 죽장면,경상북도,포항시 북구,죽장면
괴동동-5358,5358,경상북도 포항시 남구 괴동동,경상북도,포항시 남구,괴동동
신흥동-5381,5381,경상북도 포항시 북구 신흥동,경상북도,포항시 북구,신흥동
호미곶면-3102,3102,경상북도 포항시 남구 호미곶면,경상북도,포항시 남구,호미곶면
남빈동-5372,5372,경상북도 포항시 북구 남빈동,경상북도,포항시 북구,남빈동
동빈2가-5378,5378,경상북도 포항시 북구 동빈2가,경상북도,포항시 북구,동빈2가
송내동-5363,5363,경상북도 포항시 남구 송내동,경상북도,포항시 남구,송내동
송정동-5364,5364,경상북도 포항시 남구 송정동,경상북도,포항시 남구,송정동
호동-5370,5370,경상북도 포항시 남구 호동,경상북도,포항시 남구,호동
여천동-5384,5384,경상북도 포항시 북구 여천동,경상북도,포항시 북구,여천동
기북면-3118,3118,경상북도 포항시 북구 기북면,경상북도,포항시 북구,기북면
여남동-5383,5383,경상북도 포항시 북구 여남동,경상북도,포항시 북구,여남동
황성동-3147,3147,경상북도 경주시 황성동,경상북도,경주시,황성동
동천동-3148,3148,경상북도 경주시 동천동,경상북도,경주시,동천동
용강동-3146,3146,경상북도 경주시 용강동,경상북도,경주시,용강동
외동읍-3131,3131,경상북도 경주시 외동읍,경상북도,경주시,외동읍
현곡면-3137,3137,경상북도 경주시 현곡면,경상북도,경주시,현곡면
성건동-3142,3142,경상북도 경주시 성건동,경상북도,경주시,성건동
안강읍-3129,3129,경상북도 경주시 안강읍,경상북도,경주시,안강읍
충효동-5186,5186,경상북도 경주시 충효동,경상북도,경주시,충효동
건천읍-3130,3130,경상북도 경주시 건천읍,경상북도,경주시,건천읍
성동동-5175,5175,경상북도 경주시 성동동,경상북도,경주시,성동동
천북면-3139,3139,경상북도 경주시 천북면,경상북도,경주시,천북면
황오동-3141,3141,경상북도 경주시 황오동,경상북도,경주시,황오동
석장동-5174,5174,경상북도 경주시 석장동,경상북도,경주시,석장동
강동면-3138,3138,경상북도 경주시 강동면,경상북도,경주시,강동면
선도동-3144,3144,경상북도 경주시 선도동,경상북도,경주시,선도동
불국동-3149,3149,경상북도 경주시 불국동,경상북도,경주시,불국동
양남면-3133,3133,경상북도 경주시 양남면,경상북도,경주시,양남면
노서동-5160,5160,경상북도 경주시 노서동,경상북도,경주시,노서동
내남면-3134,3134,경상북도 경주시 내남면,경상북도,경주시,내남면
감포읍-3128,3128,경상북도 경주시 감포읍,경상북도,경주시,감포읍
시래동-5178,5178,경상북도 경주시 시래동,경상북도,경주시,시래동
서부동-5172,5172,경상북도 경주시 서부동,경상북도,경주시,서부동
서면-3136,3136,경상북도 경주시 서면,경상북도,경주시,서면
중부동-3140,3140,경상북도 경주시 중부동,경상북도,경주시,중부동
노동동-5159,5159,경상북도 경주시 노동동,경상북도,경주시,노동동
황남동-3143,3143,경상북도 경주시 황남동,경상북도,경주시,황남동
문무대왕면-3132,3132,경상북도 경주시 문무대왕면,경상북도,경주시,문무대왕면
도지동-5162,5162,경상북도 경주시 도지동,경상북도,경주시,도지동
진현동-5184,5184,경상북도 경주시 진현동,경상북도,경주시,진현동
동부동-5164,5164,경상북도 경주시 동부동,경상북도,경주시,동부동
사정동-5171,5171,경상북도 경주시 사정동,경상북도,경주시,사정동
북부동-5170,5170,경상북도 경주시 북부동,경상북도,경주시,북부동
산내면-3135,3135,경상북도 경주시 산내면,경상북도,경주시,산내면
월성동-3145,3145,경상북도 경주시 월성동,경상북도,경주시,월성동
구정동-5156,5156,경상북도 경주시 구정동,경상북도,경주시,구정동
신평동-5179,5179,경상북도 경주시 신평동,경상북도,경주시,신평동
보덕동-3150,3150,경상북도 경주시 보덕동,경상북도,경주시,보덕동
율동-5181,5181,경상북도 경주시 율동,경상북도,경주시,율동
서악동-5173,5173,경상북도 경주시 서악동,경상북도,경주시,서악동
북군동-5169,5169,경상북도 경주시 북군동,경상북도,경주시,북군동
보문동-5168,5168,경상북도 경주시 보문동,경상북도,경주시,보문동
동방동-5163,5163,경상북도 경주시 동방동,경상북도,경주시,동방동
인왕동-5182,5182,경상북도 경주시 인왕동,경상북도,경주시,인왕동
마동-5165,5165,경상북도 경주시 마동,경상북도,경주시,마동
배동-5166,5166,경상북도 경주시 배동,경상북도,경주시,배동
탑동-5187,5187,경상북도 경주시 탑동,경상북도,경주시,탑동
구황동-5157,5157,경상북도 경주시 구황동,경상북도,경주시,구황동
배반동-5167,5167,경상북도 경주시 배반동,경상북도,경주시,배반동
천군동-5185,5185,경상북도 경주시 천군동,경상북도,경주시,천군동
효현동-5191,5191,경상북도 경주시 효현동,경상북도,경주시,효현동
광명동-5154,5154,경상북도 경주시 광명동,경상북도,경주시,광명동
하동-5189,5189,경상북도 경주시 하동,경상북도,경주시,하동
조양동-5183,5183,경상북도 경주시 조양동,경상북도,경주시,조양동
시동-5177,5177,경상북도 경주시 시동,경상북도,경주시,시동
남산동-5158,5158,경상북도 경주시 남산동,경상북도,경주시,남산동
평동-5188,5188,경상북도 경주시 평동,경상북도,경주시,평동
교동-5155,5155,경상북도 경주시 교동,경상북도,경주시,교동
암곡동-5180,5180,경상북도 경주시 암곡동,경상북도,경주시,암곡동
황용동-5190,5190,경상북도 경주시 황용동,경상북도,경주시,황용동
손곡동-5176,5176,경상북도 경주시 손곡동,경상북도,경주시,손곡동
덕동-5161,5161,경상북도 경주시 덕동,경상북도,경주시,덕동
율곡동-3173,3173,경상북도 김천시 율곡동,경상북도,김천시,율곡동
신음동-5229,5229,경상북도 김천시 신음동,경상북도,김천시,신음동
부곡동-5226,5226,경상북도 김천시 부곡동,경상북도,김천시,부곡동
대신동-3170,3170,경상북도 김천시 대신동,경상북도,김천시,대신동
덕곡동-5222,5222,경상북도 김천시 덕곡동,경상북도,김천시,덕곡동
아포읍-3152,3152,경상북도 김천시 아포읍,경상북도,김천시,아포읍
평화동-5233,5233,경상북도 김천시 평화동,경상북도,김천시,평화동
대곡동-3171,3171,경상북도 김천시 대곡동,경상북도,김천시,대곡동
지좌동-3172,3172,경상북도 김천시 지좌동,경상북도,김천시,지좌동
삼락동-5227,5227,경상북도 김천시 삼락동,경상북도,김천시,삼락동
교동-5218,5218,경상북도 김천시 교동,경상북도,김천시,교동
어모면-3157,3157,경상북도 김천시 어모면,경상북도,김천시,어모면
평화남산동-3168,3168,경상북도 김천시 평화남산동,경상북도,김천시,평화남산동
모암동-5223,5223,경상북도 김천시 모암동,경상북도,김천시,모암동
황금동-5234,5234,경상북도 김천시 황금동,경상북도,김천시,황금동
남면-3154,3154,경상북도 김천시 남면,경상북도,김천시,남면
농소면-3153,3153,경상북도 김천시 농소면,경상북도,김천시,농소면
응명동-5232,5232,경상북도 김천시 응명동,경상북도,김천시,응명동
자산동-3167,3167,경상북도 김천시 자산동,경상북도,김천시,자산동
성내동-5228,5228,경상북도 김천시 성내동,경상북도,김천시,성내동
대항면-3159,3159,경상북도 김천시 대항면,경상북도,김천시,대항면
봉산면-3158,3158,경상북도 김천시 봉산면,경상북도,김천시,봉산면
감문면-3156,3156,경상북도 김천시 감문면,경상북도,김천시,감문면
개령면-3155,3155,경상북도 김천시 개령면,경상북도,김천시,개령면
감천면-3160,3160,경상북도 김천시 감천면,경상북도,김천시,감천면
구성면-3162,3162,경상북도 김천시 구성면,경상북도,김천시,구성면
대광동-5221,5221,경상북도 김천시 대광동,경상북도,김천시,대광동
남산동-5219,5219,경상북도 김천시 남산동,경상북도,김천시,남산동
양금동-3169,3169,경상북도 김천시 양금동,경상북도,김천시,양금동
조마면-3161,3161,경상북도 김천시 조마면,경상북도,김천시,조마면
다수동-5220,5220,경상북도 김천시 다수동,경상북도,김천시,다수동
용두동-5231,5231,경상북도 김천시 용두동,경상북도,김천시,용두동
백옥동-5225,5225,경상북도 김천시 백옥동,경상북도,김천시,백옥동
대덕면-3165,3165,경상북도 김천시 대덕면,경상북도,김천시,대덕면
지례면-3163,3163,경상북도 김천시 지례면,경상북도,김천시,지례면
감호동-5217,5217,경상북도 김천시 감호동,경상북도,김천시,감호동
양천동-5230,5230,경상북도 김천시 양천동,경상북도,김천시,양천동
부항면-3164,3164,경상북도 김천시 부항면,경상북도,김천시,부항면
증산면-3166,3166,경상북도 김천시 증산면,경상북도,김천시,증산면
문당동-5224,5224,경상북도 김천시 문당동,경상북도,김천시,문당동
옥동-3196,3196,경상북도 안동시 옥동,경상북도,안동시,옥동
용상동-3191,3191,경상북도 안동시 용상동,경상북도,안동시,용상동
태화동-3193,3193,경상북도 안동시 태화동,경상북도,안동시,태화동
송현동-5301,5301,경상북도 안동시 송현동,경상북도,안동시,송현동
풍천면-3179,3179,경상북도 안동시 풍천면,경상북도,안동시,풍천면
정하동-5315,5315,경상북도 안동시 정하동,경상북도,안동시,정하동
풍산읍-3175,3175,경상북도 안동시 풍산읍,경상북도,안동시,풍산읍
강남동-3198,3198,경상북도 안동시 강남동,경상북도,안동시,강남동
송하동-3197,3197,경상북도 안동시 송하동,경상북도,안동시,송하동
안기동-3195,3195,경상북도 안동시 안기동,경상북도,안동시,안기동
당북동-5287,5287,경상북도 안동시 당북동,경상북도,안동시,당북동
송천동-5300,5300,경상북도 안동시 송천동,경상북도,안동시,송천동
평화동-3194,3194,경상북도 안동시 평화동,경상북도,안동시,평화동
운안동-5310,5310,경상북도 안동시 운안동,경상북도,안동시,운안동
안막동-5306,5306,경상북도 안동시 안막동,경상북도,안동시,안막동
서구동-3192,3192,경상북도 안동시 서구동,경상북도,안동시,서구동
서후면-3178,3178,경상북도 안동시 서후면,경상북도,안동시,서후면
수상동-5302,5302,경상북도 안동시 수상동,경상북도,안동시,수상동
와룡면-3176,3176,경상북도 안동시 와룡면,경상북도,안동시,와룡면
금곡동-5283,5283,경상북도 안동시 금곡동,경상북도,안동시,금곡동
중구동-3189,3189,경상북도 안동시 중구동,경상북도,안동시,중구동
광석동-5282,5282,경상북도 안동시 광석동,경상북도,안동시,광석동
신안동-5305,5305,경상북도 안동시 신안동,경상북도,안동시,신안동
북후면-3177,3177,경상북도 안동시 북후면,경상북도,안동시,북후면
일직면-3180,3180,경상북도 안동시 일직면,경상북도,안동시,일직면
남선면-3182,3182,경상북도 안동시 남선면,경상북도,안동시,남선면
법흥동-5293,5293,경상북도 안동시 법흥동,경상북도,안동시,법흥동
명륜동-3190,3190,경상북도 안동시 명륜동,경상북도,안동시,명륜동
운흥동-5311,5311,경상북도 안동시 운흥동,경상북도,안동시,운흥동
법상동-5292,5292,경상북도 안동시 법상동,경상북도,안동시,법상동
옥야동-5308,5308,경상북도 안동시 옥야동,경상북도,안동시,옥야동
임하면-3183,3183,경상북도 안동시 임하면,경상북도,안동시,임하면
대석동-5288,5288,경상북도 안동시 대석동,경상북도,안동시,대석동
남후면-3181,3181,경상북도 안동시 남후면,경상북도,안동시,남후면
노하동-5286,5286,경상북도 안동시 노하동,경상북도,안동시,노하동
길안면-3184,3184,경상북도 안동시 길안면,경상북도,안동시,길안면
삼산동-5295,5295,경상북도 안동시 삼산동,경상북도,안동시,삼산동
정상동-5314,5314,경상북도 안동시 정상동,경상북도,안동시,정상동
화성동-5317,5317,경상북도 안동시 화성동,경상북도,안동시,화성동
안흥동-5307,5307,경상북도 안동시 안흥동,경상북도,안동시,안흥동
천리동-5316,5316,경상북도 안동시 천리동,경상북도,안동시,천리동
남문동-5284,5284,경상북도 안동시 남문동,경상북도,안동시,남문동
서부동-5297,5297,경상북도 안동시 서부동,경상북도,안동시,서부동
율세동-5312,5312,경상북도 안동시 율세동,경상북도,안동시,율세동
동부동-5290,5290,경상북도 안동시 동부동,경상북도,안동시,동부동
도산면-3187,3187,경상북도 안동시 도산면,경상북도,안동시,도산면
북문동-5294,5294,경상북도 안동시 북문동,경상북도,안동시,북문동
임동면-3185,3185,경상북도 안동시 임동면,경상북도,안동시,임동면
석동동-5298,5298,경상북도 안동시 석동동,경상북도,안동시,석동동
옥정동-5309,5309,경상북도 안동시 옥정동,경상북도,안동시,옥정동
남부동-5285,5285,경상북도 안동시 남부동,경상북도,안동시,남부동
녹전면-3188,3188,경상북도 안동시 녹전면,경상북도,안동시,녹전면
예안면-3186,3186,경상북도 안동시 예안면,경상북도,안동시,예안면
성곡동-5299,5299,경상북도 안동시 성곡동,경상북도,안동시,성곡동
이천동-5313,5313,경상북도 안동시 이천동,경상북도,안동시,이천동
목성동-5291,5291,경상북도 안동시 목성동,경상북도,안동시,목성동
수하동-5303,5303,경상북도 안동시 수하동,경상북도,안동시,수하동
동문동-5289,5289,경상북도 안동시 동문동,경상북도,안동시,동문동
신세동-5304,5304,경상북도 안동시 신세동,경상북도,안동시,신세동
상아동-5296,5296,경상북도 안동시 상아동,경상북도,안동시,상아동
옥계동-5209,5209,경상북도 구미시 옥계동,경상북도,구미시,옥계동
고아읍-3201,3201,경상북도 구미시 고아읍,경상북도,구미시,고아읍
산동읍-3206,3206,경상북도 구미시 산동읍,경상북도,구미시,산동읍
송정동-3208,3208,경상북도 구미시 송정동,경상북도,구미시,송정동
진평동-5214,5214,경상북도 구미시 진평동,경상북도,구미시,진평동
도량동-3211,3211,경상북도 구미시 도량동,경상북도,구미시,도량동
봉곡동-5198,5198,경상북도 구미시 봉곡동,경상북도,구미시,봉곡동
구평동-5194,5194,경상북도 구미시 구평동,경상북도,구미시,구평동
상모사곡동-3222,3222,경상북도 구미시 상모사곡동,경상북도,구미시,상모사곡동
인동동-3224,3224,경상북도 구미시 인동동,경상북도,구미시,인동동
인의동-5211,5211,경상북도 구미시 인의동,경상북도,구미시,인의동
형곡동-5215,5215,경상북도 구미시 형곡동,경상북도,구미시,형곡동
상모동-5201,5201,경상북도 구미시 상모동,경상북도,구미시,상모동
원평동-5210,5210,경상북도 구미시 원평동,경상북도,구미시,원평동
선산읍-3200,3200,경상북도 구미시 선산읍,경상북도,구미시,선산읍
양포동-3226,3226,경상북도 구미시 양포동,경상북도,구미시,양포동
선주원남동-3213,3213,경상북도 구미시 선주원남동,경상북도,구미시,선주원남동
비산동-3218,3218,경상북도 구미시 비산동,경상북도,구미시,비산동
형곡2동-3215,3215,경상북도 구미시 형곡2동,경상북도,구미시,형곡2동
공단동-5193,5193,경상북도 구미시 공단동,경상북도,구미시,공단동
오태동-5208,5208,경상북도 구미시 오태동,경상북도,구미시,오태동
형곡1동-3214,3214,경상북도 구미시 형곡1동,경상북도,구미시,형곡1동
임은동-5213,5213,경상북도 구미시 임은동,경상북도,구미시,임은동
공단1동-3219,3219,경상북도 구미시 공단1동,경상북도,구미시,공단1동
황상동-5216,5216,경상북도 구미시 황상동,경상북도,구미시,황상동
사곡동-5200,5200,경상북도 구미시 사곡동,경상북도,구미시,사곡동
신평동-5206,5206,경상북도 구미시 신평동,경상북도,구미시,신평동
광평동-3221,3221,경상북도 구미시 광평동,경상북도,구미시,광평동
원평1동-3209,3209,경상북도 구미시 원평1동,경상북도,구미시,원평1동
진미동-3225,3225,경상북도 구미시 진미동,경상북도,구미시,진미동
거의동-5192,5192,경상북도 구미시 거의동,경상북도,구미시,거의동
남통동-5197,5197,경상북도 구미시 남통동,경상북도,구미시,남통동
원평2동-3210,3210,경상북도 구미시 원평2동,경상북도,구미시,원평2동
구포동-5195,5195,경상북도 구미시 구포동,경상북도,구미시,구포동
공단2동-3220,3220,경상북도 구미시 공단2동,경상북도,구미시,공단2동
신평2동-3217,3217,경상북도 구미시 신평2동,경상북도,구미시,신평2동
신평1동-3216,3216,경상북도 구미시 신평1동,경상북도,구미시,신평1동
지산동-3212,3212,경상북도 구미시 지산동,경상북도,구미시,지산동
임수동-5212,5212,경상북도 구미시 임수동,경상북도,구미시,임수동
임오동-3223,3223,경상북도 구미시 임오동,경상북도,구미시,임오동
해평면-3205,3205,경상북도 구미시 해평면,경상북도,구미시,해평면
장천면-3207,3207,경상북도 구미시 장천면,경상북도,구미시,장천면
시미동-5204,5204,경상북도 구미시 시미동,경상북도,구미시,시미동
도개면-3204,3204,경상북도 구미시 도개면,경상북도,구미시,도개면
부곡동-5199,5199,경상북도 구미시 부곡동,경상북도,구미시,부곡동
양호동-5207,5207,경상북도 구미시 양호동,경상북도,구미시,양호동
무을면-3202,3202,경상북도 구미시 무을면,경상북도,구미시,무을면
옥성면-3203,3203,경상북도 구미시 옥성면,경상북도,구미시,옥성면
선기동-5202,5202,경상북도 구미시 선기동,경상북도,구미시,선기동
금전동-5196,5196,경상북도 구미시 금전동,경상북도,구미시,금전동
신동-5205,5205,경상북도 구미시 신동,경상북도,구미시,신동
수점동-5203,5203,경상북도 구미시 수점동,경상북도,구미시,수점동
가흥동-5318,5318,경상북도 영주시 가흥동,경상북도,영주시,가흥동
가흥1동-3245,3245,경상북도 영주시 가흥1동,경상북도,영주시,가흥1동
하망동-3239,3239,경상북도 영주시 하망동,경상북도,영주시,하망동
풍기읍-3228,3228,경상북도 영주시 풍기읍,경상북도,영주시,풍기읍
휴천2동-3243,3243,경상북도 영주시 휴천2동,경상북도,영주시,휴천2동
가흥2동-3246,3246,경상북도 영주시 가흥2동,경상북도,영주시,가흥2동
휴천동-5328,5328,경상북도 영주시 휴천동,경상북도,영주시,휴천동
휴천3동-3244,3244,경상북도 영주시 휴천3동,경상북도,영주시,휴천3동
휴천1동-3242,3242,경상북도 영주시 휴천1동,경상북도,영주시,휴천1동
상망동-3238,3238,경상북도 영주시 상망동,경상북도,영주시,상망동
영주동-5323,5323,경상북도 영주시 영주동,경상북도,영주시,영주동
영주1동-3240,3240,경상북도 영주시 영주1동,경상북도,영주시,영주1동
영주2동-3241,3241,경상북도 영주시 영주2동,경상북도,영주시,영주2동
봉현면-3234,3234,경상북도 영주시 봉현면,경상북도,영주시,봉현면
장수면-3232,3232,경상북도 영주시 장수면,경상북도,영주시,장수면
안정면-3233,3233,경상북도 영주시 안정면,경상북도,영주시,안정면
부석면-3237,3237,경상북도 영주시 부석면,경상북도,영주시,부석면
이산면-3229,3229,경상북도 영주시 이산면,경상북도,영주시,이산면
문수면-3231,3231,경상북도 영주시 문수면,경상북도,영주시,문수면
순흥면-3235,3235,경상북도 영주시 순흥면,경상북도,영주시,순흥면
문정동-5320,5320,경상북도 영주시 문정동,경상북도,영주시,문정동
단산면-3236,3236,경상북도 영주시 단산면,경상북도,영주시,단산면
조암동-5325,5325,경상북도 영주시 조암동,경상북도,영주시,조암동
평은면-3230,3230,경상북도 영주시 평은면,경상북도,영주시,평은면
적서동-5324,5324,경상북도 영주시 적서동,경상북도,영주시,적서동
상줄동-5321,5321,경상북도 영주시 상줄동,경상북도,영주시,상줄동
조와동-5326,5326,경상북도 영주시 조와동,경상북도,영주시,조와동
고현동-5319,5319,경상북도 영주시 고현동,경상북도,영주시,고현동
창진동-5327,5327,경상북도 영주시 창진동,경상북도,영주시,창진동
아지동-5322,5322,경상북도 영주시 아지동,경상북도,영주시,아지동
망정동-5338,5338,경상북도 영천시 망정동,경상북도,영천시,망정동
완산동-3262,3262,경상북도 영천시 완산동,경상북도,영천시,완산동
금호읍-3248,3248,경상북도 영천시 금호읍,경상북도,영천시,금호읍
야사동-5349,5349,경상북도 영천시 야사동,경상북도,영천시,야사동
동부동-3259,3259,경상북도 영천시 동부동,경상북도,영천시,동부동
문외동-5341,5341,경상북도 영천시 문외동,경상북도,영천시,문외동
고경면-3256,3256,경상북도 영천시 고경면,경상북도,영천시,고경면
문내동-5340,5340,경상북도 영천시 문내동,경상북도,영천시,문내동
중앙동-3260,3260,경상북도 영천시 중앙동,경상북도,영천시,중앙동
청통면-3249,3249,경상북도 영천시 청통면,경상북도,영천시,청통면
북안면-3257,3257,경상북도 영천시 북안면,경상북도,영천시,북안면
임고면-3255,3255,경상북도 영천시 임고면,경상북도,영천시,임고면
대창면-3258,3258,경상북도 영천시 대창면,경상북도,영천시,대창면
신녕면-3250,3250,경상북도 영천시 신녕면,경상북도,영천시,신녕면
조교동-5354,5354,경상북도 영천시 조교동,경상북도,영천시,조교동
화남면-3253,3253,경상북도 영천시 화남면,경상북도,영천시,화남면
화산면-3251,3251,경상북도 영천시 화산면,경상북도,영천시,화산면
서부동-3261,3261,경상북도 영천시 서부동,경상북도,영천시,서부동
봉동-5344,5344,경상북도 영천시 봉동,경상북도,영천시,봉동
화룡동-5357,5357,경상북도 영천시 화룡동,경상북도,영천시,화룡동
남부동-3263,3263,경상북도 영천시 남부동,경상북도,영천시,남부동
금노동-5332,5332,경상북도 영천시 금노동,경상북도,영천시,금노동
오수동-5352,5352,경상북도 영천시 오수동,경상북도,영천시,오수동
성내동-5346,5346,경상북도 영천시 성내동,경상북도,영천시,성내동
교촌동-5331,5331,경상북도 영천시 교촌동,경상북도,영천시,교촌동
도남동-5335,5335,경상북도 영천시 도남동,경상북도,영천시,도남동
화북면-3252,3252,경상북도 영천시 화북면,경상북도,영천시,화북면
채신동-5356,5356,경상북도 영천시 채신동,경상북도,영천시,채신동
대전동-5334,5334,경상북도 영천시 대전동,경상북도,영천시,대전동
창구동-5355,5355,경상북도 영천시 창구동,경상북도,영천시,창구동
언하동-5350,5350,경상북도 영천시 언하동,경상북도,영천시,언하동
자양면-3254,3254,경상북도 영천시 자양면,경상북도,영천시,자양면
도동-5336,5336,경상북도 영천시 도동,경상북도,영천시,도동
오미동-5351,5351,경상북도 영천시 오미동,경상북도,영천시,오미동
본촌동-5343,5343,경상북도 영천시 본촌동,경상북도,영천시,본촌동
과전동-5329,5329,경상북도 영천시 과전동,경상북도,영천시,과전동
작산동-5353,5353,경상북도 영천시 작산동,경상북도,영천시,작산동
녹전동-5333,5333,경상북도 영천시 녹전동,경상북도,영천시,녹전동
서산동-5345,5345,경상북도 영천시 서산동,경상북도,영천시,서산동
도림동-5337,5337,경상북도 영천시 도림동,경상북도,영천시,도림동
쌍계동-5348,5348,경상북도 영천시 쌍계동,경상북도,영천시,쌍계동
매산동-5339,5339,경상북도 영천시 매산동,경상북도,영천시,매산동
범어동-5342,5342,경상북도 영천시 범어동,경상북도,영천시,범어동
괴연동-5330,5330,경상북도 영천시 괴연동,경상북도,영천시,괴연동
신기동-5347,5347,경상북도 영천시 신기동,경상북도,영천시,신기동
무양동-5258,5258,경상북도 상주시 무양동,경상북도,상주시,무양동
냉림동-5255,5255,경상북도 상주시 냉림동,경상북도,상주시,냉림동
낙양동-5251,5251,경상북도 상주시 낙양동,경상북도,상주시,낙양동
신봉동-5267,5267,경상북도 상주시 신봉동,경상북도,상주시,신봉동
함창읍-3265,3265,경상북도 상주시 함창읍,경상북도,상주시,함창읍
남성동-5252,5252,경상북도 상주시 남성동,경상북도,상주시,남성동
복룡동-5260,5260,경상북도 상주시 복룡동,경상북도,상주시,복룡동
남원동-3287,3287,경상북도 상주시 남원동,경상북도,상주시,남원동
신흥동-3292,3292,경상북도 상주시 신흥동,경상북도,상주시,신흥동
계림동-3289,3289,경상북도 상주시 계림동,경상북도,상주시,계림동
서문동-5263,5263,경상북도 상주시 서문동,경상북도,상주시,서문동
동문동-3290,3290,경상북도 상주시 동문동,경상북도,상주시,동문동
북문동-3288,3288,경상북도 상주시 북문동,경상북도,상주시,북문동
서성동-5264,5264,경상북도 상주시 서성동,경상북도,상주시,서성동
낙동면-3268,3268,경상북도 상주시 낙동면,경상북도,상주시,낙동면
사벌국면-3267,3267,경상북도 상주시 사벌국면,경상북도,상주시,사벌국면
가장동-5246,5246,경상북도 상주시 가장동,경상북도,상주시,가장동
성동동-5265,5265,경상북도 상주시 성동동,경상북도,상주시,성동동
공성면-3271,3271,경상북도 상주시 공성면,경상북도,상주시,공성면
외서면-3281,3281,경상북도 상주시 외서면,경상북도,상주시,외서면
청리면-3270,3270,경상북도 상주시 청리면,경상북도,상주시,청리면
화서면-3278,3278,경상북도 상주시 화서면,경상북도,상주시,화서면
모동면-3274,3274,경상북도 상주시 모동면,경상북도,상주시,모동면
모서면-3275,3275,경상북도 상주시 모서면,경상북도,상주시,모서면
계산동-5249,5249,경상북도 상주시 계산동,경상북도,상주시,계산동
동성동-3291,3291,경상북도 상주시 동성동,경상북도,상주시,동성동
내서면-3273,3273,경상북도 상주시 내서면,경상북도,상주시,내서면
공검면-3284,3284,경상북도 상주시 공검면,경상북도,상주시,공검면
이안면-3285,3285,경상북도 상주시 이안면,경상북도,상주시,이안면
화동면-3277,3277,경상북도 상주시 화동면,경상북도,상주시,화동면
만산동-5257,5257,경상북도 상주시 만산동,경상북도,상주시,만산동
외남면-3272,3272,경상북도 상주시 외남면,경상북도,상주시,외남면
성하동-5266,5266,경상북도 상주시 성하동,경상북도,상주시,성하동
화북면-3279,3279,경상북도 상주시 화북면,경상북도,상주시,화북면
은척면-3282,3282,경상북도 상주시 은척면,경상북도,상주시,은척면
인봉동-5272,5272,경상북도 상주시 인봉동,경상북도,상주시,인봉동
중동면-3266,3266,경상북도 상주시 중동면,경상북도,상주시,중동면
외답동-5271,5271,경상북도 상주시 외답동,경상북도,상주시,외답동
연원동-5269,5269,경상북도 상주시 연원동,경상북도,상주시,연원동
화남면-3286,3286,경상북도 상주시 화남면,경상북도,상주시,화남면
화산동-5280,5280,경상북도 상주시 화산동,경상북도,상주시,화산동
헌신동-5278,5278,경상북도 상주시 헌신동,경상북도,상주시,헌신동
개운동-5247,5247,경상북도 상주시 개운동,경상북도,상주시,개운동
초산동-5277,5277,경상북도 상주시 초산동,경상북도,상주시,초산동
지천동-5276,5276,경상북도 상주시 지천동,경상북도,상주시,지천동
죽전동-5274,5274,경상북도 상주시 죽전동,경상북도,상주시,죽전동
남장동-5253,5253,경상북도 상주시 남장동,경상북도,상주시,남장동
서곡동-5262,5262,경상북도 상주시 서곡동,경상북도,상주시,서곡동
인평동-5273,5273,경상북도 상주시 인평동,경상북도,상주시,인평동
남적동-5254,5254,경상북도 상주시 남적동,경상북도,상주시,남적동
양촌동-5268,5268,경상북도 상주시 양촌동,경상북도,상주시,양촌동
부원동-5261,5261,경상북도 상주시 부원동,경상북도,상주시,부원동
거동동-5248,5248,경상북도 상주시 거동동,경상북도,상주시,거동동
중덕동-5275,5275,경상북도 상주시 중덕동,경상북도,상주시,중덕동
도남동-5256,5256,경상북도 상주시 도남동,경상북도,상주시,도남동
흥각동-5281,5281,경상북도 상주시 흥각동,경상북도,상주시,흥각동
화개동-5279,5279,경상북도 상주시 화개동,경상북도,상주시,화개동
낙상동-5250,5250,경상북도 상주시 낙상동,경상북도,상주시,낙상동
오대동-5270,5270,경상북도 상주시 오대동,경상북도,상주시,오대동
병성동-5259,5259,경상북도 상주시 병성동,경상북도,상주시,병성동
모전동-5236,5236,경상북도 문경시 모전동,경상북도,문경시,모전동
점촌5동-3309,3309,경상북도 문경시 점촌5동,경상북도,문경시,점촌5동
점촌동-5243,5243,경상북도 문경시 점촌동,경상북도,문경시,점촌동
흥덕동-5245,5245,경상북도 문경시 흥덕동,경상북도,문경시,흥덕동
점촌2동-3306,3306,경상북도 문경시 점촌2동,경상북도,문경시,점촌2동
점촌3동-3307,3307,경상북도 문경시 점촌3동,경상북도,문경시,점촌3동
문경읍-3294,3294,경상북도 문경시 문경읍,경상북도,문경시,문경읍
점촌1동-3305,3305,경상북도 문경시 점촌1동,경상북도,문경시,점촌1동
마성면-3303,3303,경상북도 문경시 마성면,경상북도,문경시,마성면
가은읍-3296,3296,경상북도 문경시 가은읍,경상북도,문경시,가은읍
산양면-3299,3299,경상북도 문경시 산양면,경상북도,문경시,산양면
점촌4동-3308,3308,경상북도 문경시 점촌4동,경상북도,문경시,점촌4동
호계면-3300,3300,경상북도 문경시 호계면,경상북도,문경시,호계면
영순면-3298,3298,경상북도 문경시 영순면,경상북도,문경시,영순면
산북면-3301,3301,경상북도 문경시 산북면,경상북도,문경시,산북면
영신동-5239,5239,경상북도 문경시 영신동,경상북도,문경시,영신동
농암면-3304,3304,경상북도 문경시 농암면,경상북도,문경시,농암면
신기동-5238,5238,경상북도 문경시 신기동,경상북도,문경시,신기동
동로면-3302,3302,경상북도 문경시 동로면,경상북도,문경시,동로면
공평동-5235,5235,경상북도 문경시 공평동,경상북도,문경시,공평동
유곡동-5241,5241,경상북도 문경시 유곡동,경상북도,문경시,유곡동
윤직동-5242,5242,경상북도 문경시 윤직동,경상북도,문경시,윤직동
불정동-5237,5237,경상북도 문경시 불정동,경상북도,문경시,불정동
창동-5244,5244,경상북도 문경시 창동,경상북도,문경시,창동
우지동-5240,5240,경상북도 문경시 우지동,경상북도,문경시,우지동
진량읍-3312,3312,경상북도 경산시 진량읍,경상북도,경산시,진량읍
하양읍-3311,3311,경상북도 경산시 하양읍,경상북도,경산시,하양읍
압량읍-3317,3317,경상북도 경산시 압량읍,경상북도,경산시,압량읍
사동-5135,5135,경상북도 경산시 사동,경상북도,경산시,사동
중산동-5152,5152,경상북도 경산시 중산동,경상북도,경산시,중산동
중방동-3319,3319,경상북도 경산시 중방동,경상북도,경산시,중방동
정평동-5150,5150,경상북도 경산시 정평동,경상북도,경산시,정평동
조영동-5151,5151,경상북도 경산시 조영동,경상북도,경산시,조영동
옥곡동-5145,5145,경상북도 경산시 옥곡동,경상북도,경산시,옥곡동
백천동-5134,5134,경상북도 경산시 백천동,경상북도,경산시,백천동
옥산동-5146,5146,경상북도 경산시 옥산동,경상북도,경산시,옥산동
임당동-5148,5148,경상북도 경산시 임당동,경상북도,경산시,임당동
서부1동-3322,3322,경상북도 경산시 서부1동,경상북도,경산시,서부1동
서부2동-3323,3323,경상북도 경산시 서부2동,경상북도,경산시,서부2동
동부동-3325,3325,경상북도 경산시 동부동,경상북도,경산시,동부동
계양동-5128,5128,경상북도 경산시 계양동,경상북도,경산시,계양동
자인면-3314,3314,경상북도 경산시 자인면,경상북도,경산시,자인면
삼풍동-5139,5139,경상북도 경산시 삼풍동,경상북도,경산시,삼풍동
대평동-5133,5133,경상북도 경산시 대평동,경상북도,경산시,대평동
북부동-3324,3324,경상북도 경산시 북부동,경상북도,경산시,북부동
중앙동-3320,3320,경상북도 경산시 중앙동,경상북도,경산시,중앙동
와촌면-3313,3313,경상북도 경산시 와촌면,경상북도,경산시,와촌면
대동-5131,5131,경상북도 경산시 대동,경상북도,경산시,대동
삼북동-5138,5138,경상북도 경산시 삼북동,경상북도,경산시,삼북동
남부동-3321,3321,경상북도 경산시 남부동,경상북도,경산시,남부동
사정동-5136,5136,경상북도 경산시 사정동,경상북도,경산시,사정동
상방동-5140,5140,경상북도 경산시 상방동,경상북도,경산시,상방동
남산면-3316,3316,경상북도 경산시 남산면,경상북도,경산시,남산면
남천면-3318,3318,경상북도 경산시 남천면,경상북도,경산시,남천면
서상동-5141,5141,경상북도 경산시 서상동,경상북도,경산시,서상동
용성면-3315,3315,경상북도 경산시 용성면,경상북도,경산시,용성면
평산동-5153,5153,경상북도 경산시 평산동,경상북도,경산시,평산동
갑제동-5127,5127,경상북도 경산시 갑제동,경상북도,경산시,갑제동
삼남동-5137,5137,경상북도 경산시 삼남동,경상북도,경산시,삼남동
유곡동-5147,5147,경상북도 경산시 유곡동,경상북도,경산시,유곡동
점촌동-5149,5149,경상북도 경산시 점촌동,경상북도,경산시,점촌동
신교동-5142,5142,경상북도 경산시 신교동,경상북도,경산시,신교동
신천동-5143,5143,경상북도 경산시 신천동,경상북도,경산시,신천동
대정동-5132,5132,경상북도 경산시 대정동,경상북도,경산시,대정동
여천동-5144,5144,경상북도 경산시 여천동,경상북도,경산시,여천동
남방동-5129,5129,경상북도 경산시 남방동,경상북도,경산시,남방동
내동-5130,5130,경상북도 경산시 내동,경상북도,경산시,내동
내서읍-3504,3504,경상남도 창원시 마산회원구 내서읍,경상남도,창원시 마산회원구,내서읍
상남동-3478,3478,경상남도 창원시 성산구 상남동,경상남도,창원시 성산구,상남동
북면-3468,3468,경상남도 창원시 의창구 북면,경상남도,창원시 의창구,북면
중앙동-3477,3477,경상남도 창원시 성산구 중앙동,경상남도,창원시 성산구,중앙동
반림동-5021,5021,경상남도 창원시 성산구 반림동,경상남도,창원시 성산구,반림동
대방동-5020,5020,경상남도 창원시 성산구 대방동,경상남도,창원시 성산구,대방동
명서동-5044,5044,경상남도 창원시 의창구 명서동,경상남도,창원시 의창구,명서동
양덕동-5009,5009,경상남도 창원시 마산회원구 양덕동,경상남도,창원시 마산회원구,양덕동
팔룡동-3471,3471,경상남도 창원시 의창구 팔룡동,경상남도,창원시 의창구,팔룡동
도계동-5041,5041,경상남도 창원시 의창구 도계동,경상남도,창원시 의창구,도계동
사파동-3479,3479,경상남도 창원시 성산구 사파동,경상남도,창원시 성산구,사파동
남양동-5017,5017,경상남도 창원시 성산구 남양동,경상남도,창원시 성산구,남양동
중동-5059,5059,경상남도 창원시 의창구 중동,경상남도,창원시 의창구,중동
풍호동-3529,3529,경상남도 창원시 진해구 풍호동,경상남도,창원시 진해구,풍호동
용호동-5058,5058,경상남도 창원시 성산구 용호동,경상남도,창원시 성산구,용호동
팔용동-5063,5063,경상남도 창원시 의창구 팔용동,경상남도,창원시 의창구,팔용동
동읍-3467,3467,경상남도 창원시 의창구 동읍,경상남도,창원시 의창구,동읍
성주동-3481,3481,경상남도 창원시 성산구 성주동,경상남도,창원시 성산구,성주동
가음동-5012,5012,경상남도 창원시 성산구 가음동,경상남도,창원시 성산구,가음동
봉곡동-5047,5047,경상남도 창원시 의창구 봉곡동,경상남도,창원시 의창구,봉곡동
양덕2동-3511,3511,경상남도 창원시 마산회원구 양덕2동,경상남도,창원시 마산회원구,양덕2동
사림동-5049,5049,경상남도 창원시 의창구 사림동,경상남도,창원시 의창구,사림동
대원동-5039,5039,경상남도 창원시 성산구 대원동,경상남도,창원시 성산구,대원동
신월동-5056,5056,경상남도 창원시 성산구 신월동,경상남도,창원시 성산구,신월동
석전동-4181,4181,경상남도 창원시 마산회원구 석전동,경상남도,창원시 마산회원구,석전동
반지동-5022,5022,경상남도 창원시 성산구 반지동,경상남도,창원시 성산구,반지동
의창동-3470,3470,경상남도 창원시 의창구 의창동,경상남도,창원시 의창구,의창동
양덕1동-3510,3510,경상남도 창원시 마산회원구 양덕1동,경상남도,창원시 마산회원구,양덕1동
소답동-5055,5055,경상남도 창원시 의창구 소답동,경상남도,창원시 의창구,소답동
합성동-5010,5010,경상남도 창원시 마산회원구 합성동,경상남도,창원시 마산회원구,합성동
안민동-5029,5029,경상남도 창원시 성산구 안민동,경상남도,창원시 성산구,안민동
청안동-5110,5110,경상남도 창원시 진해구 청안동,경상남도,창원시 진해구,청안동
회원1동-3505,3505,경상남도 창원시 마산회원구 회원1동,경상남도,창원시 마산회원구,회원1동
신촌동-5028,5028,경상남도 창원시 성산구 신촌동,경상남도,창원시 성산구,신촌동
서상동-5053,5053,경상남도 창원시 의창구 서상동,경상남도,창원시 의창구,서상동
합성2동-3513,3513,경상남도 창원시 마산회원구 합성2동,경상남도,창원시 마산회원구,합성2동
합성1동-3512,3512,경상남도 창원시 마산회원구 합성1동,경상남도,창원시 마산회원구,합성1동
구암동-5007,5007,경상남도 창원시 마산회원구 구암동,경상남도,창원시 마산회원구,구암동
가음정동-3480,3480,경상남도 창원시 성산구 가음정동,경상남도,창원시 성산구,가음정동
봉림동-3473,3473,경상남도 창원시 의창구 봉림동,경상남도,창원시 의창구,봉림동
대산면-3469,3469,경상남도 창원시 의창구 대산면,경상남도,창원시 의창구,대산면
회원2동-3506,3506,경상남도 창원시 마산회원구 회원2동,경상남도,창원시 마산회원구,회원2동
내동-5019,5019,경상남도 창원시 성산구 내동,경상남도,창원시 성산구,내동
회원동-5011,5011,경상남도 창원시 마산회원구 회원동,경상남도,창원시 마산회원구,회원동
봉암동-3516,3516,경상남도 창원시 마산회원구 봉암동,경상남도,창원시 마산회원구,봉암동
성산동-5027,5027,경상남도 창원시 성산구 성산동,경상남도,창원시 성산구,성산동
남산동-5016,5016,경상남도 창원시 성산구 남산동,경상남도,창원시 성산구,남산동
구암2동-3515,3515,경상남도 창원시 마산회원구 구암2동,경상남도,창원시 마산회원구,구암2동
구암1동-3514,3514,경상남도 창원시 마산회원구 구암1동,경상남도,창원시 마산회원구,구암1동
회성동-3509,3509,경상남도 창원시 마산회원구 회성동,경상남도,창원시 마산회원구,회성동
소계동-5054,5054,경상남도 창원시 의창구 소계동,경상남도,창원시 의창구,소계동
외동-5032,5032,경상남도 창원시 성산구 외동,경상남도,창원시 성산구,외동
반송동-3476,3476,경상남도 창원시 성산구 반송동,경상남도,창원시 성산구,반송동
사파정동-5024,5024,경상남도 창원시 성산구 사파정동,경상남도,창원시 성산구,사파정동
명곡동-3472,3472,경상남도 창원시 의창구 명곡동,경상남도,창원시 의창구,명곡동
동정동-5042,5042,경상남도 창원시 의창구 동정동,경상남도,창원시 의창구,동정동
웅남동-3482,3482,경상남도 창원시 성산구 웅남동,경상남도,창원시 성산구,웅남동
충무동-3520,3520,경상남도 창원시 진해구 충무동,경상남도,창원시 진해구,충무동
용지동-3474,3474,경상남도 창원시 의창구 용지동,경상남도,창원시 의창구,용지동
삼정자동-5025,5025,경상남도 창원시 성산구 삼정자동,경상남도,창원시 성산구,삼정자동
현동-5115,5115,경상남도 창원시 진해구 현동,경상남도,창원시 진해구,현동
두대동-5043,5043,경상남도 창원시 의창구 두대동,경상남도,창원시 의창구,두대동
용동-5057,5057,경상남도 창원시 의창구 용동,경상남도,창원시 의창구,용동
퇴촌동-5062,5062,경상남도 창원시 의창구 퇴촌동,경상남도,창원시 의창구,퇴촌동
태평동-3519,3519,경상남도 창원시 진해구 태평동,경상남도,창원시 진해구,태평동
태백동-3522,3522,경상남도 창원시 진해구 태백동,경상남도,창원시 진해구,태백동
반송동-5046,5046,경상남도 창원시 의창구 반송동,경상남도,창원시 의창구,반송동
양곡동-5030,5030,경상남도 창원시 성산구 양곡동,경상남도,창원시 성산구,양곡동
화천동-5116,5116,경상남도 창원시 진해구 화천동,경상남도,창원시 진해구,화천동
귀곡동-5013,5013,경상남도 창원시 성산구 귀곡동,경상남도,창원시 성산구,귀곡동
북동-5048,5048,경상남도 창원시 의창구 북동,경상남도,창원시 의창구,북동
천선동-5036,5036,경상남도 창원시 성산구 천선동,경상남도,창원시 성산구,천선동
두척동-5008,5008,경상남도 창원시 마산회원구 두척동,경상남도,창원시 마산회원구,두척동
삼동동-5051,5051,경상남도 창원시 의창구 삼동동,경상남도,창원시 의창구,삼동동
충의동-5111,5111,경상남도 창원시 진해구 충의동,경상남도,창원시 진해구,충의동
불모산동-5023,5023,경상남도 창원시 성산구 불모산동,경상남도,창원시 성산구,불모산동
중앙동-3518,3518,경상남도 창원시 진해구 중앙동,경상남도,창원시 진해구,중앙동
토월동-5037,5037,경상남도 창원시 성산구 토월동,경상남도,창원시 성산구,토월동
귀현동-5015,5015,경상남도 창원시 성산구 귀현동,경상남도,창원시 성산구,귀현동
회현동-5117,5117,경상남도 창원시 진해구 회현동,경상남도,창원시 진해구,회현동
죽곡동-5107,5107,경상남도 창원시 진해구 죽곡동,경상남도,창원시 진해구,죽곡동
지귀동-5060,5060,경상남도 창원시 의창구 지귀동,경상남도,창원시 의창구,지귀동
귀산동-5014,5014,경상남도 창원시 성산구 귀산동,경상남도,창원시 성산구,귀산동
반계동-5045,5045,경상남도 창원시 의창구 반계동,경상남도,창원시 의창구,반계동
차용동-5061,5061,경상남도 창원시 의창구 차용동,경상남도,창원시 의창구,차용동
사화동-5050,5050,경상남도 창원시 의창구 사화동,경상남도,창원시 의창구,사화동
행암동-5114,5114,경상남도 창원시 진해구 행암동,경상남도,창원시 진해구,행암동
창선동-5109,5109,경상남도 창원시 진해구 창선동,경상남도,창원시 진해구,창선동
중평동-5108,5108,경상남도 창원시 진해구 중평동,경상남도,창원시 진해구,중평동
월림동-5033,5033,경상남도 창원시 성산구 월림동,경상남도,창원시 성산구,월림동
완암동-5031,5031,경상남도 창원시 성산구 완암동,경상남도,창원시 성산구,완암동
창곡동-5035,5035,경상남도 창원시 성산구 창곡동,경상남도,창원시 성산구,창곡동
평안동-5113,5113,경상남도 창원시 진해구 평안동,경상남도,창원시 진해구,평안동
적현동-5034,5034,경상남도 창원시 성산구 적현동,경상남도,창원시 성산구,적현동
서곡동-5052,5052,경상남도 창원시 의창구 서곡동,경상남도,창원시 의창구,서곡동
상복동-5026,5026,경상남도 창원시 성산구 상복동,경상남도,창원시 성산구,상복동
내리동-5038,5038,경상남도 창원시 의창구 내리동,경상남도,창원시 의창구,내리동
덕정동-5040,5040,경상남도 창원시 의창구 덕정동,경상남도,창원시 의창구,덕정동
통신동-5112,5112,경상남도 창원시 진해구 통신동,경상남도,창원시 진해구,통신동
남지동-5018,5018,경상남도 창원시 성산구 남지동,경상남도,창원시 성산구,남지동
충무공동-3565,3565,경상남도 진주시 충무공동,경상남도,진주시,충무공동
평거동-3560,3560,경상남도 진주시 평거동,경상남도,진주시,평거동
가좌동-4934,4934,경상남도 진주시 가좌동,경상남도,진주시,가좌동
하대동-4187,4187,경상남도 진주시 하대동,경상남도,진주시,하대동
상대동-4183,4183,경상남도 진주시 상대동,경상남도,진주시,상대동
신안동-3561,3561,경상남도 진주시 신안동,경상남도,진주시,신안동
금산면-3544,3544,경상남도 진주시 금산면,경상남도,진주시,금산면
초전동-4953,4953,경상남도 진주시 초전동,경상남도,진주시,초전동
상평동-3558,3558,경상남도 진주시 상평동,경상남도,진주시,상평동
초장동-3559,3559,경상남도 진주시 초장동,경상남도,진주시,초장동
가호동-3564,3564,경상남도 진주시 가호동,경상남도,진주시,가호동
상봉동-3553,3553,경상남도 진주시 상봉동,경상남도,진주시,상봉동
칠암동-4954,4954,경상남도 진주시 칠암동,경상남도,진주시,칠암동
정촌면-3536,3536,경상남도 진주시 정촌면,경상남도,진주시,정촌면
이현동-3562,3562,경상남도 진주시 이현동,경상남도,진주시,이현동
주약동-4951,4951,경상남도 진주시 주약동,경상남도,진주시,주약동
문산읍-3534,3534,경상남도 진주시 문산읍,경상남도,진주시,문산읍
호탄동-4957,4957,경상남도 진주시 호탄동,경상남도,진주시,호탄동
천전동-3550,3550,경상남도 진주시 천전동,경상남도,진주시,천전동
봉곡동-4943,4943,경상남도 진주시 봉곡동,경상남도,진주시,봉곡동
망경동-4941,4941,경상남도 진주시 망경동,경상남도,진주시,망경동
인사동-4948,4948,경상남도 진주시 인사동,경상남도,진주시,인사동
강남동-4935,4935,경상남도 진주시 강남동,경상남도,진주시,강남동
내동면-3535,3535,경상남도 진주시 내동면,경상남도,진주시,내동면
중앙동-3552,3552,경상남도 진주시 중앙동,경상남도,진주시,중앙동
집현면-3545,3545,경상남도 진주시 집현면,경상남도,진주시,집현면
성북동-3551,3551,경상남도 진주시 성북동,경상남도,진주시,성북동
판문동-3563,3563,경상남도 진주시 판문동,경상남도,진주시,판문동
옥봉동-4946,4946,경상남도 진주시 옥봉동,경상남도,진주시,옥봉동
명석면-3547,3547,경상남도 진주시 명석면,경상남도,진주시,명석면
대안동-4939,4939,경상남도 진주시 대안동,경상남도,진주시,대안동
장대동-4949,4949,경상남도 진주시 장대동,경상남도,진주시,장대동
대곡면-3543,3543,경상남도 진주시 대곡면,경상남도,진주시,대곡면
중안동-4952,4952,경상남도 진주시 중안동,경상남도,진주시,중안동
일반성면-3539,3539,경상남도 진주시 일반성면,경상남도,진주시,일반성면
평안동-4955,4955,경상남도 진주시 평안동,경상남도,진주시,평안동
수정동-4945,4945,경상남도 진주시 수정동,경상남도,진주시,수정동
금곡면-3537,3537,경상남도 진주시 금곡면,경상남도,진주시,금곡면
진성면-3538,3538,경상남도 진주시 진성면,경상남도,진주시,진성면
사봉면-3541,3541,경상남도 진주시 사봉면,경상남도,진주시,사봉면
봉래동-4944,4944,경상남도 진주시 봉래동,경상남도,진주시,봉래동
계동-4936,4936,경상남도 진주시 계동,경상남도,진주시,계동
수곡면-3549,3549,경상남도 진주시 수곡면,경상남도,진주시,수곡면
장재동-4950,4950,경상남도 진주시 장재동,경상남도,진주시,장재동
유곡동-4947,4947,경상남도 진주시 유곡동,경상남도,진주시,유곡동
지수면-3542,3542,경상남도 진주시 지수면,경상남도,진주시,지수면
본성동-4942,4942,경상남도 진주시 본성동,경상남도,진주시,본성동
동성동-4940,4940,경상남도 진주시 동성동,경상남도,진주시,동성동
이반성면-3540,3540,경상남도 진주시 이반성면,경상남도,진주시,이반성면
대평면-3548,3548,경상남도 진주시 대평면,경상남도,진주시,대평면
미천면-3546,3546,경상남도 진주시 미천면,경상남도,진주시,미천면
남성동-4938,4938,경상남도 진주시 남성동,경상남도,진주시,남성동
하촌동-4956,4956,경상남도 진주시 하촌동,경상남도,진주시,하촌동
귀곡동-4937,4937,경상남도 진주시 귀곡동,경상남도,진주시,귀곡동
광도면-3570,3570,경상남도 통영시 광도면,경상남도,통영시,광도면
무전동-3581,3581,경상남도 통영시 무전동,경상남도,통영시,무전동
북신동-3578,3578,경상남도 통영시 북신동,경상남도,통영시,북신동
용남면-3568,3568,경상남도 통영시 용남면,경상남도,통영시,용남면
미수동-3579,3579,경상남도 통영시 미수동,경상남도,통영시,미수동
정량동-3577,3577,경상남도 통영시 정량동,경상남도,통영시,정량동
도남동-5119,5119,경상남도 통영시 도남동,경상남도,통영시,도남동
봉평동-3580,3580,경상남도 통영시 봉평동,경상남도,통영시,봉평동
인평동-5123,5123,경상남도 통영시 인평동,경상남도,통영시,인평동
도천동-3574,3574,경상남도 통영시 도천동,경상남도,통영시,도천동
산양읍-3567,3567,경상남도 통영시 산양읍,경상남도,통영시,산양읍
동호동-5120,5120,경상남도 통영시 동호동,경상남도,통영시,동호동
도산면-3569,3569,경상남도 통영시 도산면,경상남도,통영시,도산면
항남동-5126,5126,경상남도 통영시 항남동,경상남도,통영시,항남동
태평동-5124,5124,경상남도 통영시 태평동,경상남도,통영시,태평동
서호동-5122,5122,경상남도 통영시 서호동,경상남도,통영시,서호동
중앙동-3576,3576,경상남도 통영시 중앙동,경상남도,통영시,중앙동
명정동-3575,3575,경상남도 통영시 명정동,경상남도,통영시,명정동
문화동-5121,5121,경상남도 통영시 문화동,경상남도,통영시,문화동
당동-5118,5118,경상남도 통영시 당동,경상남도,통영시,당동
욕지면-3571,3571,경상남도 통영시 욕지면,경상남도,통영시,욕지면
한산면-3572,3572,경상남도 통영시 한산면,경상남도,통영시,한산면
평림동-5125,5125,경상남도 통영시 평림동,경상남도,통영시,평림동
사량면-3573,3573,경상남도 통영시 사량면,경상남도,통영시,사량면
사천읍-3583,3583,경상남도 사천시 사천읍,경상남도,사천시,사천읍
사남면-3585,3585,경상남도 사천시 사남면,경상남도,사천시,사남면
정동면-3584,3584,경상남도 사천시 정동면,경상남도,사천시,정동면
벌리동-4902,4902,경상남도 사천시 벌리동,경상남도,사천시,벌리동
용현면-3586,3586,경상남도 사천시 용현면,경상남도,사천시,용현면
향촌동-3595,3595,경상남도 사천시 향촌동,경상남도,사천시,향촌동
용강동-4911,4911,경상남도 사천시 용강동,경상남도,사천시,용강동
동금동-4897,4897,경상남도 사천시 동금동,경상남도,사천시,동금동
벌룡동-3594,3594,경상남도 사천시 벌룡동,경상남도,사천시,벌룡동
남양동-3596,3596,경상남도 사천시 남양동,경상남도,사천시,남양동
선구동-3592,3592,경상남도 사천시 선구동,경상남도,사천시,선구동
축동면-3587,3587,경상남도 사천시 축동면,경상남도,사천시,축동면
곤양면-3588,3588,경상남도 사천시 곤양면,경상남도,사천시,곤양면
동서금동-3593,3593,경상남도 사천시 동서금동,경상남도,사천시,동서금동
서동-4906,4906,경상남도 사천시 서동,경상남도,사천시,서동
서포면-3590,3590,경상남도 사천시 서포면,경상남도,사천시,서포면
곤명면-3589,3589,경상남도 사천시 곤명면,경상남도,사천시,곤명면
동림동-4899,4899,경상남도 사천시 동림동,경상남도,사천시,동림동
동서동-3591,3591,경상남도 사천시 동서동,경상남도,사천시,동서동
죽림동-4915,4915,경상남도 사천시 죽림동,경상남도,사천시,죽림동
대방동-4895,4895,경상남도 사천시 대방동,경상남도,사천시,대방동
좌룡동-4914,4914,경상남도 사천시 좌룡동,경상남도,사천시,좌룡동
송포동-4907,4907,경상남도 사천시 송포동,경상남도,사천시,송포동
동동-4898,4898,경상남도 사천시 동동,경상남도,사천시,동동
서금동-4905,4905,경상남도 사천시 서금동,경상남도,사천시,서금동
봉남동-4903,4903,경상남도 사천시 봉남동,경상남도,사천시,봉남동
이금동-4912,4912,경상남도 사천시 이금동,경상남도,사천시,이금동
실안동-4909,4909,경상남도 사천시 실안동,경상남도,사천시,실안동
노룡동-4893,4893,경상남도 사천시 노룡동,경상남도,사천시,노룡동
대포동-4896,4896,경상남도 사천시 대포동,경상남도,사천시,대포동
이홀동-4913,4913,경상남도 사천시 이홀동,경상남도,사천시,이홀동
백천동-4901,4901,경상남도 사천시 백천동,경상남도,사천시,백천동
신벽동-4908,4908,경상남도 사천시 신벽동,경상남도,사천시,신벽동
궁지동-4892,4892,경상남도 사천시 궁지동,경상남도,사천시,궁지동
늑도동-4894,4894,경상남도 사천시 늑도동,경상남도,사천시,늑도동
사등동-4904,4904,경상남도 사천시 사등동,경상남도,사천시,사등동
와룡동-4910,4910,경상남도 사천시 와룡동,경상남도,사천시,와룡동
마도동-4900,4900,경상남도 사천시 마도동,경상남도,사천시,마도동
진영읍-3600,3600,경상남도 김해시 진영읍,경상남도,김해시,진영읍
내외동-3610,3610,경상남도 김해시 내외동,경상남도,김해시,내외동
삼계동-4869,4869,경상남도 김해시 삼계동,경상남도,김해시,삼계동
장유1동-3616,3616,경상남도 김해시 장유1동,경상남도,김해시,장유1동
장유3동-3618,3618,경상남도 김해시 장유3동,경상남도,김해시,장유3동
장유2동-3617,3617,경상남도 김해시 장유2동,경상남도,김해시,장유2동
율하동-4880,4880,경상남도 김해시 율하동,경상남도,김해시,율하동
외동-4878,4878,경상남도 김해시 외동,경상남도,김해시,외동
주촌면-3601,3601,경상남도 김해시 주촌면,경상남도,김해시,주촌면
어방동-4877,4877,경상남도 김해시 어방동,경상남도,김해시,어방동
북부동-3611,3611,경상남도 김해시 북부동,경상남도,김해시,북부동
구산동-4860,4860,경상남도 김해시 구산동,경상남도,김해시,구산동
삼방동-4871,4871,경상남도 김해시 삼방동,경상남도,김해시,삼방동
내동-4862,4862,경상남도 김해시 내동,경상남도,김해시,내동
부원동-3609,3609,경상남도 김해시 부원동,경상남도,김해시,부원동
삼안동-3614,3614,경상남도 김해시 삼안동,경상남도,김해시,삼안동
부곡동-4868,4868,경상남도 김해시 부곡동,경상남도,김해시,부곡동
동상동-3607,3607,경상남도 김해시 동상동,경상남도,김해시,동상동
장유동-4883,4883,경상남도 김해시 장유동,경상남도,김해시,장유동
삼정동-4872,4872,경상남도 김해시 삼정동,경상남도,김해시,삼정동
활천동-3613,3613,경상남도 김해시 활천동,경상남도,김해시,활천동
관동동-4859,4859,경상남도 김해시 관동동,경상남도,김해시,관동동
신문동-4875,4875,경상남도 김해시 신문동,경상남도,김해시,신문동
진례면-3602,3602,경상남도 김해시 진례면,경상남도,김해시,진례면
한림면-3603,3603,경상남도 김해시 한림면,경상남도,김해시,한림면
삼문동-4870,4870,경상남도 김해시 삼문동,경상남도,김해시,삼문동
안동-4876,4876,경상남도 김해시 안동,경상남도,김해시,안동
대청동-4864,4864,경상남도 김해시 대청동,경상남도,김해시,대청동
무계동-4866,4866,경상남도 김해시 무계동,경상남도,김해시,무계동
봉황동-4867,4867,경상남도 김해시 봉황동,경상남도,김해시,봉황동
지내동-4885,4885,경상남도 김해시 지내동,경상남도,김해시,지내동
서상동-4873,4873,경상남도 김해시 서상동,경상남도,김해시,서상동
대성동-4863,4863,경상남도 김해시 대성동,경상남도,김해시,대성동
내덕동-4861,4861,경상남도 김해시 내덕동,경상남도,김해시,내덕동
생림면-3604,3604,경상남도 김해시 생림면,경상남도,김해시,생림면
상동면-3605,3605,경상남도 김해시 상동면,경상남도,김해시,상동면
대동면-3606,3606,경상남도 김해시 대동면,경상남도,김해시,대동면
흥동-4888,4888,경상남도 김해시 흥동,경상남도,김해시,흥동
칠산서부동-3612,3612,경상남도 김해시 칠산서부동,경상남도,김해시,칠산서부동
회현동-3608,3608,경상남도 김해시 회현동,경상남도,김해시,회현동
전하동-4884,4884,경상남도 김해시 전하동,경상남도,김해시,전하동
풍유동-4886,4886,경상남도 김해시 풍유동,경상남도,김해시,풍유동
불암동-3615,3615,경상남도 김해시 불암동,경상남도,김해시,불암동
화목동-4887,4887,경상남도 김해시 화목동,경상남도,김해시,화목동
유하동-4879,4879,경상남도 김해시 유하동,경상남도,김해시,유하동
이동-4882,4882,경상남도 김해시 이동,경상남도,김해시,이동
명법동-4865,4865,경상남도 김해시 명법동,경상남도,김해시,명법동
강동-4858,4858,경상남도 김해시 강동,경상남도,김해시,강동
수가동-4874,4874,경상남도 김해시 수가동,경상남도,김해시,수가동
응달동-4881,4881,경상남도 김해시 응달동,경상남도,김해시,응달동
삼문동-3635,3635,경상남도 밀양시 삼문동,경상남도,밀양시,삼문동
내이동-3634,3634,경상남도 밀양시 내이동,경상남도,밀양시,내이동
가곡동-3636,3636,경상남도 밀양시 가곡동,경상남도,밀양시,가곡동
교동-3637,3637,경상남도 밀양시 교동,경상남도,밀양시,교동
하남읍-3623,3623,경상남도 밀양시 하남읍,경상남도,밀양시,하남읍
상남면-3629,3629,경상남도 밀양시 상남면,경상남도,밀양시,상남면
부북면-3624,3624,경상남도 밀양시 부북면,경상남도,밀양시,부북면
삼랑진읍-3621,3621,경상남도 밀양시 삼랑진읍,경상남도,밀양시,삼랑진읍
내일동-3633,3633,경상남도 밀양시 내일동,경상남도,밀양시,내일동
무안면-3631,3631,경상남도 밀양시 무안면,경상남도,밀양시,무안면
단장면-3628,3628,경상남도 밀양시 단장면,경상남도,밀양시,단장면
초동면-3630,3630,경상남도 밀양시 초동면,경상남도,밀양시,초동면
산외면-3626,3626,경상남도 밀양시 산외면,경상남도,밀양시,산외면
상동면-3625,3625,경상남도 밀양시 상동면,경상남도,밀양시,상동면
산내면-3627,3627,경상남도 밀양시 산내면,경상남도,밀양시,산내면
청도면-3632,3632,경상남도 밀양시 청도면,경상남도,밀양시,청도면
용평동-4890,4890,경상남도 밀양시 용평동,경상남도,밀양시,용평동
활성동-4891,4891,경상남도 밀양시 활성동,경상남도,밀양시,활성동
남포동-4889,4889,경상남도 밀양시 남포동,경상남도,밀양시,남포동
고현동-3658,3658,경상남도 거제시 고현동,경상남도,거제시,고현동
장평동-3657,3657,경상남도 거제시 장평동,경상남도,거제시,장평동
아주동-3654,3654,경상남도 거제시 아주동,경상남도,거제시,아주동
상동동-4853,4853,경상남도 거제시 상동동,경상남도,거제시,상동동
옥포동-4857,4857,경상남도 거제시 옥포동,경상남도,거제시,옥포동
옥포2동-3656,3656,경상남도 거제시 옥포2동,경상남도,거제시,옥포2동
수양동-3660,3660,경상남도 거제시 수양동,경상남도,거제시,수양동
상문동-3659,3659,경상남도 거제시 상문동,경상남도,거제시,상문동
사등면-3644,3644,경상남도 거제시 사등면,경상남도,거제시,사등면
연초면-3646,3646,경상남도 거제시 연초면,경상남도,거제시,연초면
옥포1동-3655,3655,경상남도 거제시 옥포1동,경상남도,거제시,옥포1동
능포동-3653,3653,경상남도 거제시 능포동,경상남도,거제시,능포동
일운면-3639,3639,경상남도 거제시 일운면,경상남도,거제시,일운면
양정동-4856,4856,경상남도 거제시 양정동,경상남도,거제시,양정동
수월동-4854,4854,경상남도 거제시 수월동,경상남도,거제시,수월동
거제면-3642,3642,경상남도 거제시 거제면,경상남도,거제시,거제면
장승포동-3651,3651,경상남도 거제시 장승포동,경상남도,거제시,장승포동
문동동-4851,4851,경상남도 거제시 문동동,경상남도,거제시,문동동
아양동-4855,4855,경상남도 거제시 아양동,경상남도,거제시,아양동
하청면-3647,3647,경상남도 거제시 하청면,경상남도,거제시,하청면
장목면-3649,3649,경상남도 거제시 장목면,경상남도,거제시,장목면
동부면-3640,3640,경상남도 거제시 동부면,경상남도,거제시,동부면
둔덕면-3643,3643,경상남도 거제시 둔덕면,경상남도,거제시,둔덕면
두모동-4850,4850,경상남도 거제시 두모동,경상남도,거제시,두모동
덕포동-4849,4849,경상남도 거제시 덕포동,경상남도,거제시,덕포동
남부면-3641,3641,경상남도 거제시 남부면,경상남도,거제시,남부면
삼거동-4852,4852,경상남도 거제시 삼거동,경상남도,거제시,삼거동
물금읍-3662,3662,경상남도 양산시 물금읍,경상남도,양산시,물금읍
동면-3663,3663,경상남도 양산시 동면,경상남도,양산시,동면
평산동-3673,3673,경상남도 양산시 평산동,경상남도,양산시,평산동
덕계동-3674,3674,경상남도 양산시 덕계동,경상남도,양산시,덕계동
서창동-3671,3671,경상남도 양산시 서창동,경상남도,양산시,서창동
남부동-4917,4917,경상남도 양산시 남부동,경상남도,양산시,남부동
중부동-4932,4932,경상남도 양산시 중부동,경상남도,양산시,중부동
북정동-4923,4923,경상남도 양산시 북정동,경상남도,양산시,북정동
양주동-3668,3668,경상남도 양산시 양주동,경상남도,양산시,양주동
삼호동-4925,4925,경상남도 양산시 삼호동,경상남도,양산시,삼호동
상북면-3665,3665,경상남도 양산시 상북면,경상남도,양산시,상북면
소주동-3672,3672,경상남도 양산시 소주동,경상남도,양산시,소주동
신기동-4926,4926,경상남도 양산시 신기동,경상남도,양산시,신기동
삼성동-3669,3669,경상남도 양산시 삼성동,경상남도,양산시,삼성동
명동-4921,4921,경상남도 양산시 명동,경상남도,양산시,명동
중앙동-3667,3667,경상남도 양산시 중앙동,경상남도,양산시,중앙동
북부동-4922,4922,경상남도 양산시 북부동,경상남도,양산시,북부동
하북면-3666,3666,경상남도 양산시 하북면,경상남도,양산시,하북면
주진동-4931,4931,경상남도 양산시 주진동,경상남도,양산시,주진동
교동-4916,4916,경상남도 양산시 교동,경상남도,양산시,교동
어곡동-4927,4927,경상남도 양산시 어곡동,경상남도,양산시,어곡동
주남동-4930,4930,경상남도 양산시 주남동,경상남도,양산시,주남동
강서동-3670,3670,경상남도 양산시 강서동,경상남도,양산시,강서동
다방동-4918,4918,경상남도 양산시 다방동,경상남도,양산시,다방동
원동면-3664,3664,경상남도 양산시 원동면,경상남도,양산시,원동면
산막동-4924,4924,경상남도 양산시 산막동,경상남도,양산시,산막동
유산동-4929,4929,경상남도 양산시 유산동,경상남도,양산시,유산동
용당동-4928,4928,경상남도 양산시 용당동,경상남도,양산시,용당동
매곡동-4919,4919,경상남도 양산시 매곡동,경상남도,양산시,매곡동
명곡동-4920,4920,경상남도 양산시 명곡동,경상남도,양산시,명곡동
호계동-4933,4933,경상남도 양산시 호계동,경상남도,양산시,호계동
의성읍-3336,3336,경상북도 의성군 의성읍,경상북도,의성군,의성읍
안계면-3349,3349,경상북도 의성군 안계면,경상북도,의성군,안계면
봉양면-3344,3344,경상북도 의성군 봉양면,경상북도,의성군,봉양면
금성면-3343,3343,경상북도 의성군 금성면,경상북도,의성군,금성면
다인면-3350,3350,경상북도 의성군 다인면,경상북도,의성군,다인면
단촌면-3337,3337,경상북도 의성군 단촌면,경상북도,의성군,단촌면
비안면-3345,3345,경상북도 의성군 비안면,경상북도,의성군,비안면
옥산면-3339,3339,경상북도 의성군 옥산면,경상북도,의성군,옥산면
안평면-3352,3352,경상북도 의성군 안평면,경상북도,의성군,안평면
단밀면-3347,3347,경상북도 의성군 단밀면,경상북도,의성군,단밀면
사곡면-3340,3340,경상북도 의성군 사곡면,경상북도,의성군,사곡면
단북면-3348,3348,경상북도 의성군 단북면,경상북도,의성군,단북면
점곡면-3338,3338,경상북도 의성군 점곡면,경상북도,의성군,점곡면
구천면-3346,3346,경상북도 의성군 구천면,경상북도,의성군,구천면
춘산면-3341,3341,경상북도 의성군 춘산면,경상북도,의성군,춘산면
가음면-3342,3342,경상북도 의성군 가음면,경상북도,의성군,가음면
안사면-3353,3353,경상북도 의성군 안사면,경상북도,의성군,안사면
신평면-3351,3351,경상북도 의성군 신평면,경상북도,의성군,신평면
진보면-3362,3362,경상북도 청송군 진보면,경상북도,청송군,진보면
청송읍-3355,3355,경상북도 청송군 청송읍,경상북도,청송군,청송읍
부남면-3357,3357,경상북도 청송군 부남면,경상북도,청송군,부남면
안덕면-3360,3360,경상북도 청송군 안덕면,경상북도,청송군,안덕면
현서면-3359,3359,경상북도 청송군 현서면,경상북도,청송군,현서면
현동면-3358,3358,경상북도 청송군 현동면,경상북도,청송군,현동면
주왕산면-3356,3356,경상북도 청송군 주왕산면,경상북도,청송군,주왕산면
파천면-3361,3361,경상북도 청송군 파천면,경상북도,청송군,파천면
영양읍-3364,3364,경상북도 영양군 영양읍,경상북도,영양군,영양읍
입암면-3365,3365,경상북도 영양군 입암면,경상북도,영양군,입암면
석보면-3369,3369,경상북도 영양군 석보면,경상북도,영양군,석보면
일월면-3367,3367,경상북도 영양군 일월면,경상북도,영양군,일월면
청기면-3366,3366,경상북도 영양군 청기면,경상북도,영양군,청기면
수비면-3368,3368,경상북도 영양군 수비면,경상북도,영양군,수비면
영덕읍-3371,3371,경상북도 영덕군 영덕읍,경상북도,영덕군,영덕읍
영해면-3379,3379,경상북도 영덕군 영해면,경상북도,영덕군,영해면
강구면-3372,3372,경상북도 영덕군 강구면,경상북도,영덕군,강구면
병곡면-3380,3380,경상북도 영덕군 병곡면,경상북도,영덕군,병곡면
남정면-3373,3373,경상북도 영덕군 남정면,경상북도,영덕군,남정면
축산면-3377,3377,경상북도 영덕군 축산면,경상북도,영덕군,축산면
창수면-3381,3381,경상북도 영덕군 창수면,경상북도,영덕군,창수면
지품면-3375,3375,경상북도 영덕군 지품면,경상북도,영덕군,지품면
달산면-3374,3374,경상북도 영덕군 달산면,경상북도,영덕군,달산면
청도읍-3385,3385,경상북도 청도군 청도읍,경상북도,청도군,청도읍
화양읍-3383,3383,경상북도 청도군 화양읍,경상북도,청도군,화양읍
이서면-3390,3390,경상북도 청도군 이서면,경상북도,청도군,이서면
풍각면-3388,3388,경상북도 청도군 풍각면,경상북도,청도군,풍각면
매전면-3393,3393,경상북도 청도군 매전면,경상북도,청도군,매전면
금천면-3392,3392,경상북도 청도군 금천면,경상북도,청도군,금천면
각북면-3389,3389,경상북도 청도군 각북면,경상북도,청도군,각북면
각남면-3387,3387,경상북도 청도군 각남면,경상북도,청도군,각남면
운문면-3391,3391,경상북도 청도군 운문면,경상북도,청도군,운문면
다산면-3399,3399,경상북도 고령군 다산면,경상북도,고령군,다산면
대가야읍-3395,3395,경상북도 고령군 대가야읍,경상북도,고령군,대가야읍
성산면-3398,3398,경상북도 고령군 성산면,경상북도,고령군,성산면
쌍림면-3402,3402,경상북도 고령군 쌍림면,경상북도,고령군,쌍림면
개진면-3400,3400,경상북도 고령군 개진면,경상북도,고령군,개진면
운수면-3397,3397,경상북도 고령군 운수면,경상북도,고령군,운수면
덕곡면-3396,3396,경상북도 고령군 덕곡면,경상북도,고령군,덕곡면
우곡면-3401,3401,경상북도 고령군 우곡면,경상북도,고령군,우곡면
성주읍-3404,3404,경상북도 성주군 성주읍,경상북도,성주군,성주읍
선남면-3405,3405,경상북도 성주군 선남면,경상북도,성주군,선남면
초전면-3412,3412,경상북도 성주군 초전면,경상북도,성주군,초전면
월항면-3413,3413,경상북도 성주군 월항면,경상북도,성주군,월항면
용암면-3406,3406,경상북도 성주군 용암면,경상북도,성주군,용암면
벽진면-3411,3411,경상북도 성주군 벽진면,경상북도,성주군,벽진면
수륜면-3407,3407,경상북도 성주군 수륜면,경상북도,성주군,수륜면
대가면-3410,3410,경상북도 성주군 대가면,경상북도,성주군,대가면
가천면-3408,3408,경상북도 성주군 가천면,경상북도,성주군,가천면
금수면-3409,3409,경상북도 성주군 금수면,경상북도,성주군,금수면
석적읍-3417,3417,경상북도 칠곡군 석적읍,경상북도,칠곡군,석적읍
왜관읍-3415,3415,경상북도 칠곡군 왜관읍,경상북도,칠곡군,왜관읍
북삼읍-3416,3416,경상북도 칠곡군 북삼읍,경상북도,칠곡군,북삼읍
약목면-3421,3421,경상북도 칠곡군 약목면,경상북도,칠곡군,약목면
동명면-3419,3419,경상북도 칠곡군 동명면,경상북도,칠곡군,동명면
지천면-3418,3418,경상북도 칠곡군 지천면,경상북도,칠곡군,지천면
가산면-3420,3420,경상북도 칠곡군 가산면,경상북도,칠곡군,가산면
기산면-3422,3422,경상북도 칠곡군 기산면,경상북도,칠곡군,기산면
호명읍-3430,3430,경상북도 예천군 호명읍,경상북도,예천군,호명읍
예천읍-3424,3424,경상북도 예천군 예천읍,경상북도,예천군,예천읍
풍양면-3435,3435,경상북도 예천군 풍양면,경상북도,예천군,풍양면
용궁면-3432,3432,경상북도 예천군 용궁면,경상북도,예천군,용궁면
유천면-3431,3431,경상북도 예천군 유천면,경상북도,예천군,유천면
지보면-3434,3434,경상북도 예천군 지보면,경상북도,예천군,지보면
감천면-3428,3428,경상북도 예천군 감천면,경상북도,예천군,감천면
용문면-3425,3425,경상북도 예천군 용문면,경상북도,예천군,용문면
개포면-3433,3433,경상북도 예천군 개포면,경상북도,예천군,개포면
보문면-3429,3429,경상북도 예천군 보문면,경상북도,예천군,보문면
은풍면-3968,3968,경상북도 예천군 은풍면,경상북도,예천군,은풍면
효자면-4182,4182,경상북도 예천군 효자면,경상북도,예천군,효자면
봉화읍-3437,3437,경상북도 봉화군 봉화읍,경상북도,봉화군,봉화읍
춘양면-3441,3441,경상북도 봉화군 춘양면,경상북도,봉화군,춘양면
물야면-3438,3438,경상북도 봉화군 물야면,경상북도,봉화군,물야면
석포면-3446,3446,경상북도 봉화군 석포면,경상북도,봉화군,석포면
봉성면-3439,3439,경상북도 봉화군 봉성면,경상북도,봉화군,봉성면
소천면-3442,3442,경상북도 봉화군 소천면,경상북도,봉화군,소천면
명호면-3444,3444,경상북도 봉화군 명호면,경상북도,봉화군,명호면
법전면-3440,3440,경상북도 봉화군 법전면,경상북도,봉화군,법전면
재산면-3443,3443,경상북도 봉화군 재산면,경상북도,봉화군,재산면
상운면-3445,3445,경상북도 봉화군 상운면,경상북도,봉화군,상운면
울진읍-3448,3448,경상북도 울진군 울진읍,경상북도,울진군,울진읍
북면-3450,3450,경상북도 울진군 북면,경상북도,울진군,북면
죽변면-3455,3455,경상북도 울진군 죽변면,경상북도,울진군,죽변면
후포면-3456,3456,경상북도 울진군 후포면,경상북도,울진군,후포면
근남면-3452,3452,경상북도 울진군 근남면,경상북도,울진군,근남면
평해읍-3449,3449,경상북도 울진군 평해읍,경상북도,울진군,평해읍
기성면-3453,3453,경상북도 울진군 기성면,경상북도,울진군,기성면
매화면-3458,3458,경상북도 울진군 매화면,경상북도,울진군,매화면
금강송면-3457,3457,경상북도 울진군 금강송면,경상북도,울진군,금강송면
온정면-3454,3454,경상북도 울진군 온정면,경상북도,울진군,온정면
울릉읍-3460,3460,경상북도 울릉군 울릉읍,경상북도,울릉군,울릉읍
서면-3461,3461,경상북도 울릉군 서면,경상북도,울릉군,서면
북면-3463,3463,경상북도 울릉군 북면,경상북도,울릉군,북면
의령읍-3677,3677,경상남도 의령군 의령읍,경상남도,의령군,의령읍
부림면-3686,3686,경상남도 의령군 부림면,경상남도,의령군,부림면
가례면-3678,3678,경상남도 의령군 가례면,경상남도,의령군,가례면
지정면-3684,3684,경상남도 의령군 지정면,경상남도,의령군,지정면
정곡면-3683,3683,경상남도 의령군 정곡면,경상남도,의령군,정곡면
칠곡면-3679,3679,경상남도 의령군 칠곡면,경상남도,의령군,칠곡면
용덕면-3682,3682,경상남도 의령군 용덕면,경상남도,의령군,용덕면
화정면-3681,3681,경상남도 의령군 화정면,경상남도,의령군,화정면
유곡면-3689,3689,경상남도 의령군 유곡면,경상남도,의령군,유곡면
봉수면-3687,3687,경상남도 의령군 봉수면,경상남도,의령군,봉수면
대의면-3680,3680,경상남도 의령군 대의면,경상남도,의령군,대의면
궁류면-3688,3688,경상남도 의령군 궁류면,경상남도,의령군,궁류면
낙서면-3685,3685,경상남도 의령군 낙서면,경상남도,의령군,낙서면
칠원읍-3692,3692,경상남도 함안군 칠원읍,경상남도,함안군,칠원읍
가야읍-3691,3691,경상남도 함안군 가야읍,경상남도,함안군,가야읍
군북면-3694,3694,경상남도 함안군 군북면,경상남도,함안군,군북면
칠서면-3697,3697,경상남도 함안군 칠서면,경상남도,함안군,칠서면
법수면-3695,3695,경상남도 함안군 법수면,경상남도,함안군,법수면
산인면-3699,3699,경상남도 함안군 산인면,경상남도,함안군,산인면
대산면-3696,3696,경상남도 함안군 대산면,경상남도,함안군,대산면
함안면-3693,3693,경상남도 함안군 함안면,경상남도,함안군,함안면
칠북면-3698,3698,경상남도 함안군 칠북면,경상남도,함안군,칠북면
여항면-3700,3700,경상남도 함안군 여항면,경상남도,함안군,여항면
창녕읍-3702,3702,경상남도 창녕군 창녕읍,경상남도,창녕군,창녕읍
남지읍-3703,3703,경상남도 창녕군 남지읍,경상남도,창녕군,남지읍
영산면-3711,3711,경상남도 창녕군 영산면,경상남도,창녕군,영산면
대합면-3706,3706,경상남도 창녕군 대합면,경상남도,창녕군,대합면
부곡면-3715,3715,경상남도 창녕군 부곡면,경상남도,창녕군,부곡면
도천면-3713,3713,경상남도 창녕군 도천면,경상남도,창녕군,도천면
대지면-3709,3709,경상남도 창녕군 대지면,경상남도,창녕군,대지면
계성면-3710,3710,경상남도 창녕군 계성면,경상남도,창녕군,계성면
이방면-3707,3707,경상남도 창녕군 이방면,경상남도,창녕군,이방면
장마면-3712,3712,경상남도 창녕군 장마면,경상남도,창녕군,장마면
고암면-3704,3704,경상남도 창녕군 고암면,경상남도,창녕군,고암면
성산면-3705,3705,경상남도 창녕군 성산면,경상남도,창녕군,성산면
길곡면-3714,3714,경상남도 창녕군 길곡면,경상남도,창녕군,길곡면
유어면-3708,3708,경상남도 창녕군 유어면,경상남도,창녕군,유어면
남해읍-3732,3732,경상남도 남해군 남해읍,경상남도,남해군,남해읍
창선면-3741,3741,경상남도 남해군 창선면,경상남도,남해군,창선면
삼동면-3735,3735,경상남도 남해군 삼동면,경상남도,남해군,삼동면
이동면-3733,3733,경상남도 남해군 이동면,경상남도,남해군,이동면
남면-3737,3737,경상남도 남해군 남면,경상남도,남해군,남면
고현면-3739,3739,경상남도 남해군 고현면,경상남도,남해군,고현면
미조면-3736,3736,경상남도 남해군 미조면,경상남도,남해군,미조면
설천면-3740,3740,경상남도 남해군 설천면,경상남도,남해군,설천면
서면-3738,3738,경상남도 남해군 서면,경상남도,남해군,서면
상주면-3734,3734,경상남도 남해군 상주면,경상남도,남해군,상주면
하동읍-3743,3743,경상남도 하동군 하동읍,경상남도,하동군,하동읍
진교면-3750,3750,경상남도 하동군 진교면,경상남도,하동군,진교면
옥종면-3754,3754,경상남도 하동군 옥종면,경상남도,하동군,옥종면
악양면-3745,3745,경상남도 하동군 악양면,경상남도,하동군,악양면
화개면-3744,3744,경상남도 하동군 화개면,경상남도,하동군,화개면
금성면-3755,3755,경상남도 하동군 금성면,경상남도,하동군,금성면
금남면-3749,3749,경상남도 하동군 금남면,경상남도,하동군,금남면
적량면-3746,3746,경상남도 하동군 적량면,경상남도,하동군,적량면
고전면-3748,3748,경상남도 하동군 고전면,경상남도,하동군,고전면
횡천면-3747,3747,경상남도 하동군 횡천면,경상남도,하동군,횡천면
북천면-3752,3752,경상남도 하동군 북천면,경상남도,하동군,북천면
양보면-3751,3751,경상남도 하동군 양보면,경상남도,하동군,양보면
청암면-3753,3753,경상남도 하동군 청암면,경상남도,하동군,청암면
산청읍-3757,3757,경상남도 산청군 산청읍,경상남도,산청군,산청읍
신안면-3765,3765,경상남도 산청군 신안면,경상남도,산청군,신안면
단성면-3764,3764,경상남도 산청군 단성면,경상남도,산청군,단성면
시천면-3763,3763,경상남도 산청군 시천면,경상남도,산청군,시천면
금서면-3761,3761,경상남도 산청군 금서면,경상남도,산청군,금서면
삼장면-3762,3762,경상남도 산청군 삼장면,경상남도,산청군,삼장면
신등면-3767,3767,경상남도 산청군 신등면,경상남도,산청군,신등면
생초면-3760,3760,경상남도 산청군 생초면,경상남도,산청군,생초면
차황면-3758,3758,경상남도 산청군 차황면,경상남도,산청군,차황면
생비량면-3766,3766,경상남도 산청군 생비량면,경상남도,산청군,생비량면
오부면-3759,3759,경상남도 산청군 오부면,경상남도,산청군,오부면
함양읍-3769,3769,경상남도 함양군 함양읍,경상남도,함양군,함양읍
안의면-3775,3775,경상남도 함양군 안의면,경상남도,함양군,안의면
수동면-3773,3773,경상남도 함양군 수동면,경상남도,함양군,수동면
지곡면-3774,3774,경상남도 함양군 지곡면,경상남도,함양군,지곡면
서상면-3777,3777,경상남도 함양군 서상면,경상남도,함양군,서상면
마천면-3770,3770,경상남도 함양군 마천면,경상남도,함양군,마천면
유림면-3772,3772,경상남도 함양군 유림면,경상남도,함양군,유림면
휴천면-3771,3771,경상남도 함양군 휴천면,경상남도,함양군,휴천면
백전면-3778,3778,경상남도 함양군 백전면,경상남도,함양군,백전면
서하면-3776,3776,경상남도 함양군 서하면,경상남도,함양군,서하면
병곡면-3779,3779,경상남도 함양군 병곡면,경상남도,함양군,병곡면
거창읍-3781,3781,경상남도 거창군 거창읍,경상남도,거창군,거창읍
가조면-3791,3791,경상남도 거창군 가조면,경상남도,거창군,가조면
북상면-3785,3785,경상남도 거창군 북상면,경상남도,거창군,북상면
남상면-3788,3788,경상남도 거창군 남상면,경상남도,거창군,남상면
마리면-3787,3787,경상남도 거창군 마리면,경상남도,거창군,마리면
위천면-3786,3786,경상남도 거창군 위천면,경상남도,거창군,위천면
웅양면-3783,3783,경상남도 거창군 웅양면,경상남도,거창군,웅양면
주상면-3782,3782,경상남도 거창군 주상면,경상남도,거창군,주상면
신원면-3790,3790,경상남도 거창군 신원면,경상남도,거창군,신원면
남하면-3789,3789,경상남도 거창군 남하면,경상남도,거창군,남하면
고제면-3784,3784,경상남도 거창군 고제면,경상남도,거창군,고제면
가북면-3792,3792,경상남도 거창군 가북면,경상남도,거창군,가북면
합천읍-3794,3794,경상남도 합천군 합천읍,경상남도,합천군,합천읍
가야면-3797,3797,경상남도 합천군 가야면,경상남도,합천군,가야면
삼가면-3807,3807,경상남도 합천군 삼가면,경상남도,합천군,삼가면
초계면-3800,3800,경상남도 합천군 초계면,경상남도,합천군,초계면
야로면-3798,3798,경상남도 합천군 야로면,경상남도,합천군,야로면
대양면-3805,3805,경상남도 합천군 대양면,경상남도,합천군,대양면
율곡면-3799,3799,경상남도 합천군 율곡면,경상남도,합천군,율곡면
용주면-3810,3810,경상남도 합천군 용주면,경상남도,합천군,용주면
청덕면-3803,3803,경상남도 합천군 청덕면,경상남도,합천군,청덕면
대병면-3809,3809,경상남도 합천군 대병면,경상남도,합천군,대병면
가회면-3808,3808,경상남도 합천군 가회면,경상남도,합천군,가회면
봉산면-3795,3795,경상남도 합천군 봉산면,경상남도,합천군,봉산면
묘산면-3796,3796,경상남도 합천군 묘산면,경상남도,합천군,묘산면
적중면-3804,3804,경상남도 합천군 적중면,경상남도,합천군,적중면
쌍백면-3806,3806,경상남도 합천군 쌍백면,경상남도,합천군,쌍백면
쌍책면-3801,3801,경상남도 합천군 쌍책면,경상남도,합천군,쌍책면
덕곡면-3802,3802,경상남도 합천군 덕곡면,경상남도,합천군,덕곡면
노형동-3835,3835,제주특별자치도 제주시 노형동,제주특별자치도,제주시,노형동
연동-3834,3834,제주특별자치도 제주시 연동,제주특별자치도,제주시,연동
이도2동-3823,3823,제주특별자치도 제주시 이도2동,제주특별자치도,제주시,이도2동
애월읍-3814,3814,제주특별자치도 제주시 애월읍,제주특별자치도,제주시,애월읍
일도2동-3821,3821,제주특별자치도 제주시 일도2동,제주특별자치도,제주시,일도2동
아라동-3832,3832,제주특별자치도 제주시 아라동,제주특별자치도,제주시,아라동
조천읍-3816,3816,제주특별자치도 제주시 조천읍,제주특별자치도,제주시,조천읍
한림읍-3813,3813,제주특별자치도 제주시 한림읍,제주특별자치도,제주시,한림읍
삼도1동-3824,3824,제주특별자치도 제주시 삼도1동,제주특별자치도,제주시,삼도1동
용담2동-3827,3827,제주특별자치도 제주시 용담2동,제주특별자치도,제주시,용담2동
구좌읍-3815,3815,제주특별자치도 제주시 구좌읍,제주특별자치도,제주시,구좌읍
도남동-6984,6984,제주특별자치도 제주시 도남동,제주특별자치도,제주시,도남동
이도1동-3822,3822,제주특별자치도 제주시 이도1동,제주특별자치도,제주시,이도1동
외도동-3836,3836,제주특별자치도 제주시 외도동,제주특별자치도,제주시,외도동
화북동-3829,3829,제주특별자치도 제주시 화북동,제주특별자치도,제주시,화북동
삼도2동-3825,3825,제주특별자치도 제주시 삼도2동,제주특별자치도,제주시,삼도2동
화북일동-7017,7017,제주특별자치도 제주시 화북일동,제주특별자치도,제주시,화북일동
삼양동-3830,3830,제주특별자치도 제주시 삼양동,제주특별자치도,제주시,삼양동
건입동-3828,3828,제주특별자치도 제주시 건입동,제주특별자치도,제주시,건입동
오라동-3833,3833,제주특별자치도 제주시 오라동,제주특별자치도,제주시,오라동
한경면-3817,3817,제주특별자치도 제주시 한경면,제주특별자치도,제주시,한경면
외도일동-7003,7003,제주특별자치도 제주시 외도일동,제주특별자치도,제주시,외도일동
도련일동-6988,6988,제주특별자치도 제주시 도련일동,제주특별자치도,제주시,도련일동
용담1동-3826,3826,제주특별자치도 제주시 용담1동,제주특별자치도,제주시,용담1동
삼양이동-6993,6993,제주특별자치도 제주시 삼양이동,제주특별자치도,제주시,삼양이동
삼양일동-6994,6994,제주특별자치도 제주시 삼양일동,제주특별자치도,제주시,삼양일동
아라일동-6996,6996,제주특별자치도 제주시 아라일동,제주특별자치도,제주시,아라일동
아라이동-6995,6995,제주특별자치도 제주시 아라이동,제주특별자치도,제주시,아라이동
봉개동-3831,3831,제주특별자치도 제주시 봉개동,제주특별자치도,제주시,봉개동
오라삼동-6999,6999,제주특별자치도 제주시 오라삼동,제주특별자치도,제주시,오라삼동
일도1동-3820,3820,제주특별자치도 제주시 일도1동,제주특별자치도,제주시,일도1동
화북이동-7016,7016,제주특별자치도 제주시 화북이동,제주특별자치도,제주시,화북이동
오라이동-7000,7000,제주특별자치도 제주시 오라이동,제주특별자치도,제주시,오라이동
영평동-6997,6997,제주특별자치도 제주시 영평동,제주특별자치도,제주시,영평동
오라일동-7001,7001,제주특별자치도 제주시 오라일동,제주특별자치도,제주시,오라일동
도두동-3838,3838,제주특별자치도 제주시 도두동,제주특별자치도,제주시,도두동
해안동-7015,7015,제주특별자치도 제주시 해안동,제주특별자치도,제주시,해안동
이호이동-7011,7011,제주특별자치도 제주시 이호이동,제주특별자치도,제주시,이호이동
월평동-7008,7008,제주특별자치도 제주시 월평동,제주특별자치도,제주시,월평동
도평동-6989,6989,제주특별자치도 제주시 도평동,제주특별자치도,제주시,도평동
도련이동-6987,6987,제주특별자치도 제주시 도련이동,제주특별자치도,제주시,도련이동
도두이동-6985,6985,제주특별자치도 제주시 도두이동,제주특별자치도,제주시,도두이동
이호동-3837,3837,제주특별자치도 제주시 이호동,제주특별자치도,제주시,이호동
오등동-6998,6998,제주특별자치도 제주시 오등동,제주특별자치도,제주시,오등동
내도동-6983,6983,제주특별자치도 제주시 내도동,제주특별자치도,제주시,내도동
도두일동-6986,6986,제주특별자치도 제주시 도두일동,제주특별자치도,제주시,도두일동
용담삼동-7005,7005,제주특별자치도 제주시 용담삼동,제주특별자치도,제주시,용담삼동
우도면-3819,3819,제주특별자치도 제주시 우도면,제주특별자치도,제주시,우도면
이호일동-7012,7012,제주특별자치도 제주시 이호일동,제주특별자치도,제주시,이호일동
회천동-7018,7018,제주특별자치도 제주시 회천동,제주특별자치도,제주시,회천동
삼양삼동-6992,6992,제주특별자치도 제주시 삼양삼동,제주특별자치도,제주시,삼양삼동
외도이동-7002,7002,제주특별자치도 제주시 외도이동,제주특별자치도,제주시,외도이동
추자면-3818,3818,제주특별자치도 제주시 추자면,제주특별자치도,제주시,추자면
용강동-7004,7004,제주특별자치도 제주시 용강동,제주특별자치도,제주시,용강동
대정읍-3840,3840,제주특별자치도 서귀포시 대정읍,제주특별자치도,서귀포시,대정읍
동홍동-3851,3851,제주특별자치도 서귀포시 동홍동,제주특별자치도,서귀포시,동홍동
남원읍-3841,3841,제주특별자치도 서귀포시 남원읍,제주특별자치도,서귀포시,남원읍
성산읍-3842,3842,제주특별자치도 서귀포시 성산읍,제주특별자치도,서귀포시,성산읍
안덕면-3843,3843,제주특별자치도 서귀포시 안덕면,제주특별자치도,서귀포시,안덕면
표선면-3844,3844,제주특별자치도 서귀포시 표선면,제주특별자치도,서귀포시,표선면
중문동-3855,3855,제주특별자치도 서귀포시 중문동,제주특별자치도,서귀포시,중문동
서홍동-3852,3852,제주특별자치도 서귀포시 서홍동,제주특별자치도,서귀포시,서홍동
강정동-6964,6964,제주특별자치도 서귀포시 강정동,제주특별자치도,서귀포시,강정동
대륜동-3853,3853,제주특별자치도 서귀포시 대륜동,제주특별자치도,서귀포시,대륜동
서귀동-6972,6972,제주특별자치도 서귀포시 서귀동,제주특별자치도,서귀포시,서귀동
법환동-6967,6967,제주특별자치도 서귀포시 법환동,제주특별자치도,서귀포시,법환동
중앙동-3847,3847,제주특별자치도 서귀포시 중앙동,제주특별자치도,서귀포시,중앙동
서호동-6973,6973,제주특별자치도 서귀포시 서호동,제주특별자치도,서귀포시,서호동
천지동-3848,3848,제주특별자치도 서귀포시 천지동,제주특별자치도,서귀포시,천지동
대천동-3854,3854,제주특별자치도 서귀포시 대천동,제주특별자치도,서귀포시,대천동
토평동-6977,6977,제주특별자치도 서귀포시 토평동,제주특별자치도,서귀포시,토평동
효돈동-3849,3849,제주특별자치도 서귀포시 효돈동,제주특별자치도,서귀포시,효돈동
송산동-3845,3845,제주특별자치도 서귀포시 송산동,제주특별자치도,서귀포시,송산동
호근동-6981,6981,제주특별자치도 서귀포시 호근동,제주특별자치도,서귀포시,호근동
예래동-3856,3856,제주특별자치도 서귀포시 예래동,제주특별자치도,서귀포시,예래동
영천동-3850,3850,제주특별자치도 서귀포시 영천동,제주특별자치도,서귀포시,영천동
대포동-6965,6965,제주특별자치도 서귀포시 대포동,제주특별자치도,서귀포시,대포동
색달동-6971,6971,제주특별자치도 서귀포시 색달동,제주특별자치도,서귀포시,색달동
정방동-3846,3846,제주특별자치도 서귀포시 정방동,제주특별자치도,서귀포시,정방동
보목동-6968,6968,제주특별자치도 서귀포시 보목동,제주특별자치도,서귀포시,보목동
신효동-6974,6974,제주특별자치도 서귀포시 신효동,제주특별자치도,서귀포시,신효동
하원동-6979,6979,제주특별자치도 서귀포시 하원동,제주특별자치도,서귀포시,하원동
하효동-6980,6980,제주특별자치도 서귀포시 하효동,제주특별자치도,서귀포시,하효동
상예동-6969,6969,제주특별자치도 서귀포시 상예동,제주특별자치도,서귀포시,상예동
상효동-6970,6970,제주특별자치도 서귀포시 상효동,제주특별자치도,서귀포시,상효동
하예동-6978,6978,제주특별자치도 서귀포시 하예동,제주특별자치도,서귀포시,하예동
회수동-6982,6982,제주특별자치도 서귀포시 회수동,제주특별자치도,서귀포시,회수동
도순동-6966,6966,제주특별자치도 서귀포시 도순동,제주특별자치도,서귀포시,도순동
월평동-6976,6976,제주특별자치도 서귀포시 월평동,제주특별자치도,서귀포시,월평동
영남동-6975,6975,제주특별자치도 서귀포시 영남동,제주특별자치도,서귀포시,영남동
